accept	0
accept$alg	1
accept$auto	2
accept$ax25	3
accept$inet	4
accept$inet6	5
accept$netrom	6
accept$nfc_llcp	7
accept$packet	8
accept$phonet_pipe	9
accept$unix	10
accept4	11
accept4$alg	12
accept4$auto	13
accept4$ax25	14
accept4$bt_l2cap	15
accept4$inet	16
accept4$inet6	17
accept4$llc	18
accept4$netrom	19
accept4$nfc_llcp	20
accept4$packet	21
accept4$phonet_pipe	22
accept4$rose	23
accept4$tipc	24
accept4$unix	25
accept4$vsock_stream	26
accept4$x25	27
access$auto	28
acct	29
acct$auto	30
add_key	31
add_key$auto	32
add_key$auto_KEY_SPEC_GROUP_KEYRING	33
add_key$auto_KEY_SPEC_PROCESS_KEYRING	34
add_key$auto_KEY_SPEC_REQKEY_AUTH_KEY	35
add_key$auto_KEY_SPEC_REQUESTOR_KEYRING	36
add_key$auto_KEY_SPEC_SESSION_KEYRING	37
add_key$auto_KEY_SPEC_THREAD_KEYRING	38
add_key$auto_KEY_SPEC_USER_KEYRING	39
add_key$auto_KEY_SPEC_USER_SESSION_KEYRING	40
add_key$fscrypt_provisioning	41
add_key$fscrypt_v1	42
add_key$keyring	43
add_key$user	44
adjtimex$auto	45
alarm	46
alarm$auto	47
arch_prctl$ARCH_ENABLE_TAGGED_ADDR	48
arch_prctl$ARCH_FORCE_TAGGED_SVA	49
arch_prctl$ARCH_GET_CPUID	50
arch_prctl$ARCH_GET_FS	51
arch_prctl$ARCH_GET_GS	52
arch_prctl$ARCH_GET_MAX_TAG_BITS	53
arch_prctl$ARCH_GET_UNTAG_MASK	54
arch_prctl$ARCH_GET_XCOMP_GUEST_PERM	55
arch_prctl$ARCH_GET_XCOMP_PERM	56
arch_prctl$ARCH_GET_XCOMP_SUPP	57
arch_prctl$ARCH_MAP_VDSO_32	58
arch_prctl$ARCH_MAP_VDSO_64	59
arch_prctl$ARCH_MAP_VDSO_X32	60
arch_prctl$ARCH_REQ_XCOMP_GUEST_PERM	61
arch_prctl$ARCH_REQ_XCOMP_PERM	62
arch_prctl$ARCH_SET_CPUID	63
arch_prctl$ARCH_SET_GS	64
arch_prctl$ARCH_SHSTK_DISABLE	65
arch_prctl$ARCH_SHSTK_ENABLE	66
arch_prctl$ARCH_SHSTK_LOCK	67
arch_prctl$ARCH_SHSTK_STATUS	68
arch_prctl$ARCH_SHSTK_UNLOCK	69
arch_prctl$auto	70
arch_prctl$auto_ARCH_GET_CPUID	71
arch_prctl$auto_ARCH_GET_FS	72
arch_prctl$auto_ARCH_GET_GS	73
arch_prctl$auto_ARCH_GET_XCOMP_GUEST_PERM	74
arch_prctl$auto_ARCH_GET_XCOMP_PERM	75
arch_prctl$auto_ARCH_GET_XCOMP_SUPP	76
arch_prctl$auto_ARCH_MAP_VDSO_32	77
arch_prctl$auto_ARCH_MAP_VDSO_64	78
arch_prctl$auto_ARCH_MAP_VDSO_X32	79
arch_prctl$auto_ARCH_REQ_XCOMP_GUEST_PERM	80
arch_prctl$auto_ARCH_REQ_XCOMP_PERM	81
arch_prctl$auto_ARCH_SET_CPUID	82
arch_prctl$auto_ARCH_SET_FS	83
arch_prctl$auto_ARCH_SET_GS	84
arch_prctl$auto_ARCH_SHSTK_DISABLE	85
arch_prctl$auto_ARCH_SHSTK_ENABLE	86
arch_prctl$auto_ARCH_SHSTK_LOCK	87
arch_prctl$auto_ARCH_SHSTK_STATUS	88
arch_prctl$auto_ARCH_SHSTK_UNLOCK	89
bind	90
bind$802154_dgram	91
bind$802154_raw	92
bind$alg	93
bind$auto	94
bind$ax25	95
bind$bt_hci	96
bind$bt_l2cap	97
bind$bt_rfcomm	98
bind$bt_sco	99
bind$can_j1939	100
bind$can_raw	101
bind$inet	102
bind$inet6	103
bind$isdn	104
bind$isdn_base	105
bind$l2tp	106
bind$l2tp6	107
bind$llc	108
bind$netlink	109
bind$netrom	110
bind$nfc_llcp	111
bind$packet	112
bind$phonet	113
bind$pptp	114
bind$qrtr	115
bind$rds	116
bind$rose	117
bind$rxrpc	118
bind$tipc	119
bind$unix	120
bind$vsock_dgram	121
bind$vsock_stream	122
bind$x25	123
bind$xdp	124
bpf$BPF_BTF_GET_FD_BY_ID	125
bpf$BPF_BTF_GET_NEXT_ID	126
bpf$BPF_BTF_LOAD	127
bpf$BPF_GET_BTF_INFO	128
bpf$BPF_GET_MAP_INFO	129
bpf$BPF_GET_PROG_INFO	130
bpf$BPF_LINK_CREATE	131
bpf$BPF_LINK_CREATE_XDP	132
bpf$BPF_LINK_UPDATE	133
bpf$BPF_MAP_CONST_STR_FREEZE	134
bpf$BPF_MAP_FREEZE	135
bpf$BPF_MAP_GET_FD_BY_ID	136
bpf$BPF_MAP_GET_NEXT_ID	137
bpf$BPF_MAP_LOOKUP_AND_DELETE_BATCH	138
bpf$BPF_MAP_LOOKUP_AND_DELETE_ELEM	139
bpf$BPF_PROG_ATTACH	140
bpf$BPF_PROG_DETACH	141
bpf$BPF_PROG_GET_FD_BY_ID	142
bpf$BPF_PROG_GET_NEXT_ID	143
bpf$BPF_PROG_QUERY	144
bpf$BPF_PROG_RAW_TRACEPOINT_LOAD	145
bpf$BPF_PROG_TEST_RUN	146
bpf$BPF_PROG_TEST_RUN_LIVE	147
bpf$BPF_PROG_WITH_BTFID_LOAD	148
bpf$BPF_RAW_TRACEPOINT_OPEN	149
bpf$BPF_RAW_TRACEPOINT_OPEN_UNNAMED	150
bpf$BPF_TASK_FD_QUERY	151
bpf$ENABLE_STATS	152
bpf$ITER_CREATE	153
bpf$LINK_DETACH	154
bpf$LINK_GET_FD_BY_ID	155
bpf$LINK_GET_NEXT_ID	156
bpf$MAP_CREATE	157
bpf$MAP_CREATE_CONST_STR	158
bpf$MAP_CREATE_RINGBUF	159
bpf$MAP_CREATE_TAIL_CALL	160
bpf$MAP_DELETE_BATCH	161
bpf$MAP_DELETE_ELEM	162
bpf$MAP_GET_NEXT_KEY	163
bpf$MAP_LOOKUP_BATCH	164
bpf$MAP_LOOKUP_ELEM	165
bpf$MAP_UPDATE_BATCH	166
bpf$MAP_UPDATE_CONST_STR	167
bpf$MAP_UPDATE_ELEM	168
bpf$MAP_UPDATE_ELEM_TAIL_CALL	169
bpf$OBJ_GET_MAP	170
bpf$OBJ_GET_PROG	171
bpf$OBJ_PIN_MAP	172
bpf$OBJ_PIN_PROG	173
bpf$PROG_BIND_MAP	174
bpf$PROG_LOAD	175
bpf$PROG_LOAD_XDP	176
bpf$TOKEN_CREATE	177
bpf$auto	178
bpf$auto_BPF_BTF_GET_FD_BY_ID	179
bpf$auto_BPF_BTF_GET_NEXT_ID	180
bpf$auto_BPF_BTF_LOAD	181
bpf$auto_BPF_ENABLE_STATS	182
bpf$auto_BPF_ITER_CREATE	183
bpf$auto_BPF_LINK_CREATE	184
bpf$auto_BPF_LINK_DETACH	185
bpf$auto_BPF_LINK_GET_FD_BY_ID	186
bpf$auto_BPF_LINK_GET_NEXT_ID	187
bpf$auto_BPF_LINK_UPDATE	188
bpf$auto_BPF_MAP_CREATE	189
bpf$auto_BPF_MAP_DELETE_BATCH	190
bpf$auto_BPF_MAP_DELETE_ELEM	191
bpf$auto_BPF_MAP_FREEZE	192
bpf$auto_BPF_MAP_GET_FD_BY_ID	193
bpf$auto_BPF_MAP_GET_NEXT_ID	194
bpf$auto_BPF_MAP_GET_NEXT_KEY	195
bpf$auto_BPF_MAP_LOOKUP_AND_DELETE_BATCH	196
bpf$auto_BPF_MAP_LOOKUP_AND_DELETE_ELEM	197
bpf$auto_BPF_MAP_LOOKUP_BATCH	198
bpf$auto_BPF_MAP_LOOKUP_ELEM	199
bpf$auto_BPF_MAP_UPDATE_BATCH	200
bpf$auto_BPF_MAP_UPDATE_ELEM	201
bpf$auto_BPF_OBJ_GET	202
bpf$auto_BPF_OBJ_GET_INFO_BY_FD	203
bpf$auto_BPF_OBJ_PIN	204
bpf$auto_BPF_PROG_ATTACH	205
bpf$auto_BPF_PROG_BIND_MAP	206
bpf$auto_BPF_PROG_DETACH	207
bpf$auto_BPF_PROG_GET_FD_BY_ID	208
bpf$auto_BPF_PROG_GET_NEXT_ID	209
bpf$auto_BPF_PROG_LOAD	210
bpf$auto_BPF_PROG_QUERY	211
bpf$auto_BPF_PROG_TEST_RUN	212
bpf$auto_BPF_RAW_TRACEPOINT_OPEN	213
bpf$auto_BPF_TASK_FD_QUERY	214
bpf$auto_BPF_TOKEN_CREATE	215
brk	216
brk$auto	217
cachestat	218
cachestat$auto	219
capget	220
capget$auto	221
capset	222
capset$auto	223
chdir	224
chdir$auto	225
chmod	226
chmod$auto	227
chmod$btrfs	228
chown	229
chown$auto	230
chown$btrfs	231
chroot	232
chroot$auto	233
clock_adjtime	234
clock_adjtime$auto	235
clock_getres	236
clock_getres$auto	237
clock_gettime	238
clock_gettime$auto	239
clock_nanosleep	240
clock_nanosleep$auto	241
clock_settime	242
clock_settime$auto	243
clone	244
clone$auto	245
clone3	246
clone3$auto	247
close	248
close$auto	249
close$binfmt	250
close$btrfs	251
close$fd_v4l2_buffer	252
close$ibv_device	253
close_range	254
close_range$auto	255
connect	256
connect$802154_dgram	257
connect$auto	258
connect$ax25	259
connect$bt_l2cap	260
connect$bt_rfcomm	261
connect$bt_sco	262
connect$caif	263
connect$can_bcm	264
connect$can_j1939	265
connect$hf	266
connect$inet	267
connect$inet6	268
connect$l2tp	269
connect$l2tp6	270
connect$llc	271
connect$netlink	272
connect$netrom	273
connect$nfc_llcp	274
connect$nfc_raw	275
connect$packet	276
connect$phonet_pipe	277
connect$pppl2tp	278
connect$pppoe	279
connect$pptp	280
connect$qrtr	281
connect$rds	282
connect$rose	283
connect$rxrpc	284
connect$tipc	285
connect$unix	286
connect$vsock_dgram	287
connect$vsock_stream	288
connect$x25	289
copy_file_range	290
copy_file_range$auto	291
creat	292
creat$auto	293
creat$btrfs	294
delete_module	295
delete_module$auto	296
dup	297
dup$auto	298
dup2	299
dup2$auto	300
dup3	301
dup3$auto	302
epoll_create	303
epoll_create$auto	304
epoll_create1	305
epoll_create1$auto	306
epoll_ctl$EPOLL_CTL_ADD	307
epoll_ctl$EPOLL_CTL_DEL	308
epoll_ctl$EPOLL_CTL_MOD	309
epoll_ctl$auto	310
epoll_ctl$auto_EPOLL_CTL_ADD	311
epoll_ctl$auto_EPOLL_CTL_DEL	312
epoll_ctl$auto_EPOLL_CTL_MOD	313
epoll_pwait	314
epoll_pwait$auto	315
epoll_pwait2	316
epoll_pwait2$auto	317
epoll_wait	318
epoll_wait$auto	319
eventfd	320
eventfd$auto	321
eventfd2	322
eventfd2$auto	323
execve	324
execve$auto	325
execveat	326
execveat$auto	327
execveat$binfmt	328
exit	329
exit$auto	330
exit_group	331
exit_group$auto	332
faccessat	333
faccessat$auto	334
faccessat2	335
faccessat2$auto	336
fadvise64	337
fadvise64$auto	338
fadvise64$auto_POSIX_FADV_DONTNEED	339
fadvise64$auto_POSIX_FADV_NOREUSE	340
fadvise64$auto_POSIX_FADV_NORMAL	341
fadvise64$auto_POSIX_FADV_RANDOM	342
fadvise64$auto_POSIX_FADV_SEQUENTIAL	343
fadvise64$auto_POSIX_FADV_WILLNEED	344
fallocate	345
fallocate$auto	346
fallocate$btrfs	347
fanotify_init	348
fanotify_init$auto	349
fanotify_mark	350
fanotify_mark$auto	351
fchdir	352
fchdir$auto	353
fchmod	354
fchmod$auto	355
fchmodat	356
fchmodat$auto	357
fchmodat2$auto	358
fchown	359
fchown$auto	360
fchownat	361
fchownat$auto	362
fcntl$F_GET_FILE_RW_HINT	363
fcntl$F_GET_RW_HINT	364
fcntl$F_SET_FILE_RW_HINT	365
fcntl$F_SET_RW_HINT	366
fcntl$addseals	367
fcntl$auto	368
fcntl$auto_F_ADD_SEALS	369
fcntl$auto_F_CREATED_QUERY	370
fcntl$auto_F_DUPFD	371
fcntl$auto_F_DUPFD_CLOEXEC	372
fcntl$auto_F_DUPFD_QUERY	373
fcntl$auto_F_GETFD	374
fcntl$auto_F_GETFL	375
fcntl$auto_F_GETLEASE	376
fcntl$auto_F_GETLK	377
fcntl$auto_F_GETOWN	378
fcntl$auto_F_GETOWNER_UIDS	379
fcntl$auto_F_GETOWN_EX	380
fcntl$auto_F_GETPIPE_SZ	381
fcntl$auto_F_GETSIG	382
fcntl$auto_F_GET_RW_HINT	383
fcntl$auto_F_GET_SEALS	384
fcntl$auto_F_NOTIFY	385
fcntl$auto_F_OFD_GETLK	386
fcntl$auto_F_OFD_SETLK	387
fcntl$auto_F_OFD_SETLKW	388
fcntl$auto_F_RDLCK	389
fcntl$auto_F_SETFD	390
fcntl$auto_F_SETFL	391
fcntl$auto_F_SETLEASE	392
fcntl$auto_F_SETLK	393
fcntl$auto_F_SETLKW	394
fcntl$auto_F_SETOWN	395
fcntl$auto_F_SETOWN_EX	396
fcntl$auto_F_SETPIPE_SZ	397
fcntl$auto_F_SETSIG	398
fcntl$auto_F_SET_RW_HINT	399
fcntl$auto_F_UNLCK	400
fcntl$auto_F_WRLCK	401
fcntl$dupfd	402
fcntl$getflags	403
fcntl$getown	404
fcntl$getownex	405
fcntl$lock	406
fcntl$notify	407
fcntl$setflags	408
fcntl$setlease	409
fcntl$setown	410
fcntl$setownex	411
fcntl$setpipe	412
fcntl$setsig	413
fcntl$setstatus	414
fdatasync	415
fdatasync$auto	416
fgetxattr	417
fgetxattr$auto	418
finit_module	419
finit_module$auto	420
flistxattr	421
flistxattr$auto	422
flock	423
flock$auto	424
fremovexattr	425
fremovexattr$auto	426
fsconfig$FSCONFIG_CMD_CREATE	427
fsconfig$FSCONFIG_CMD_RECONFIGURE	428
fsconfig$FSCONFIG_SET_BINARY	429
fsconfig$FSCONFIG_SET_FD	430
fsconfig$FSCONFIG_SET_FLAG	431
fsconfig$FSCONFIG_SET_PATH	432
fsconfig$FSCONFIG_SET_PATH_EMPTY	433
fsconfig$FSCONFIG_SET_STRING	434
fsconfig$auto	435
fsconfig$auto_EROFS_MOUNT_DAX_ALWAYS	436
fsconfig$auto_EROFS_MOUNT_DAX_NEVER	437
fsconfig$auto_FSCONFIG_CMD_CREATE	438
fsconfig$auto_FSCONFIG_CMD_CREATE_EXCL	439
fsconfig$auto_FSCONFIG_CMD_RECONFIGURE	440
fsconfig$auto_FSCONFIG_SET_BINARY	441
fsconfig$auto_FSCONFIG_SET_FD	442
fsconfig$auto_FSCONFIG_SET_FLAG	443
fsconfig$auto_FSCONFIG_SET_PATH	444
fsconfig$auto_FSCONFIG_SET_PATH_EMPTY	445
fsconfig$auto_FSCONFIG_SET_STRING	446
fsconfig$auto_HIDEPID_INVISIBLE	447
fsconfig$auto_HIDEPID_NOT_PTRACEABLE	448
fsconfig$auto_HIDEPID_NO_ACCESS	449
fsconfig$auto_HIDEPID_OFF	450
fsconfig$auto_JFFS2_COMPR_MODE_FORCELZO	451
fsconfig$auto_JFFS2_COMPR_MODE_FORCEZLIB	452
fsconfig$auto_JFFS2_COMPR_MODE_NONE	453
fsconfig$auto_SHMEM_HUGE_ADVISE	454
fsconfig$auto_SHMEM_HUGE_ALWAYS	455
fsconfig$auto_SHMEM_HUGE_DENY	456
fsconfig$auto_SHMEM_HUGE_FORCE	457
fsconfig$auto_SHMEM_HUGE_NEVER	458
fsconfig$auto_SHMEM_HUGE_WITHIN_SIZE	459
fsconfig$auto_XFS_DAX_ALWAYS	460
fsconfig$auto_XFS_DAX_INODE	461
fsconfig$auto_XFS_DAX_NEVER	462
fsetxattr	463
fsetxattr$auto	464
fsetxattr$btrfs	465
fsetxattr$security_capability	466
fsetxattr$security_evm	467
fsetxattr$security_ima	468
fsetxattr$security_selinux	469
fsetxattr$security_smack_transmute	470
fsetxattr$smack_xattr_label	471
fsetxattr$system_posix_acl	472
fsetxattr$trusted_overlay_nlink	473
fsetxattr$trusted_overlay_opaque	474
fsetxattr$trusted_overlay_origin	475
fsetxattr$trusted_overlay_redirect	476
fsetxattr$trusted_overlay_upper	477
fsmount	478
fsmount$auto	479
fsopen	480
fsopen$auto	481
fspick	482
fspick$auto	483
fstat	484
fstat$auto	485
fstat$btrfs	486
fstatfs	487
fstatfs$auto	488
fsync	489
fsync$auto	490
ftruncate	491
ftruncate$auto	492
futex	493
futex$auto	494
futex_requeue$auto	495
futex_wait$auto	496
futex_waitv	497
futex_waitv$auto	498
futex_wake$auto	499
futimesat	500
futimesat$auto	501
get_mempolicy	502
get_mempolicy$auto	503
get_robust_list	504
get_robust_list$auto	505
get_thread_area	506
get_thread_area$auto	507
getcpu$auto	508
getcwd	509
getcwd$auto	510
getdents	511
getdents$auto	512
getdents$btrfs	513
getdents64	514
getdents64$auto	515
getegid	516
geteuid	517
getgid	518
getgroups	519
getgroups$auto	520
getitimer	521
getitimer$auto	522
getitimer$auto_ITIMER_PROF	523
getitimer$auto_ITIMER_REAL	524
getitimer$auto_ITIMER_VIRTUAL	525
getpeername	526
getpeername$auto	527
getpeername$ax25	528
getpeername$inet	529
getpeername$inet6	530
getpeername$l2tp	531
getpeername$l2tp6	532
getpeername$llc	533
getpeername$netlink	534
getpeername$netrom	535
getpeername$packet	536
getpeername$qrtr	537
getpeername$tipc	538
getpeername$unix	539
getpgid	540
getpgid$auto	541
getpgrp	542
getpid	543
getpriority	544
getpriority$auto	545
getpriority$auto_PRIO_PGRP	546
getpriority$auto_PRIO_PROCESS	547
getpriority$auto_PRIO_USER	548
getrandom	549
getrandom$auto	550
getresgid	551
getresgid$auto	552
getresuid	553
getresuid$auto	554
getrlimit	555
getrlimit$auto	556
getrusage	557
getrusage$auto	558
getrusage$auto_RUSAGE_BOTH	559
getrusage$auto_RUSAGE_CHILDREN	560
getrusage$auto_RUSAGE_SELF	561
getsid$auto	562
getsockname	563
getsockname$auto	564
getsockname$ax25	565
getsockname$inet	566
getsockname$inet6	567
getsockname$l2tp	568
getsockname$l2tp6	569
getsockname$llc	570
getsockname$netlink	571
getsockname$netrom	572
getsockname$packet	573
getsockname$qrtr	574
getsockname$tipc	575
getsockname$unix	576
getsockopt	577
getsockopt$ARPT_SO_GET_ENTRIES	578
getsockopt$ARPT_SO_GET_INFO	579
getsockopt$ARPT_SO_GET_REVISION_TARGET	580
getsockopt$CAN_RAW_FD_FRAMES	581
getsockopt$CAN_RAW_FILTER	582
getsockopt$CAN_RAW_JOIN_FILTERS	583
getsockopt$CAN_RAW_LOOPBACK	584
getsockopt$CAN_RAW_RECV_OWN_MSGS	585
getsockopt$EBT_SO_GET_ENTRIES	586
getsockopt$EBT_SO_GET_INFO	587
getsockopt$EBT_SO_GET_INIT_ENTRIES	588
getsockopt$EBT_SO_GET_INIT_INFO	589
getsockopt$IP6T_SO_GET_ENTRIES	590
getsockopt$IP6T_SO_GET_INFO	591
getsockopt$IP6T_SO_GET_REVISION_MATCH	592
getsockopt$IP6T_SO_GET_REVISION_TARGET	593
getsockopt$IPT_SO_GET_ENTRIES	594
getsockopt$IPT_SO_GET_INFO	595
getsockopt$IPT_SO_GET_REVISION_MATCH	596
getsockopt$IPT_SO_GET_REVISION_TARGET	597
getsockopt$IP_SET_OP_GET_BYINDEX	598
getsockopt$IP_SET_OP_GET_BYNAME	599
getsockopt$IP_SET_OP_GET_FNAME	600
getsockopt$IP_SET_OP_VERSION	601
getsockopt$IP_VS_SO_GET_DAEMON	602
getsockopt$IP_VS_SO_GET_DESTS	603
getsockopt$IP_VS_SO_GET_INFO	604
getsockopt$IP_VS_SO_GET_SERVICE	605
getsockopt$IP_VS_SO_GET_SERVICES	606
getsockopt$IP_VS_SO_GET_TIMEOUT	607
getsockopt$IP_VS_SO_GET_VERSION	608
getsockopt$MISDN_TIME_STAMP	609
getsockopt$MRT	610
getsockopt$MRT6	611
getsockopt$PNPIPE_ENCAP	612
getsockopt$PNPIPE_HANDLE	613
getsockopt$PNPIPE_IFINDEX	614
getsockopt$PNPIPE_INITSTATE	615
getsockopt$SO_BINDTODEVICE	616
getsockopt$SO_COOKIE	617
getsockopt$SO_J1939_ERRQUEUE	618
getsockopt$SO_J1939_PROMISC	619
getsockopt$SO_J1939_SEND_PRIO	620
getsockopt$SO_TIMESTAMP	621
getsockopt$SO_TIMESTAMPING	622
getsockopt$TIPC_CONN_TIMEOUT	623
getsockopt$TIPC_DEST_DROPPABLE	624
getsockopt$TIPC_GROUP_JOIN	625
getsockopt$TIPC_IMPORTANCE	626
getsockopt$TIPC_NODE_RECVQ_DEPTH	627
getsockopt$TIPC_SOCK_RECVQ_DEPTH	628
getsockopt$TIPC_SRC_DROPPABLE	629
getsockopt$WPAN_SECURITY	630
getsockopt$WPAN_SECURITY_LEVEL	631
getsockopt$WPAN_WANTACK	632
getsockopt$WPAN_WANTLQI	633
getsockopt$X25_QBITINCL	634
getsockopt$XDP_MMAP_OFFSETS	635
getsockopt$XDP_STATISTICS	636
getsockopt$auto	637
getsockopt$auto_SO_ACCEPTCONN	638
getsockopt$auto_SO_BINDTODEVICE	639
getsockopt$auto_SO_BINDTOIFINDEX	640
getsockopt$auto_SO_BPF_EXTENSIONS	641
getsockopt$auto_SO_BROADCAST	642
getsockopt$auto_SO_BSDCOMPAT	643
getsockopt$auto_SO_BUF_LOCK	644
getsockopt$auto_SO_BUSY_POLL	645
getsockopt$auto_SO_COOKIE	646
getsockopt$auto_SO_DEBUG	647
getsockopt$auto_SO_DOMAIN	648
getsockopt$auto_SO_DONTROUTE	649
getsockopt$auto_SO_ERROR	650
getsockopt$auto_SO_GET_FILTER	651
getsockopt$auto_SO_INCOMING_CPU	652
getsockopt$auto_SO_INCOMING_NAPI_ID	653
getsockopt$auto_SO_KEEPALIVE	654
getsockopt$auto_SO_LINGER	655
getsockopt$auto_SO_LOCK_FILTER	656
getsockopt$auto_SO_MARK	657
getsockopt$auto_SO_MAX_PACING_RATE	658
getsockopt$auto_SO_MEMINFO	659
getsockopt$auto_SO_NETNS_COOKIE	660
getsockopt$auto_SO_NOFCS	661
getsockopt$auto_SO_NO_CHECK	662
getsockopt$auto_SO_OOBINLINE	663
getsockopt$auto_SO_PASSCRED	664
getsockopt$auto_SO_PASSPIDFD	665
getsockopt$auto_SO_PASSSEC	666
getsockopt$auto_SO_PEEK_OFF	667
getsockopt$auto_SO_PEERCRED	668
getsockopt$auto_SO_PEERGROUPS	669
getsockopt$auto_SO_PEERNAME	670
getsockopt$auto_SO_PEERPIDFD	671
getsockopt$auto_SO_PEERSEC	672
getsockopt$auto_SO_PREFER_BUSY_POLL	673
getsockopt$auto_SO_PRIORITY	674
getsockopt$auto_SO_PROTOCOL	675
getsockopt$auto_SO_RCVBUF	676
getsockopt$auto_SO_RCVLOWAT	677
getsockopt$auto_SO_RCVMARK	678
getsockopt$auto_SO_RCVPRIORITY	679
getsockopt$auto_SO_RCVTIMEO_NEW	680
getsockopt$auto_SO_RCVTIMEO_OLD	681
getsockopt$auto_SO_RESERVE_MEM	682
getsockopt$auto_SO_REUSEADDR	683
getsockopt$auto_SO_REUSEPORT	684
getsockopt$auto_SO_RXQ_OVFL	685
getsockopt$auto_SO_SELECT_ERR_QUEUE	686
getsockopt$auto_SO_SNDBUF	687
getsockopt$auto_SO_SNDLOWAT	688
getsockopt$auto_SO_SNDTIMEO_NEW	689
getsockopt$auto_SO_SNDTIMEO_OLD	690
getsockopt$auto_SO_TIMESTAMPING_NEW	691
getsockopt$auto_SO_TIMESTAMPING_OLD	692
getsockopt$auto_SO_TIMESTAMPNS_NEW	693
getsockopt$auto_SO_TIMESTAMPNS_OLD	694
getsockopt$auto_SO_TIMESTAMP_NEW	695
getsockopt$auto_SO_TIMESTAMP_OLD	696
getsockopt$auto_SO_TXREHASH	697
getsockopt$auto_SO_TXTIME	698
getsockopt$auto_SO_TYPE	699
getsockopt$auto_SO_WIFI_STATUS	700
getsockopt$auto_SO_ZEROCOPY	701
getsockopt$ax25_int	702
getsockopt$bt_BT_CHANNEL_POLICY	703
getsockopt$bt_BT_DEFER_SETUP	704
getsockopt$bt_BT_FLUSHABLE	705
getsockopt$bt_BT_POWER	706
getsockopt$bt_BT_RCVMTU	707
getsockopt$bt_BT_SECURITY	708
getsockopt$bt_BT_SNDMTU	709
getsockopt$bt_BT_VOICE	710
getsockopt$bt_hci	711
getsockopt$bt_l2cap_L2CAP_CONNINFO	712
getsockopt$bt_l2cap_L2CAP_LM	713
getsockopt$bt_l2cap_L2CAP_OPTIONS	714
getsockopt$bt_rfcomm_RFCOMM_CONNINFO	715
getsockopt$bt_rfcomm_RFCOMM_LM	716
getsockopt$bt_sco_SCO_CONNINFO	717
getsockopt$bt_sco_SCO_OPTIONS	718
getsockopt$inet6_IPV6_FLOWLABEL_MGR	719
getsockopt$inet6_IPV6_IPSEC_POLICY	720
getsockopt$inet6_IPV6_XFRM_POLICY	721
getsockopt$inet6_buf	722
getsockopt$inet6_dccp_buf	723
getsockopt$inet6_dccp_int	724
getsockopt$inet6_int	725
getsockopt$inet6_mptcp_buf	726
getsockopt$inet6_mreq	727
getsockopt$inet6_mtu	728
getsockopt$inet6_opts	729
getsockopt$inet6_tcp_TCP_REPAIR_WINDOW	730
getsockopt$inet6_tcp_TCP_ZEROCOPY_RECEIVE	731
getsockopt$inet6_tcp_buf	732
getsockopt$inet6_tcp_int	733
getsockopt$inet6_udp_int	734
getsockopt$inet_IP_IPSEC_POLICY	735
getsockopt$inet_IP_XFRM_POLICY	736
getsockopt$inet_buf	737
getsockopt$inet_dccp_buf	738
getsockopt$inet_dccp_int	739
getsockopt$inet_int	740
getsockopt$inet_mptcp_buf	741
getsockopt$inet_mreq	742
getsockopt$inet_mreqn	743
getsockopt$inet_mreqsrc	744
getsockopt$inet_mtu	745
getsockopt$inet_opts	746
getsockopt$inet_pktinfo	747
getsockopt$inet_sctp6_SCTP_ADAPTATION_LAYER	748
getsockopt$inet_sctp6_SCTP_ASSOCINFO	749
getsockopt$inet_sctp6_SCTP_AUTH_ACTIVE_KEY	750
getsockopt$inet_sctp6_SCTP_AUTOCLOSE	751
getsockopt$inet_sctp6_SCTP_AUTO_ASCONF	752
getsockopt$inet_sctp6_SCTP_CONTEXT	753
getsockopt$inet_sctp6_SCTP_DEFAULT_PRINFO	754
getsockopt$inet_sctp6_SCTP_DEFAULT_SEND_PARAM	755
getsockopt$inet_sctp6_SCTP_DEFAULT_SNDINFO	756
getsockopt$inet_sctp6_SCTP_DELAYED_SACK	757
getsockopt$inet_sctp6_SCTP_DISABLE_FRAGMENTS	758
getsockopt$inet_sctp6_SCTP_ENABLE_STREAM_RESET	759
getsockopt$inet_sctp6_SCTP_EVENTS	760
getsockopt$inet_sctp6_SCTP_FRAGMENT_INTERLEAVE	761
getsockopt$inet_sctp6_SCTP_GET_ASSOC_ID_LIST	762
getsockopt$inet_sctp6_SCTP_GET_ASSOC_NUMBER	763
getsockopt$inet_sctp6_SCTP_GET_ASSOC_STATS	764
getsockopt$inet_sctp6_SCTP_GET_LOCAL_ADDRS	765
getsockopt$inet_sctp6_SCTP_GET_PEER_ADDRS	766
getsockopt$inet_sctp6_SCTP_GET_PEER_ADDR_INFO	767
getsockopt$inet_sctp6_SCTP_HMAC_IDENT	768
getsockopt$inet_sctp6_SCTP_INITMSG	769
getsockopt$inet_sctp6_SCTP_I_WANT_MAPPED_V4_ADDR	770
getsockopt$inet_sctp6_SCTP_LOCAL_AUTH_CHUNKS	771
getsockopt$inet_sctp6_SCTP_MAXSEG	772
getsockopt$inet_sctp6_SCTP_MAX_BURST	773
getsockopt$inet_sctp6_SCTP_NODELAY	774
getsockopt$inet_sctp6_SCTP_PARTIAL_DELIVERY_POINT	775
getsockopt$inet_sctp6_SCTP_PEER_ADDR_PARAMS	776
getsockopt$inet_sctp6_SCTP_PEER_ADDR_THLDS	777
getsockopt$inet_sctp6_SCTP_PEER_AUTH_CHUNKS	778
getsockopt$inet_sctp6_SCTP_PRIMARY_ADDR	779
getsockopt$inet_sctp6_SCTP_PR_ASSOC_STATUS	780
getsockopt$inet_sctp6_SCTP_PR_STREAM_STATUS	781
getsockopt$inet_sctp6_SCTP_PR_SUPPORTED	782
getsockopt$inet_sctp6_SCTP_RECONFIG_SUPPORTED	783
getsockopt$inet_sctp6_SCTP_RECVNXTINFO	784
getsockopt$inet_sctp6_SCTP_RECVRCVINFO	785
getsockopt$inet_sctp6_SCTP_RESET_STREAMS	786
getsockopt$inet_sctp6_SCTP_RTOINFO	787
getsockopt$inet_sctp6_SCTP_SOCKOPT_CONNECTX3	788
getsockopt$inet_sctp6_SCTP_SOCKOPT_PEELOFF	789
getsockopt$inet_sctp6_SCTP_STATUS	790
getsockopt$inet_sctp6_SCTP_STREAM_SCHEDULER	791
getsockopt$inet_sctp6_SCTP_STREAM_SCHEDULER_VALUE	792
getsockopt$inet_sctp_SCTP_ADAPTATION_LAYER	793
getsockopt$inet_sctp_SCTP_ASSOCINFO	794
getsockopt$inet_sctp_SCTP_AUTH_ACTIVE_KEY	795
getsockopt$inet_sctp_SCTP_AUTOCLOSE	796
getsockopt$inet_sctp_SCTP_AUTO_ASCONF	797
getsockopt$inet_sctp_SCTP_CONTEXT	798
getsockopt$inet_sctp_SCTP_DEFAULT_PRINFO	799
getsockopt$inet_sctp_SCTP_DEFAULT_SEND_PARAM	800
getsockopt$inet_sctp_SCTP_DEFAULT_SNDINFO	801
getsockopt$inet_sctp_SCTP_DELAYED_SACK	802
getsockopt$inet_sctp_SCTP_DISABLE_FRAGMENTS	803
getsockopt$inet_sctp_SCTP_ENABLE_STREAM_RESET	804
getsockopt$inet_sctp_SCTP_EVENTS	805
getsockopt$inet_sctp_SCTP_FRAGMENT_INTERLEAVE	806
getsockopt$inet_sctp_SCTP_GET_ASSOC_ID_LIST	807
getsockopt$inet_sctp_SCTP_GET_ASSOC_NUMBER	808
getsockopt$inet_sctp_SCTP_GET_ASSOC_STATS	809
getsockopt$inet_sctp_SCTP_GET_LOCAL_ADDRS	810
getsockopt$inet_sctp_SCTP_GET_PEER_ADDRS	811
getsockopt$inet_sctp_SCTP_GET_PEER_ADDR_INFO	812
getsockopt$inet_sctp_SCTP_HMAC_IDENT	813
getsockopt$inet_sctp_SCTP_INITMSG	814
getsockopt$inet_sctp_SCTP_I_WANT_MAPPED_V4_ADDR	815
getsockopt$inet_sctp_SCTP_LOCAL_AUTH_CHUNKS	816
getsockopt$inet_sctp_SCTP_MAXSEG	817
getsockopt$inet_sctp_SCTP_MAX_BURST	818
getsockopt$inet_sctp_SCTP_NODELAY	819
getsockopt$inet_sctp_SCTP_PARTIAL_DELIVERY_POINT	820
getsockopt$inet_sctp_SCTP_PEER_ADDR_PARAMS	821
getsockopt$inet_sctp_SCTP_PEER_ADDR_THLDS	822
getsockopt$inet_sctp_SCTP_PEER_AUTH_CHUNKS	823
getsockopt$inet_sctp_SCTP_PRIMARY_ADDR	824
getsockopt$inet_sctp_SCTP_PR_ASSOC_STATUS	825
getsockopt$inet_sctp_SCTP_PR_STREAM_STATUS	826
getsockopt$inet_sctp_SCTP_PR_SUPPORTED	827
getsockopt$inet_sctp_SCTP_RECONFIG_SUPPORTED	828
getsockopt$inet_sctp_SCTP_RECVNXTINFO	829
getsockopt$inet_sctp_SCTP_RECVRCVINFO	830
getsockopt$inet_sctp_SCTP_RESET_STREAMS	831
getsockopt$inet_sctp_SCTP_RTOINFO	832
getsockopt$inet_sctp_SCTP_SOCKOPT_CONNECTX3	833
getsockopt$inet_sctp_SCTP_SOCKOPT_PEELOFF	834
getsockopt$inet_sctp_SCTP_STATUS	835
getsockopt$inet_sctp_SCTP_STREAM_SCHEDULER	836
getsockopt$inet_sctp_SCTP_STREAM_SCHEDULER_VALUE	837
getsockopt$inet_tcp_TCP_REPAIR_WINDOW	838
getsockopt$inet_tcp_TCP_ZEROCOPY_RECEIVE	839
getsockopt$inet_tcp_buf	840
getsockopt$inet_tcp_int	841
getsockopt$inet_udp_int	842
getsockopt$kcm_KCM_RECV_DISABLE	843
getsockopt$llc_int	844
getsockopt$netlink	845
getsockopt$netrom_NETROM_IDLE	846
getsockopt$netrom_NETROM_N2	847
getsockopt$netrom_NETROM_T1	848
getsockopt$netrom_NETROM_T2	849
getsockopt$netrom_NETROM_T4	850
getsockopt$nfc_llcp	851
getsockopt$packet_buf	852
getsockopt$packet_int	853
getsockopt$rose	854
getsockopt$sock_buf	855
getsockopt$sock_cred	856
getsockopt$sock_int	857
getsockopt$sock_linger	858
getsockopt$sock_timeval	859
gettid	860
gettimeofday$auto	861
getuid	862
getxattr	863
getxattr$auto	864
getxattrat$auto	865
init_module	866
init_module$auto	867
inotify_add_watch	868
inotify_add_watch$auto	869
inotify_init	870
inotify_init1	871
inotify_init1$auto	872
inotify_rm_watch	873
inotify_rm_watch$auto	874
io_cancel	875
io_cancel$auto	876
io_destroy	877
io_destroy$auto	878
io_getevents	879
io_getevents$auto	880
io_pgetevents	881
io_pgetevents$auto	882
io_setup	883
io_setup$auto	884
io_submit	885
io_submit$auto	886
io_uring_enter	887
io_uring_enter$auto	888
io_uring_register$IORING_REGISTER_BUFFERS	889
io_uring_register$IORING_REGISTER_BUFFERS2	890
io_uring_register$IORING_REGISTER_BUFFERS_UPDATE	891
io_uring_register$IORING_REGISTER_CLOCK	892
io_uring_register$IORING_REGISTER_CLONE_BUFFERS	893
io_uring_register$IORING_REGISTER_ENABLE_RINGS	894
io_uring_register$IORING_REGISTER_EVENTFD	895
io_uring_register$IORING_REGISTER_EVENTFD_ASYNC	896
io_uring_register$IORING_REGISTER_FILES	897
io_uring_register$IORING_REGISTER_FILES2	898
io_uring_register$IORING_REGISTER_FILES_UPDATE	899
io_uring_register$IORING_REGISTER_FILES_UPDATE2	900
io_uring_register$IORING_REGISTER_FILE_ALLOC_RANGE	901
io_uring_register$IORING_REGISTER_IOWQ_AFF	902
io_uring_register$IORING_REGISTER_IOWQ_MAX_WORKERS	903
io_uring_register$IORING_REGISTER_MEM_REGION	904
io_uring_register$IORING_REGISTER_NAPI	905
io_uring_register$IORING_REGISTER_PBUF_RING	906
io_uring_register$IORING_REGISTER_PBUF_STATUS	907
io_uring_register$IORING_REGISTER_PERSONALITY	908
io_uring_register$IORING_REGISTER_PROBE	909
io_uring_register$IORING_REGISTER_RESIZE_RINGS	910
io_uring_register$IORING_REGISTER_RESTRICTIONS	911
io_uring_register$IORING_REGISTER_RING_FDS	912
io_uring_register$IORING_REGISTER_SYNC_CANCEL	913
io_uring_register$IORING_UNREGISTER_BUFFERS	914
io_uring_register$IORING_UNREGISTER_EVENTFD	915
io_uring_register$IORING_UNREGISTER_FILES	916
io_uring_register$IORING_UNREGISTER_IOWQ_AFF	917
io_uring_register$IORING_UNREGISTER_NAPI	918
io_uring_register$IORING_UNREGISTER_PBUF_RING	919
io_uring_register$IORING_UNREGISTER_PERSONALITY	920
io_uring_register$IORING_UNREGISTER_RING_FDS	921
io_uring_register$auto	922
io_uring_register$auto_IORING_REGISTER_BUFFERS	923
io_uring_register$auto_IORING_REGISTER_BUFFERS2	924
io_uring_register$auto_IORING_REGISTER_BUFFERS_UPDATE	925
io_uring_register$auto_IORING_REGISTER_CLOCK	926
io_uring_register$auto_IORING_REGISTER_CLONE_BUFFERS	927
io_uring_register$auto_IORING_REGISTER_ENABLE_RINGS	928
io_uring_register$auto_IORING_REGISTER_EVENTFD	929
io_uring_register$auto_IORING_REGISTER_EVENTFD_ASYNC	930
io_uring_register$auto_IORING_REGISTER_FILES	931
io_uring_register$auto_IORING_REGISTER_FILES2	932
io_uring_register$auto_IORING_REGISTER_FILES_UPDATE	933
io_uring_register$auto_IORING_REGISTER_FILES_UPDATE2	934
io_uring_register$auto_IORING_REGISTER_FILE_ALLOC_RANGE	935
io_uring_register$auto_IORING_REGISTER_IOWQ_AFF	936
io_uring_register$auto_IORING_REGISTER_IOWQ_MAX_WORKERS	937
io_uring_register$auto_IORING_REGISTER_MEM_REGION	938
io_uring_register$auto_IORING_REGISTER_NAPI	939
io_uring_register$auto_IORING_REGISTER_PBUF_RING	940
io_uring_register$auto_IORING_REGISTER_PBUF_STATUS	941
io_uring_register$auto_IORING_REGISTER_PERSONALITY	942
io_uring_register$auto_IORING_REGISTER_PROBE	943
io_uring_register$auto_IORING_REGISTER_RESIZE_RINGS	944
io_uring_register$auto_IORING_REGISTER_RESTRICTIONS	945
io_uring_register$auto_IORING_REGISTER_RING_FDS	946
io_uring_register$auto_IORING_REGISTER_SEND_MSG_RING	947
io_uring_register$auto_IORING_REGISTER_SYNC_CANCEL	948
io_uring_register$auto_IORING_REGISTER_ZCRX_IFQ	949
io_uring_register$auto_IORING_UNREGISTER_BUFFERS	950
io_uring_register$auto_IORING_UNREGISTER_EVENTFD	951
io_uring_register$auto_IORING_UNREGISTER_FILES	952
io_uring_register$auto_IORING_UNREGISTER_IOWQ_AFF	953
io_uring_register$auto_IORING_UNREGISTER_NAPI	954
io_uring_register$auto_IORING_UNREGISTER_PBUF_RING	955
io_uring_register$auto_IORING_UNREGISTER_PERSONALITY	956
io_uring_register$auto_IORING_UNREGISTER_RING_FDS	957
io_uring_setup	958
io_uring_setup$auto	959
ioctl	960
ioctl$ACPI_THERMAL_GET_ART	961
ioctl$ACPI_THERMAL_GET_ART_COUNT	962
ioctl$ACPI_THERMAL_GET_ART_LEN	963
ioctl$ACPI_THERMAL_GET_TRT	964
ioctl$ACPI_THERMAL_GET_TRT_COUNT	965
ioctl$ACPI_THERMAL_GET_TRT_LEN	966
ioctl$ASHMEM_GET_NAME	967
ioctl$ASHMEM_GET_PIN_STATUS	968
ioctl$ASHMEM_GET_PROT_MASK	969
ioctl$ASHMEM_GET_SIZE	970
ioctl$ASHMEM_PURGE_ALL_CACHES	971
ioctl$ASHMEM_SET_NAME	972
ioctl$ASHMEM_SET_PROT_MASK	973
ioctl$ASHMEM_SET_SIZE	974
ioctl$AUTOFS_DEV_IOCTL_ASKUMOUNT	975
ioctl$AUTOFS_DEV_IOCTL_CATATONIC	976
ioctl$AUTOFS_DEV_IOCTL_CLOSEMOUNT	977
ioctl$AUTOFS_DEV_IOCTL_EXPIRE	978
ioctl$AUTOFS_DEV_IOCTL_FAIL	979
ioctl$AUTOFS_DEV_IOCTL_ISMOUNTPOINT	980
ioctl$AUTOFS_DEV_IOCTL_OPENMOUNT	981
ioctl$AUTOFS_DEV_IOCTL_PROTOSUBVER	982
ioctl$AUTOFS_DEV_IOCTL_PROTOVER	983
ioctl$AUTOFS_DEV_IOCTL_READY	984
ioctl$AUTOFS_DEV_IOCTL_REQUESTER	985
ioctl$AUTOFS_DEV_IOCTL_SETPIPEFD	986
ioctl$AUTOFS_DEV_IOCTL_TIMEOUT	987
ioctl$AUTOFS_DEV_IOCTL_VERSION	988
ioctl$AUTOFS_IOC_ASKUMOUNT	989
ioctl$AUTOFS_IOC_CATATONIC	990
ioctl$AUTOFS_IOC_EXPIRE	991
ioctl$AUTOFS_IOC_EXPIRE_MULTI	992
ioctl$AUTOFS_IOC_FAIL	993
ioctl$AUTOFS_IOC_PROTOSUBVER	994
ioctl$AUTOFS_IOC_PROTOVER	995
ioctl$AUTOFS_IOC_READY	996
ioctl$AUTOFS_IOC_SETTIMEOUT	997
ioctl$BINDER_CTL_ADD	998
ioctl$BINDER_ENABLE_ONEWAY_SPAM_DETECTION	999
ioctl$BINDER_FREEZE	1000
ioctl$BINDER_GET_EXTENDED_ERROR	1001
ioctl$BINDER_GET_FROZEN_INFO	1002
ioctl$BINDER_GET_NODE_DEBUG_INFO	1003
ioctl$BINDER_GET_NODE_INFO_FOR_REF	1004
ioctl$BINDER_SET_CONTEXT_MGR	1005
ioctl$BINDER_SET_CONTEXT_MGR_EXT	1006
ioctl$BINDER_SET_MAX_THREADS	1007
ioctl$BINDER_THREAD_EXIT	1008
ioctl$BINDER_WRITE_READ	1009
ioctl$BLKALIGNOFF	1010
ioctl$BLKBSZGET	1011
ioctl$BLKBSZSET	1012
ioctl$BLKCLOSEZONE	1013
ioctl$BLKCRYPTOGENERATEKEY	1014
ioctl$BLKCRYPTOIMPORTKEY	1015
ioctl$BLKCRYPTOPREPAREKEY	1016
ioctl$BLKDISCARD	1017
ioctl$BLKDISCARDZEROES	1018
ioctl$BLKFINISHZONE	1019
ioctl$BLKFLSBUF	1020
ioctl$BLKFRAGET	1021
ioctl$BLKFRASET	1022
ioctl$BLKGETDISKSEQ	1023
ioctl$BLKGETNRZONES	1024
ioctl$BLKGETSIZE	1025
ioctl$BLKGETSIZE64	1026
ioctl$BLKGETZONESZ	1027
ioctl$BLKIOMIN	1028
ioctl$BLKIOOPT	1029
ioctl$BLKOPENZONE	1030
ioctl$BLKPBSZGET	1031
ioctl$BLKPG	1032
ioctl$BLKRAGET	1033
ioctl$BLKRASET	1034
ioctl$BLKREPORTZONE	1035
ioctl$BLKRESETZONE	1036
ioctl$BLKROGET	1037
ioctl$BLKROSET	1038
ioctl$BLKROTATIONAL	1039
ioctl$BLKRRPART	1040
ioctl$BLKSECDISCARD	1041
ioctl$BLKSECTGET	1042
ioctl$BLKSSZGET	1043
ioctl$BLKTRACESETUP	1044
ioctl$BLKTRACESTART	1045
ioctl$BLKTRACESTOP	1046
ioctl$BLKTRACETEARDOWN	1047
ioctl$BLKZEROOUT	1048
ioctl$BSG_EMULATED_HOST	1049
ioctl$BSG_GET_COMMAND_Q	1050
ioctl$BSG_GET_RESERVED_SIZE	1051
ioctl$BSG_GET_TIMEOUT	1052
ioctl$BSG_GET_VERSION_NUM	1053
ioctl$BSG_IO	1054
ioctl$BSG_SET_COMMAND_Q	1055
ioctl$BSG_SET_RESERVED_SIZE	1056
ioctl$BSG_SET_TIMEOUT	1057
ioctl$BTRFS_IOC_ADD_DEV	1058
ioctl$BTRFS_IOC_BALANCE	1059
ioctl$BTRFS_IOC_BALANCE_CTL	1060
ioctl$BTRFS_IOC_BALANCE_PROGRESS	1061
ioctl$BTRFS_IOC_BALANCE_V2	1062
ioctl$BTRFS_IOC_DEFAULT_SUBVOL	1063
ioctl$BTRFS_IOC_DEFRAG	1064
ioctl$BTRFS_IOC_DEFRAG_RANGE	1065
ioctl$BTRFS_IOC_DEV_INFO	1066
ioctl$BTRFS_IOC_DEV_REPLACE	1067
ioctl$BTRFS_IOC_FS_INFO	1068
ioctl$BTRFS_IOC_GET_DEV_STATS	1069
ioctl$BTRFS_IOC_GET_FEATURES	1070
ioctl$BTRFS_IOC_GET_SUBVOL_INFO	1071
ioctl$BTRFS_IOC_GET_SUBVOL_ROOTREF	1072
ioctl$BTRFS_IOC_GET_SUPPORTED_FEATURES	1073
ioctl$BTRFS_IOC_INO_LOOKUP	1074
ioctl$BTRFS_IOC_INO_LOOKUP_USER	1075
ioctl$BTRFS_IOC_INO_PATHS	1076
ioctl$BTRFS_IOC_LOGICAL_INO	1077
ioctl$BTRFS_IOC_LOGICAL_INO_V2	1078
ioctl$BTRFS_IOC_QGROUP_ASSIGN	1079
ioctl$BTRFS_IOC_QGROUP_CREATE	1080
ioctl$BTRFS_IOC_QGROUP_LIMIT	1081
ioctl$BTRFS_IOC_QUOTA_CTL	1082
ioctl$BTRFS_IOC_QUOTA_RESCAN	1083
ioctl$BTRFS_IOC_QUOTA_RESCAN_STATUS	1084
ioctl$BTRFS_IOC_QUOTA_RESCAN_WAIT	1085
ioctl$BTRFS_IOC_RESIZE	1086
ioctl$BTRFS_IOC_RM_DEV	1087
ioctl$BTRFS_IOC_RM_DEV_V2	1088
ioctl$BTRFS_IOC_SCRUB	1089
ioctl$BTRFS_IOC_SCRUB_CANCEL	1090
ioctl$BTRFS_IOC_SCRUB_PROGRESS	1091
ioctl$BTRFS_IOC_SEND	1092
ioctl$BTRFS_IOC_SET_FEATURES	1093
ioctl$BTRFS_IOC_SET_RECEIVED_SUBVOL	1094
ioctl$BTRFS_IOC_SNAP_CREATE	1095
ioctl$BTRFS_IOC_SNAP_CREATE_V2	1096
ioctl$BTRFS_IOC_SNAP_DESTROY	1097
ioctl$BTRFS_IOC_SNAP_DESTROY_V2	1098
ioctl$BTRFS_IOC_SPACE_INFO	1099
ioctl$BTRFS_IOC_START_SYNC	1100
ioctl$BTRFS_IOC_SUBVOL_CREATE	1101
ioctl$BTRFS_IOC_SUBVOL_CREATE_V2	1102
ioctl$BTRFS_IOC_SUBVOL_GETFLAGS	1103
ioctl$BTRFS_IOC_SUBVOL_SETFLAGS	1104
ioctl$BTRFS_IOC_SYNC	1105
ioctl$BTRFS_IOC_TREE_SEARCH	1106
ioctl$BTRFS_IOC_TREE_SEARCH_V2	1107
ioctl$BTRFS_IOC_WAIT_SYNC	1108
ioctl$CAPI_CLR_FLAGS	1109
ioctl$CAPI_GET_ERRCODE	1110
ioctl$CAPI_GET_FLAGS	1111
ioctl$CAPI_GET_MANUFACTURER	1112
ioctl$CAPI_GET_PROFILE	1113
ioctl$CAPI_GET_SERIAL	1114
ioctl$CAPI_INSTALLED	1115
ioctl$CAPI_MANUFACTURER_CMD	1116
ioctl$CAPI_NCCI_GETUNIT	1117
ioctl$CAPI_NCCI_OPENCOUNT	1118
ioctl$CAPI_REGISTER	1119
ioctl$CAPI_SET_FLAGS	1120
ioctl$CDROMCLOSETRAY	1121
ioctl$CDROMEJECT	1122
ioctl$CDROMEJECT_SW	1123
ioctl$CDROMGETSPINDOWN	1124
ioctl$CDROMMULTISESSION	1125
ioctl$CDROMPAUSE	1126
ioctl$CDROMPLAYBLK	1127
ioctl$CDROMPLAYMSF	1128
ioctl$CDROMPLAYTRKIND	1129
ioctl$CDROMREADALL	1130
ioctl$CDROMREADAUDIO	1131
ioctl$CDROMREADCOOKED	1132
ioctl$CDROMREADMODE1	1133
ioctl$CDROMREADMODE2	1134
ioctl$CDROMREADRAW	1135
ioctl$CDROMREADTOCENTRY	1136
ioctl$CDROMREADTOCHDR	1137
ioctl$CDROMRESET	1138
ioctl$CDROMRESUME	1139
ioctl$CDROMSEEK	1140
ioctl$CDROMSETSPINDOWN	1141
ioctl$CDROMSTART	1142
ioctl$CDROMSTOP	1143
ioctl$CDROMSUBCHNL	1144
ioctl$CDROMVOLCTRL	1145
ioctl$CDROMVOLREAD	1146
ioctl$CDROM_CHANGER_NSLOTS	1147
ioctl$CDROM_CLEAR_OPTIONS	1148
ioctl$CDROM_DEBUG	1149
ioctl$CDROM_DISC_STATUS	1150
ioctl$CDROM_GET_CAPABILITY	1151
ioctl$CDROM_GET_MCN	1152
ioctl$CDROM_LAST_WRITTEN	1153
ioctl$CDROM_LOCKDOOR	1154
ioctl$CDROM_MEDIA_CHANGED	1155
ioctl$CDROM_NEXT_WRITABLE	1156
ioctl$CDROM_SELECT_DISK	1157
ioctl$CDROM_SELECT_SPEED	1158
ioctl$CDROM_SEND_PACKET	1159
ioctl$CDROM_SET_OPTIONS	1160
ioctl$CDROM_TIMED_MEDIA_CHANGE	1161
ioctl$CEC_ADAP_G_CAPS	1162
ioctl$CEC_ADAP_G_CONNECTOR_INFO	1163
ioctl$CEC_ADAP_G_LOG_ADDRS	1164
ioctl$CEC_ADAP_G_PHYS_ADDR	1165
ioctl$CEC_ADAP_S_LOG_ADDRS	1166
ioctl$CEC_ADAP_S_PHYS_ADDR	1167
ioctl$CEC_DQEVENT	1168
ioctl$CEC_G_MODE	1169
ioctl$CEC_RECEIVE	1170
ioctl$CEC_S_MODE	1171
ioctl$CEC_TRANSMIT	1172
ioctl$COMEDI_BUFCONFIG	1173
ioctl$COMEDI_BUFINFO	1174
ioctl$COMEDI_CANCEL	1175
ioctl$COMEDI_CHANINFO	1176
ioctl$COMEDI_CMD	1177
ioctl$COMEDI_CMDTEST	1178
ioctl$COMEDI_DEVCONFIG	1179
ioctl$COMEDI_DEVINFO	1180
ioctl$COMEDI_INSN	1181
ioctl$COMEDI_INSNLIST	1182
ioctl$COMEDI_LOCK	1183
ioctl$COMEDI_POLL	1184
ioctl$COMEDI_RANGEINFO	1185
ioctl$COMEDI_SETRSUBD	1186
ioctl$COMEDI_SETWSUBD	1187
ioctl$COMEDI_SUBDINFO	1188
ioctl$COMEDI_UNLOCK	1189
ioctl$CREATE_COUNTERS	1190
ioctl$DESTROY_COUNTERS	1191
ioctl$DMA_BUF_IOCTL_SYNC	1192
ioctl$DMA_BUF_SET_NAME_A	1193
ioctl$DMA_HEAP_IOCTL_ALLOC	1194
ioctl$DRM_IOCTL_ADD_BUFS	1195
ioctl$DRM_IOCTL_ADD_CTX	1196
ioctl$DRM_IOCTL_ADD_MAP	1197
ioctl$DRM_IOCTL_AGP_ACQUIRE	1198
ioctl$DRM_IOCTL_AGP_ALLOC	1199
ioctl$DRM_IOCTL_AGP_BIND	1200
ioctl$DRM_IOCTL_AGP_ENABLE	1201
ioctl$DRM_IOCTL_AGP_FREE	1202
ioctl$DRM_IOCTL_AGP_INFO	1203
ioctl$DRM_IOCTL_AGP_RELEASE	1204
ioctl$DRM_IOCTL_AGP_UNBIND	1205
ioctl$DRM_IOCTL_AUTH_MAGIC	1206
ioctl$DRM_IOCTL_CONTROL	1207
ioctl$DRM_IOCTL_DMA	1208
ioctl$DRM_IOCTL_DROP_MASTER	1209
ioctl$DRM_IOCTL_FREE_BUFS	1210
ioctl$DRM_IOCTL_GEM_CLOSE	1211
ioctl$DRM_IOCTL_GEM_FLINK	1212
ioctl$DRM_IOCTL_GEM_OPEN	1213
ioctl$DRM_IOCTL_GET_CAP	1214
ioctl$DRM_IOCTL_GET_CLIENT	1215
ioctl$DRM_IOCTL_GET_CTX	1216
ioctl$DRM_IOCTL_GET_MAGIC	1217
ioctl$DRM_IOCTL_GET_MAP	1218
ioctl$DRM_IOCTL_GET_SAREA_CTX	1219
ioctl$DRM_IOCTL_GET_STATS	1220
ioctl$DRM_IOCTL_GET_UNIQUE	1221
ioctl$DRM_IOCTL_I915_GEM_BUSY	1222
ioctl$DRM_IOCTL_I915_GEM_CONTEXT_CREATE	1223
ioctl$DRM_IOCTL_I915_GEM_CONTEXT_DESTROY	1224
ioctl$DRM_IOCTL_I915_GEM_CONTEXT_GETPARAM	1225
ioctl$DRM_IOCTL_I915_GEM_CONTEXT_SETPARAM	1226
ioctl$DRM_IOCTL_I915_GEM_CREATE	1227
ioctl$DRM_IOCTL_I915_GEM_EXECBUFFER	1228
ioctl$DRM_IOCTL_I915_GEM_EXECBUFFER2	1229
ioctl$DRM_IOCTL_I915_GEM_EXECBUFFER2_WR	1230
ioctl$DRM_IOCTL_I915_GEM_GET_APERTURE	1231
ioctl$DRM_IOCTL_I915_GEM_GET_CACHING	1232
ioctl$DRM_IOCTL_I915_GEM_GET_TILING	1233
ioctl$DRM_IOCTL_I915_GEM_MADVISE	1234
ioctl$DRM_IOCTL_I915_GEM_MMAP	1235
ioctl$DRM_IOCTL_I915_GEM_MMAP_GTT	1236
ioctl$DRM_IOCTL_I915_GEM_MMAP_OFFSET	1237
ioctl$DRM_IOCTL_I915_GEM_PIN	1238
ioctl$DRM_IOCTL_I915_GEM_PREAD	1239
ioctl$DRM_IOCTL_I915_GEM_PWRITE	1240
ioctl$DRM_IOCTL_I915_GEM_SET_CACHING	1241
ioctl$DRM_IOCTL_I915_GEM_SET_DOMAIN	1242
ioctl$DRM_IOCTL_I915_GEM_SET_TILING	1243
ioctl$DRM_IOCTL_I915_GEM_SW_FINISH	1244
ioctl$DRM_IOCTL_I915_GEM_THROTTLE	1245
ioctl$DRM_IOCTL_I915_GEM_UNPIN	1246
ioctl$DRM_IOCTL_I915_GEM_USERPTR	1247
ioctl$DRM_IOCTL_I915_GEM_VM_CREATE	1248
ioctl$DRM_IOCTL_I915_GEM_VM_DESTROY	1249
ioctl$DRM_IOCTL_I915_GEM_WAIT	1250
ioctl$DRM_IOCTL_I915_GETPARAM	1251
ioctl$DRM_IOCTL_I915_GET_PIPE_FROM_CRTC_ID	1252
ioctl$DRM_IOCTL_I915_GET_RESET_STATS	1253
ioctl$DRM_IOCTL_I915_OVERLAY_ATTRS	1254
ioctl$DRM_IOCTL_I915_OVERLAY_PUT_IMAGE	1255
ioctl$DRM_IOCTL_I915_PERF_ADD_CONFIG	1256
ioctl$DRM_IOCTL_I915_PERF_OPEN	1257
ioctl$DRM_IOCTL_I915_PERF_REMOVE_CONFIG	1258
ioctl$DRM_IOCTL_I915_QUERY	1259
ioctl$DRM_IOCTL_I915_REG_READ	1260
ioctl$DRM_IOCTL_I915_SET_SPRITE_COLORKEY	1261
ioctl$DRM_IOCTL_INFO_BUFS	1262
ioctl$DRM_IOCTL_IRQ_BUSID	1263
ioctl$DRM_IOCTL_LOCK	1264
ioctl$DRM_IOCTL_MAP_BUFS	1265
ioctl$DRM_IOCTL_MARK_BUFS	1266
ioctl$DRM_IOCTL_MODESET_CTL	1267
ioctl$DRM_IOCTL_MODE_ADDFB	1268
ioctl$DRM_IOCTL_MODE_ADDFB2	1269
ioctl$DRM_IOCTL_MODE_ATOMIC	1270
ioctl$DRM_IOCTL_MODE_CREATEPROPBLOB	1271
ioctl$DRM_IOCTL_MODE_CREATE_DUMB	1272
ioctl$DRM_IOCTL_MODE_CREATE_LEASE	1273
ioctl$DRM_IOCTL_MODE_CURSOR	1274
ioctl$DRM_IOCTL_MODE_CURSOR2	1275
ioctl$DRM_IOCTL_MODE_DESTROYPROPBLOB	1276
ioctl$DRM_IOCTL_MODE_DESTROY_DUMB	1277
ioctl$DRM_IOCTL_MODE_DIRTYFB	1278
ioctl$DRM_IOCTL_MODE_GETCONNECTOR	1279
ioctl$DRM_IOCTL_MODE_GETCRTC	1280
ioctl$DRM_IOCTL_MODE_GETENCODER	1281
ioctl$DRM_IOCTL_MODE_GETFB	1282
ioctl$DRM_IOCTL_MODE_GETFB2	1283
ioctl$DRM_IOCTL_MODE_GETGAMMA	1284
ioctl$DRM_IOCTL_MODE_GETPLANE	1285
ioctl$DRM_IOCTL_MODE_GETPLANERESOURCES	1286
ioctl$DRM_IOCTL_MODE_GETPROPBLOB	1287
ioctl$DRM_IOCTL_MODE_GETPROPERTY	1288
ioctl$DRM_IOCTL_MODE_GETRESOURCES	1289
ioctl$DRM_IOCTL_MODE_GET_LEASE	1290
ioctl$DRM_IOCTL_MODE_LIST_LESSEES	1291
ioctl$DRM_IOCTL_MODE_MAP_DUMB	1292
ioctl$DRM_IOCTL_MODE_OBJ_GETPROPERTIES	1293
ioctl$DRM_IOCTL_MODE_OBJ_SETPROPERTY	1294
ioctl$DRM_IOCTL_MODE_PAGE_FLIP	1295
ioctl$DRM_IOCTL_MODE_REVOKE_LEASE	1296
ioctl$DRM_IOCTL_MODE_RMFB	1297
ioctl$DRM_IOCTL_MODE_SETCRTC	1298
ioctl$DRM_IOCTL_MODE_SETGAMMA	1299
ioctl$DRM_IOCTL_MODE_SETPLANE	1300
ioctl$DRM_IOCTL_MODE_SETPROPERTY	1301
ioctl$DRM_IOCTL_MSM_GEM_CPU_FINI	1302
ioctl$DRM_IOCTL_MSM_GEM_CPU_PREP	1303
ioctl$DRM_IOCTL_MSM_GEM_INFO	1304
ioctl$DRM_IOCTL_MSM_GEM_MADVISE	1305
ioctl$DRM_IOCTL_MSM_GEM_NEW	1306
ioctl$DRM_IOCTL_MSM_GEM_SUBMIT	1307
ioctl$DRM_IOCTL_MSM_GET_PARAM	1308
ioctl$DRM_IOCTL_MSM_SET_PARAM	1309
ioctl$DRM_IOCTL_MSM_SUBMITQUEUE_CLOSE	1310
ioctl$DRM_IOCTL_MSM_SUBMITQUEUE_NEW	1311
ioctl$DRM_IOCTL_MSM_SUBMITQUEUE_QUERY	1312
ioctl$DRM_IOCTL_MSM_WAIT_FENCE	1313
ioctl$DRM_IOCTL_NEW_CTX	1314
ioctl$DRM_IOCTL_PRIME_FD_TO_HANDLE	1315
ioctl$DRM_IOCTL_PRIME_HANDLE_TO_FD	1316
ioctl$DRM_IOCTL_PVR_SRVKM_CMD_PVRSRV_BRIDGE_CACHE_CACHEOPEXEC	1317
ioctl$DRM_IOCTL_PVR_SRVKM_CMD_PVRSRV_BRIDGE_CACHE_CACHEOPLOG	1318
ioctl$DRM_IOCTL_PVR_SRVKM_CMD_PVRSRV_BRIDGE_CACHE_CACHEOPQUEUE	1319
ioctl$DRM_IOCTL_PVR_SRVKM_CMD_PVRSRV_BRIDGE_CMM_DEVMEMINTACQUIREREMOTECTX	1320
ioctl$DRM_IOCTL_PVR_SRVKM_CMD_PVRSRV_BRIDGE_CMM_DEVMEMINTEXPORTCTX	1321
ioctl$DRM_IOCTL_PVR_SRVKM_CMD_PVRSRV_BRIDGE_CMM_DEVMEMINTUNEXPORTCTX	1322
ioctl$DRM_IOCTL_PVR_SRVKM_CMD_PVRSRV_BRIDGE_DEVICEMEMHISTORY_DEVICEMEMHISTORYMAP	1323
ioctl$DRM_IOCTL_PVR_SRVKM_CMD_PVRSRV_BRIDGE_DEVICEMEMHISTORY_DEVICEMEMHISTORYMAPVRANGE	1324
ioctl$DRM_IOCTL_PVR_SRVKM_CMD_PVRSRV_BRIDGE_DEVICEMEMHISTORY_DEVICEMEMHISTORYSPARSECHANGE	1325
ioctl$DRM_IOCTL_PVR_SRVKM_CMD_PVRSRV_BRIDGE_DEVICEMEMHISTORY_DEVICEMEMHISTORYUNMAP	1326
ioctl$DRM_IOCTL_PVR_SRVKM_CMD_PVRSRV_BRIDGE_DEVICEMEMHISTORY_DEVICEMEMHISTORYUNMAPVRANGE	1327
ioctl$DRM_IOCTL_PVR_SRVKM_CMD_PVRSRV_BRIDGE_DMABUF_PHYSMEMEXPORTDMABUF	1328
ioctl$DRM_IOCTL_PVR_SRVKM_CMD_PVRSRV_BRIDGE_DMABUF_PHYSMEMIMPORTDMABUF	1329
ioctl$DRM_IOCTL_PVR_SRVKM_CMD_PVRSRV_BRIDGE_DMABUF_PHYSMEMIMPORTSPARSEDMABUF	1330
ioctl$DRM_IOCTL_PVR_SRVKM_CMD_PVRSRV_BRIDGE_HTBUFFER_HTBCONTROL	1331
ioctl$DRM_IOCTL_PVR_SRVKM_CMD_PVRSRV_BRIDGE_HTBUFFER_HTBLOG	1332
ioctl$DRM_IOCTL_PVR_SRVKM_CMD_PVRSRV_BRIDGE_MM_CHANGESPARSEMEM	1333
ioctl$DRM_IOCTL_PVR_SRVKM_CMD_PVRSRV_BRIDGE_MM_DEVMEMFLUSHDEVSLCRANGE	1334
ioctl$DRM_IOCTL_PVR_SRVKM_CMD_PVRSRV_BRIDGE_MM_DEVMEMGETFAULTADDRESS	1335
ioctl$DRM_IOCTL_PVR_SRVKM_CMD_PVRSRV_BRIDGE_MM_DEVMEMINTCTXCREATE	1336
ioctl$DRM_IOCTL_PVR_SRVKM_CMD_PVRSRV_BRIDGE_MM_DEVMEMINTCTXDESTROY	1337
ioctl$DRM_IOCTL_PVR_SRVKM_CMD_PVRSRV_BRIDGE_MM_DEVMEMINTHEAPCREATE	1338
ioctl$DRM_IOCTL_PVR_SRVKM_CMD_PVRSRV_BRIDGE_MM_DEVMEMINTHEAPDESTROY	1339
ioctl$DRM_IOCTL_PVR_SRVKM_CMD_PVRSRV_BRIDGE_MM_DEVMEMINTMAPPAGES	1340
ioctl$DRM_IOCTL_PVR_SRVKM_CMD_PVRSRV_BRIDGE_MM_DEVMEMINTMAPPMR	1341
ioctl$DRM_IOCTL_PVR_SRVKM_CMD_PVRSRV_BRIDGE_MM_DEVMEMINTPIN	1342
ioctl$DRM_IOCTL_PVR_SRVKM_CMD_PVRSRV_BRIDGE_MM_DEVMEMINTPINVALIDATE	1343
ioctl$DRM_IOCTL_PVR_SRVKM_CMD_PVRSRV_BRIDGE_MM_DEVMEMINTREGISTERPFNOTIFYKM	1344
ioctl$DRM_IOCTL_PVR_SRVKM_CMD_PVRSRV_BRIDGE_MM_DEVMEMINTRESERVERANGE	1345
ioctl$DRM_IOCTL_PVR_SRVKM_CMD_PVRSRV_BRIDGE_MM_DEVMEMINTUNMAPPAGES	1346
ioctl$DRM_IOCTL_PVR_SRVKM_CMD_PVRSRV_BRIDGE_MM_DEVMEMINTUNMAPPMR	1347
ioctl$DRM_IOCTL_PVR_SRVKM_CMD_PVRSRV_BRIDGE_MM_DEVMEMINTUNPIN	1348
ioctl$DRM_IOCTL_PVR_SRVKM_CMD_PVRSRV_BRIDGE_MM_DEVMEMINTUNPININVALIDATE	1349
ioctl$DRM_IOCTL_PVR_SRVKM_CMD_PVRSRV_BRIDGE_MM_DEVMEMINTUNRESERVERANGE	1350
ioctl$DRM_IOCTL_PVR_SRVKM_CMD_PVRSRV_BRIDGE_MM_DEVMEMINVALIDATEFBSCTABLE	1351
ioctl$DRM_IOCTL_PVR_SRVKM_CMD_PVRSRV_BRIDGE_MM_DEVMEMISVDEVADDRVALID	1352
ioctl$DRM_IOCTL_PVR_SRVKM_CMD_PVRSRV_BRIDGE_MM_GETMAXDEVMEMSIZE	1353
ioctl$DRM_IOCTL_PVR_SRVKM_CMD_PVRSRV_BRIDGE_MM_HEAPCFGHEAPCONFIGCOUNT	1354
ioctl$DRM_IOCTL_PVR_SRVKM_CMD_PVRSRV_BRIDGE_MM_HEAPCFGHEAPCONFIGNAME	1355
ioctl$DRM_IOCTL_PVR_SRVKM_CMD_PVRSRV_BRIDGE_MM_HEAPCFGHEAPCOUNT	1356
ioctl$DRM_IOCTL_PVR_SRVKM_CMD_PVRSRV_BRIDGE_MM_HEAPCFGHEAPDETAILS	1357
ioctl$DRM_IOCTL_PVR_SRVKM_CMD_PVRSRV_BRIDGE_MM_PHYSMEMNEWRAMBACKEDLOCKEDPMR	1358
ioctl$DRM_IOCTL_PVR_SRVKM_CMD_PVRSRV_BRIDGE_MM_PHYSMEMNEWRAMBACKEDPMR	1359
ioctl$DRM_IOCTL_PVR_SRVKM_CMD_PVRSRV_BRIDGE_MM_PMREXPORTPMR	1360
ioctl$DRM_IOCTL_PVR_SRVKM_CMD_PVRSRV_BRIDGE_MM_PMRGETUID	1361
ioctl$DRM_IOCTL_PVR_SRVKM_CMD_PVRSRV_BRIDGE_MM_PMRIMPORTPMR	1362
ioctl$DRM_IOCTL_PVR_SRVKM_CMD_PVRSRV_BRIDGE_MM_PMRLOCALIMPORTPMR	1363
ioctl$DRM_IOCTL_PVR_SRVKM_CMD_PVRSRV_BRIDGE_MM_PMRMAKELOCALIMPORTHANDLE	1364
ioctl$DRM_IOCTL_PVR_SRVKM_CMD_PVRSRV_BRIDGE_MM_PMRUNEXPORTPMR	1365
ioctl$DRM_IOCTL_PVR_SRVKM_CMD_PVRSRV_BRIDGE_MM_PMRUNMAKELOCALIMPORTHANDLE	1366
ioctl$DRM_IOCTL_PVR_SRVKM_CMD_PVRSRV_BRIDGE_MM_PMRUNREFPMR	1367
ioctl$DRM_IOCTL_PVR_SRVKM_CMD_PVRSRV_BRIDGE_MM_PMRUNREFUNLOCKPMR	1368
ioctl$DRM_IOCTL_PVR_SRVKM_CMD_PVRSRV_BRIDGE_MM_PVRSRVUPDATEOOMSTATS	1369
ioctl$DRM_IOCTL_PVR_SRVKM_CMD_PVRSRV_BRIDGE_PVRTL_TLACQUIREDATA	1370
ioctl$DRM_IOCTL_PVR_SRVKM_CMD_PVRSRV_BRIDGE_PVRTL_TLCLOSESTREAM	1371
ioctl$DRM_IOCTL_PVR_SRVKM_CMD_PVRSRV_BRIDGE_PVRTL_TLCOMMITSTREAM	1372
ioctl$DRM_IOCTL_PVR_SRVKM_CMD_PVRSRV_BRIDGE_PVRTL_TLDISCOVERSTREAMS	1373
ioctl$DRM_IOCTL_PVR_SRVKM_CMD_PVRSRV_BRIDGE_PVRTL_TLOPENSTREAM	1374
ioctl$DRM_IOCTL_PVR_SRVKM_CMD_PVRSRV_BRIDGE_PVRTL_TLRELEASEDATA	1375
ioctl$DRM_IOCTL_PVR_SRVKM_CMD_PVRSRV_BRIDGE_PVRTL_TLRESERVESTREAM	1376
ioctl$DRM_IOCTL_PVR_SRVKM_CMD_PVRSRV_BRIDGE_PVRTL_TLWRITEDATA	1377
ioctl$DRM_IOCTL_PVR_SRVKM_CMD_PVRSRV_BRIDGE_RGXBREAKPOINT_RGXCLEARBREAKPOINT	1378
ioctl$DRM_IOCTL_PVR_SRVKM_CMD_PVRSRV_BRIDGE_RGXBREAKPOINT_RGXDISABLEBREAKPOINT	1379
ioctl$DRM_IOCTL_PVR_SRVKM_CMD_PVRSRV_BRIDGE_RGXBREAKPOINT_RGXENABLEBREAKPOINT	1380
ioctl$DRM_IOCTL_PVR_SRVKM_CMD_PVRSRV_BRIDGE_RGXBREAKPOINT_RGXOVERALLOCATEBPREGISTERS	1381
ioctl$DRM_IOCTL_PVR_SRVKM_CMD_PVRSRV_BRIDGE_RGXBREAKPOINT_RGXSETBREAKPOINT	1382
ioctl$DRM_IOCTL_PVR_SRVKM_CMD_PVRSRV_BRIDGE_RGXCMP_RGXCREATECOMPUTECONTEXT	1383
ioctl$DRM_IOCTL_PVR_SRVKM_CMD_PVRSRV_BRIDGE_RGXCMP_RGXDESTROYCOMPUTECONTEXT	1384
ioctl$DRM_IOCTL_PVR_SRVKM_CMD_PVRSRV_BRIDGE_RGXCMP_RGXFLUSHCOMPUTEDATA	1385
ioctl$DRM_IOCTL_PVR_SRVKM_CMD_PVRSRV_BRIDGE_RGXCMP_RGXGETLASTCOMPUTECONTEXTRESETREASON	1386
ioctl$DRM_IOCTL_PVR_SRVKM_CMD_PVRSRV_BRIDGE_RGXCMP_RGXKICKCDM2	1387
ioctl$DRM_IOCTL_PVR_SRVKM_CMD_PVRSRV_BRIDGE_RGXCMP_RGXNOTIFYCOMPUTEWRITEOFFSETUPDATE	1388
ioctl$DRM_IOCTL_PVR_SRVKM_CMD_PVRSRV_BRIDGE_RGXCMP_RGXSETCOMPUTECONTEXTPRIORITY	1389
ioctl$DRM_IOCTL_PVR_SRVKM_CMD_PVRSRV_BRIDGE_RGXCMP_RGXSETCOMPUTECONTEXTPROPERTY	1390
ioctl$DRM_IOCTL_PVR_SRVKM_CMD_PVRSRV_BRIDGE_RGXFWDBG_RGXCURRENTTIME	1391
ioctl$DRM_IOCTL_PVR_SRVKM_CMD_PVRSRV_BRIDGE_RGXFWDBG_RGXFWDEBUGDUMPFREELISTPAGELIST	1392
ioctl$DRM_IOCTL_PVR_SRVKM_CMD_PVRSRV_BRIDGE_RGXFWDBG_RGXFWDEBUGPHRCONFIGURE	1393
ioctl$DRM_IOCTL_PVR_SRVKM_CMD_PVRSRV_BRIDGE_RGXFWDBG_RGXFWDEBUGSETFWLOG	1394
ioctl$DRM_IOCTL_PVR_SRVKM_CMD_PVRSRV_BRIDGE_RGXFWDBG_RGXFWDEBUGSETHCSDEADLINE	1395
ioctl$DRM_IOCTL_PVR_SRVKM_CMD_PVRSRV_BRIDGE_RGXFWDBG_RGXFWDEBUGSETOSIDPRIORITY	1396
ioctl$DRM_IOCTL_PVR_SRVKM_CMD_PVRSRV_BRIDGE_RGXFWDBG_RGXFWDEBUGSETOSNEWONLINESTATE	1397
ioctl$DRM_IOCTL_PVR_SRVKM_CMD_PVRSRV_BRIDGE_RGXHWPERF_RGXCONFIGCUSTOMCOUNTERS	1398
ioctl$DRM_IOCTL_PVR_SRVKM_CMD_PVRSRV_BRIDGE_RGXHWPERF_RGXCONFIGENABLEHWPERFCOUNTERS	1399
ioctl$DRM_IOCTL_PVR_SRVKM_CMD_PVRSRV_BRIDGE_RGXHWPERF_RGXCTRLHWPERF	1400
ioctl$DRM_IOCTL_PVR_SRVKM_CMD_PVRSRV_BRIDGE_RGXHWPERF_RGXCTRLHWPERFCOUNTERS	1401
ioctl$DRM_IOCTL_PVR_SRVKM_CMD_PVRSRV_BRIDGE_RGXHWPERF_RGXGETHWPERFBVNCFEATUREFLAGS	1402
ioctl$DRM_IOCTL_PVR_SRVKM_CMD_PVRSRV_BRIDGE_RGXKICKSYNC_RGXCREATEKICKSYNCCONTEXT	1403
ioctl$DRM_IOCTL_PVR_SRVKM_CMD_PVRSRV_BRIDGE_RGXKICKSYNC_RGXDESTROYKICKSYNCCONTEXT	1404
ioctl$DRM_IOCTL_PVR_SRVKM_CMD_PVRSRV_BRIDGE_RGXKICKSYNC_RGXKICKSYNC2	1405
ioctl$DRM_IOCTL_PVR_SRVKM_CMD_PVRSRV_BRIDGE_RGXKICKSYNC_RGXSETKICKSYNCCONTEXTPROPERTY	1406
ioctl$DRM_IOCTL_PVR_SRVKM_CMD_PVRSRV_BRIDGE_RGXREGCONFIG_RGXADDREGCONFIG	1407
ioctl$DRM_IOCTL_PVR_SRVKM_CMD_PVRSRV_BRIDGE_RGXREGCONFIG_RGXCLEARREGCONFIG	1408
ioctl$DRM_IOCTL_PVR_SRVKM_CMD_PVRSRV_BRIDGE_RGXREGCONFIG_RGXDISABLEREGCONFIG	1409
ioctl$DRM_IOCTL_PVR_SRVKM_CMD_PVRSRV_BRIDGE_RGXREGCONFIG_RGXENABLEREGCONFIG	1410
ioctl$DRM_IOCTL_PVR_SRVKM_CMD_PVRSRV_BRIDGE_RGXREGCONFIG_RGXSETREGCONFIGTYPE	1411
ioctl$DRM_IOCTL_PVR_SRVKM_CMD_PVRSRV_BRIDGE_RGXSIGNALS_RGXNOTIFYSIGNALUPDATE	1412
ioctl$DRM_IOCTL_PVR_SRVKM_CMD_PVRSRV_BRIDGE_RGXTA3D_RGXCREATEFREELIST	1413
ioctl$DRM_IOCTL_PVR_SRVKM_CMD_PVRSRV_BRIDGE_RGXTA3D_RGXCREATEHWRTDATASET	1414
ioctl$DRM_IOCTL_PVR_SRVKM_CMD_PVRSRV_BRIDGE_RGXTA3D_RGXCREATERENDERCONTEXT	1415
ioctl$DRM_IOCTL_PVR_SRVKM_CMD_PVRSRV_BRIDGE_RGXTA3D_RGXCREATEZSBUFFER	1416
ioctl$DRM_IOCTL_PVR_SRVKM_CMD_PVRSRV_BRIDGE_RGXTA3D_RGXDESTROYFREELIST	1417
ioctl$DRM_IOCTL_PVR_SRVKM_CMD_PVRSRV_BRIDGE_RGXTA3D_RGXDESTROYHWRTDATASET	1418
ioctl$DRM_IOCTL_PVR_SRVKM_CMD_PVRSRV_BRIDGE_RGXTA3D_RGXDESTROYRENDERCONTEXT	1419
ioctl$DRM_IOCTL_PVR_SRVKM_CMD_PVRSRV_BRIDGE_RGXTA3D_RGXDESTROYZSBUFFER	1420
ioctl$DRM_IOCTL_PVR_SRVKM_CMD_PVRSRV_BRIDGE_RGXTA3D_RGXGETLASTRENDERCONTEXTRESETREASON	1421
ioctl$DRM_IOCTL_PVR_SRVKM_CMD_PVRSRV_BRIDGE_RGXTA3D_RGXKICKTA3D2	1422
ioctl$DRM_IOCTL_PVR_SRVKM_CMD_PVRSRV_BRIDGE_RGXTA3D_RGXPOPULATEZSBUFFER	1423
ioctl$DRM_IOCTL_PVR_SRVKM_CMD_PVRSRV_BRIDGE_RGXTA3D_RGXRENDERCONTEXTSTALLED	1424
ioctl$DRM_IOCTL_PVR_SRVKM_CMD_PVRSRV_BRIDGE_RGXTA3D_RGXSETRENDERCONTEXTPRIORITY	1425
ioctl$DRM_IOCTL_PVR_SRVKM_CMD_PVRSRV_BRIDGE_RGXTA3D_RGXSETRENDERCONTEXTPROPERTY	1426
ioctl$DRM_IOCTL_PVR_SRVKM_CMD_PVRSRV_BRIDGE_RGXTA3D_RGXUNPOPULATEZSBUFFER	1427
ioctl$DRM_IOCTL_PVR_SRVKM_CMD_PVRSRV_BRIDGE_RGXTQ2_RGXTDMCREATETRANSFERCONTEXT	1428
ioctl$DRM_IOCTL_PVR_SRVKM_CMD_PVRSRV_BRIDGE_RGXTQ2_RGXTDMDESTROYTRANSFERCONTEXT	1429
ioctl$DRM_IOCTL_PVR_SRVKM_CMD_PVRSRV_BRIDGE_RGXTQ2_RGXTDMGETSHAREDMEMORY	1430
ioctl$DRM_IOCTL_PVR_SRVKM_CMD_PVRSRV_BRIDGE_RGXTQ2_RGXTDMNOTIFYWRITEOFFSETUPDATE	1431
ioctl$DRM_IOCTL_PVR_SRVKM_CMD_PVRSRV_BRIDGE_RGXTQ2_RGXTDMRELEASESHAREDMEMORY	1432
ioctl$DRM_IOCTL_PVR_SRVKM_CMD_PVRSRV_BRIDGE_RGXTQ2_RGXTDMSETTRANSFERCONTEXTPRIORITY	1433
ioctl$DRM_IOCTL_PVR_SRVKM_CMD_PVRSRV_BRIDGE_RGXTQ2_RGXTDMSETTRANSFERCONTEXTPROPERTY	1434
ioctl$DRM_IOCTL_PVR_SRVKM_CMD_PVRSRV_BRIDGE_RGXTQ2_RGXTDMSUBMITTRANSFER2	1435
ioctl$DRM_IOCTL_PVR_SRVKM_CMD_PVRSRV_BRIDGE_RGXTQ_RGXCREATETRANSFERCONTEXT	1436
ioctl$DRM_IOCTL_PVR_SRVKM_CMD_PVRSRV_BRIDGE_RGXTQ_RGXDESTROYTRANSFERCONTEXT	1437
ioctl$DRM_IOCTL_PVR_SRVKM_CMD_PVRSRV_BRIDGE_RGXTQ_RGXSETTRANSFERCONTEXTPRIORITY	1438
ioctl$DRM_IOCTL_PVR_SRVKM_CMD_PVRSRV_BRIDGE_RGXTQ_RGXSETTRANSFERCONTEXTPROPERTY	1439
ioctl$DRM_IOCTL_PVR_SRVKM_CMD_PVRSRV_BRIDGE_RGXTQ_RGXSUBMITTRANSFER2	1440
ioctl$DRM_IOCTL_PVR_SRVKM_CMD_PVRSRV_BRIDGE_SRVCORE_ACQUIREGLOBALEVENTOBJECT	1441
ioctl$DRM_IOCTL_PVR_SRVKM_CMD_PVRSRV_BRIDGE_SRVCORE_ACQUIREINFOPAGE	1442
ioctl$DRM_IOCTL_PVR_SRVKM_CMD_PVRSRV_BRIDGE_SRVCORE_ALIGNMENTCHECK	1443
ioctl$DRM_IOCTL_PVR_SRVKM_CMD_PVRSRV_BRIDGE_SRVCORE_CONNECT	1444
ioctl$DRM_IOCTL_PVR_SRVKM_CMD_PVRSRV_BRIDGE_SRVCORE_DISCONNECT	1445
ioctl$DRM_IOCTL_PVR_SRVKM_CMD_PVRSRV_BRIDGE_SRVCORE_DUMPDEBUGINFO	1446
ioctl$DRM_IOCTL_PVR_SRVKM_CMD_PVRSRV_BRIDGE_SRVCORE_EVENTOBJECTCLOSE	1447
ioctl$DRM_IOCTL_PVR_SRVKM_CMD_PVRSRV_BRIDGE_SRVCORE_EVENTOBJECTOPEN	1448
ioctl$DRM_IOCTL_PVR_SRVKM_CMD_PVRSRV_BRIDGE_SRVCORE_EVENTOBJECTWAIT	1449
ioctl$DRM_IOCTL_PVR_SRVKM_CMD_PVRSRV_BRIDGE_SRVCORE_EVENTOBJECTWAITTIMEOUT	1450
ioctl$DRM_IOCTL_PVR_SRVKM_CMD_PVRSRV_BRIDGE_SRVCORE_FINDPROCESSMEMSTATS	1451
ioctl$DRM_IOCTL_PVR_SRVKM_CMD_PVRSRV_BRIDGE_SRVCORE_GETDEVCLOCKSPEED	1452
ioctl$DRM_IOCTL_PVR_SRVKM_CMD_PVRSRV_BRIDGE_SRVCORE_GETDEVICESTATUS	1453
ioctl$DRM_IOCTL_PVR_SRVKM_CMD_PVRSRV_BRIDGE_SRVCORE_GETMULTICOREINFO	1454
ioctl$DRM_IOCTL_PVR_SRVKM_CMD_PVRSRV_BRIDGE_SRVCORE_HWOPTIMEOUT	1455
ioctl$DRM_IOCTL_PVR_SRVKM_CMD_PVRSRV_BRIDGE_SRVCORE_RELEASEGLOBALEVENTOBJECT	1456
ioctl$DRM_IOCTL_PVR_SRVKM_CMD_PVRSRV_BRIDGE_SRVCORE_RELEASEINFOPAGE	1457
ioctl$DRM_IOCTL_PVR_SRVKM_CMD_PVRSRV_BRIDGE_SYNCTRACKING_SYNCRECORDADD	1458
ioctl$DRM_IOCTL_PVR_SRVKM_CMD_PVRSRV_BRIDGE_SYNCTRACKING_SYNCRECORDREMOVEBYHANDLE	1459
ioctl$DRM_IOCTL_PVR_SRVKM_CMD_PVRSRV_BRIDGE_SYNC_ALLOCSYNCPRIMITIVEBLOCK	1460
ioctl$DRM_IOCTL_PVR_SRVKM_CMD_PVRSRV_BRIDGE_SYNC_FREESYNCPRIMITIVEBLOCK	1461
ioctl$DRM_IOCTL_PVR_SRVKM_CMD_PVRSRV_BRIDGE_SYNC_SYNCALLOCEVENT	1462
ioctl$DRM_IOCTL_PVR_SRVKM_CMD_PVRSRV_BRIDGE_SYNC_SYNCCHECKPOINTSIGNALLEDPDUMPPOL	1463
ioctl$DRM_IOCTL_PVR_SRVKM_CMD_PVRSRV_BRIDGE_SYNC_SYNCFREEEVENT	1464
ioctl$DRM_IOCTL_PVR_SRVKM_CMD_PVRSRV_BRIDGE_SYNC_SYNCPRIMPDUMP	1465
ioctl$DRM_IOCTL_PVR_SRVKM_CMD_PVRSRV_BRIDGE_SYNC_SYNCPRIMPDUMPCBP	1466
ioctl$DRM_IOCTL_PVR_SRVKM_CMD_PVRSRV_BRIDGE_SYNC_SYNCPRIMPDUMPPOL	1467
ioctl$DRM_IOCTL_PVR_SRVKM_CMD_PVRSRV_BRIDGE_SYNC_SYNCPRIMPDUMPVALUE	1468
ioctl$DRM_IOCTL_PVR_SRVKM_CMD_PVRSRV_BRIDGE_SYNC_SYNCPRIMSET	1469
ioctl$DRM_IOCTL_RES_CTX	1470
ioctl$DRM_IOCTL_RM_CTX	1471
ioctl$DRM_IOCTL_RM_MAP	1472
ioctl$DRM_IOCTL_SET_CLIENT_CAP	1473
ioctl$DRM_IOCTL_SET_MASTER	1474
ioctl$DRM_IOCTL_SET_SAREA_CTX	1475
ioctl$DRM_IOCTL_SET_UNIQUE	1476
ioctl$DRM_IOCTL_SET_VERSION	1477
ioctl$DRM_IOCTL_SG_ALLOC	1478
ioctl$DRM_IOCTL_SG_FREE	1479
ioctl$DRM_IOCTL_SWITCH_CTX	1480
ioctl$DRM_IOCTL_SYNCOBJ_CREATE	1481
ioctl$DRM_IOCTL_SYNCOBJ_DESTROY	1482
ioctl$DRM_IOCTL_SYNCOBJ_FD_TO_HANDLE_FD	1483
ioctl$DRM_IOCTL_SYNCOBJ_FD_TO_HANDLE_SYNC_FILE	1484
ioctl$DRM_IOCTL_SYNCOBJ_HANDLE_TO_FD_FD	1485
ioctl$DRM_IOCTL_SYNCOBJ_HANDLE_TO_FD_SYNC_FILE	1486
ioctl$DRM_IOCTL_SYNCOBJ_QUERY	1487
ioctl$DRM_IOCTL_SYNCOBJ_RESET	1488
ioctl$DRM_IOCTL_SYNCOBJ_SIGNAL	1489
ioctl$DRM_IOCTL_SYNCOBJ_TIMELINE_SIGNAL	1490
ioctl$DRM_IOCTL_SYNCOBJ_TIMELINE_WAIT	1491
ioctl$DRM_IOCTL_SYNCOBJ_TRANSFER	1492
ioctl$DRM_IOCTL_SYNCOBJ_WAIT	1493
ioctl$DRM_IOCTL_UNLOCK	1494
ioctl$DRM_IOCTL_VERSION	1495
ioctl$DRM_IOCTL_WAIT_VBLANK	1496
ioctl$DVD_AUTH	1497
ioctl$DVD_READ_STRUCT	1498
ioctl$DVD_WRITE_STRUCT	1499
ioctl$EVIOCGABS0	1500
ioctl$EVIOCGABS20	1501
ioctl$EVIOCGABS2F	1502
ioctl$EVIOCGABS3F	1503
ioctl$EVIOCGBITKEY	1504
ioctl$EVIOCGBITSND	1505
ioctl$EVIOCGBITSW	1506
ioctl$EVIOCGEFFECTS	1507
ioctl$EVIOCGID	1508
ioctl$EVIOCGKEY	1509
ioctl$EVIOCGKEYCODE	1510
ioctl$EVIOCGKEYCODE_V2	1511
ioctl$EVIOCGLED	1512
ioctl$EVIOCGMASK	1513
ioctl$EVIOCGMTSLOTS	1514
ioctl$EVIOCGNAME	1515
ioctl$EVIOCGPHYS	1516
ioctl$EVIOCGPROP	1517
ioctl$EVIOCGRAB	1518
ioctl$EVIOCGREP	1519
ioctl$EVIOCGSND	1520
ioctl$EVIOCGSW	1521
ioctl$EVIOCGUNIQ	1522
ioctl$EVIOCGVERSION	1523
ioctl$EVIOCREVOKE	1524
ioctl$EVIOCRMFF	1525
ioctl$EVIOCSABS0	1526
ioctl$EVIOCSABS20	1527
ioctl$EVIOCSABS2F	1528
ioctl$EVIOCSABS3F	1529
ioctl$EVIOCSCLOCKID	1530
ioctl$EVIOCSFF	1531
ioctl$EVIOCSKEYCODE	1532
ioctl$EVIOCSKEYCODE_V2	1533
ioctl$EVIOCSMASK	1534
ioctl$EVIOCSREP	1535
ioctl$EXT4_IOC_ALLOC_DA_BLKS	1536
ioctl$EXT4_IOC_CHECKPOINT	1537
ioctl$EXT4_IOC_CLEAR_ES_CACHE	1538
ioctl$EXT4_IOC_GETFSUUID	1539
ioctl$EXT4_IOC_GETSTATE	1540
ioctl$EXT4_IOC_GET_ES_CACHE	1541
ioctl$EXT4_IOC_GROUP_ADD	1542
ioctl$EXT4_IOC_GROUP_EXTEND	1543
ioctl$EXT4_IOC_MIGRATE	1544
ioctl$EXT4_IOC_MOVE_EXT	1545
ioctl$EXT4_IOC_PRECACHE_EXTENTS	1546
ioctl$EXT4_IOC_RESIZE_FS	1547
ioctl$EXT4_IOC_SETFSUUID	1548
ioctl$EXT4_IOC_SHUTDOWN	1549
ioctl$EXT4_IOC_SWAP_BOOT	1550
ioctl$F2FS_IOC_ABORT_ATOMIC_WRITE	1551
ioctl$F2FS_IOC_COMMIT_ATOMIC_WRITE	1552
ioctl$F2FS_IOC_COMPRESS_FILE	1553
ioctl$F2FS_IOC_DECOMPRESS_FILE	1554
ioctl$F2FS_IOC_DEFRAGMENT	1555
ioctl$F2FS_IOC_FLUSH_DEVICE	1556
ioctl$F2FS_IOC_GARBAGE_COLLECT	1557
ioctl$F2FS_IOC_GARBAGE_COLLECT_RANGE	1558
ioctl$F2FS_IOC_GET_COMPRESS_BLOCKS	1559
ioctl$F2FS_IOC_GET_COMPRESS_OPTION	1560
ioctl$F2FS_IOC_GET_FEATURES	1561
ioctl$F2FS_IOC_GET_PIN_FILE	1562
ioctl$F2FS_IOC_MOVE_RANGE	1563
ioctl$F2FS_IOC_PRECACHE_EXTENTS	1564
ioctl$F2FS_IOC_RELEASE_COMPRESS_BLOCKS	1565
ioctl$F2FS_IOC_RELEASE_VOLATILE_WRITE	1566
ioctl$F2FS_IOC_RESERVE_COMPRESS_BLOCKS	1567
ioctl$F2FS_IOC_RESIZE_FS	1568
ioctl$F2FS_IOC_SEC_TRIM_FILE	1569
ioctl$F2FS_IOC_SET_COMPRESS_OPTION	1570
ioctl$F2FS_IOC_SET_PIN_FILE	1571
ioctl$F2FS_IOC_SHUTDOWN	1572
ioctl$F2FS_IOC_START_ATOMIC_WRITE	1573
ioctl$F2FS_IOC_START_VOLATILE_WRITE	1574
ioctl$F2FS_IOC_WRITE_CHECKPOINT	1575
ioctl$FAT_IOCTL_GET_ATTRIBUTES	1576
ioctl$FAT_IOCTL_GET_VOLUME_ID	1577
ioctl$FAT_IOCTL_SET_ATTRIBUTES	1578
ioctl$FBIOBLANK	1579
ioctl$FBIOGETCMAP	1580
ioctl$FBIOGET_CON2FBMAP	1581
ioctl$FBIOGET_FSCREENINFO	1582
ioctl$FBIOGET_VSCREENINFO	1583
ioctl$FBIOPAN_DISPLAY	1584
ioctl$FBIOPUTCMAP	1585
ioctl$FBIOPUT_CON2FBMAP	1586
ioctl$FBIOPUT_VSCREENINFO	1587
ioctl$FBIO_WAITFORVSYNC	1588
ioctl$FIBMAP	1589
ioctl$FICLONE	1590
ioctl$FICLONERANGE	1591
ioctl$FIDEDUPERANGE	1592
ioctl$FIFREEZE	1593
ioctl$FIGETBSZ	1594
ioctl$FIOCLEX	1595
ioctl$FIONCLEX	1596
ioctl$FIONREAD	1597
ioctl$FITHAW	1598
ioctl$FITRIM	1599
ioctl$FLOPPY_FDCLRPRM	1600
ioctl$FLOPPY_FDDEFPRM	1601
ioctl$FLOPPY_FDEJECT	1602
ioctl$FLOPPY_FDFLUSH	1603
ioctl$FLOPPY_FDFMTBEG	1604
ioctl$FLOPPY_FDFMTEND	1605
ioctl$FLOPPY_FDFMTTRK	1606
ioctl$FLOPPY_FDGETDRVPRM	1607
ioctl$FLOPPY_FDGETDRVSTAT	1608
ioctl$FLOPPY_FDGETDRVTYP	1609
ioctl$FLOPPY_FDGETFDCSTAT	1610
ioctl$FLOPPY_FDGETMAXERRS	1611
ioctl$FLOPPY_FDGETPRM	1612
ioctl$FLOPPY_FDMSGOFF	1613
ioctl$FLOPPY_FDMSGON	1614
ioctl$FLOPPY_FDPOLLDRVSTAT	1615
ioctl$FLOPPY_FDRAWCMD	1616
ioctl$FLOPPY_FDRESET	1617
ioctl$FLOPPY_FDSETDRVPRM	1618
ioctl$FLOPPY_FDSETEMSGTRESH	1619
ioctl$FLOPPY_FDSETMAXERRS	1620
ioctl$FLOPPY_FDSETPRM	1621
ioctl$FLOPPY_FDTWADDLE	1622
ioctl$FLOPPY_FDWERRORCLR	1623
ioctl$FLOPPY_FDWERRORGET	1624
ioctl$FS_IOC_ADD_ENCRYPTION_KEY	1625
ioctl$FS_IOC_ENABLE_VERITY	1626
ioctl$FS_IOC_FIEMAP	1627
ioctl$FS_IOC_FSGETXATTR	1628
ioctl$FS_IOC_FSSETXATTR	1629
ioctl$FS_IOC_GETFLAGS	1630
ioctl$FS_IOC_GETFSLABEL	1631
ioctl$FS_IOC_GETFSMAP	1632
ioctl$FS_IOC_GETFSSYSFSPATH	1633
ioctl$FS_IOC_GETFSUUID	1634
ioctl$FS_IOC_GETVERSION	1635
ioctl$FS_IOC_GET_ENCRYPTION_KEY_STATUS	1636
ioctl$FS_IOC_GET_ENCRYPTION_NONCE	1637
ioctl$FS_IOC_GET_ENCRYPTION_POLICY	1638
ioctl$FS_IOC_GET_ENCRYPTION_POLICY_EX	1639
ioctl$FS_IOC_GET_ENCRYPTION_PWSALT	1640
ioctl$FS_IOC_MEASURE_VERITY	1641
ioctl$FS_IOC_READ_VERITY_METADATA	1642
ioctl$FS_IOC_REMOVE_ENCRYPTION_KEY	1643
ioctl$FS_IOC_REMOVE_ENCRYPTION_KEY_ALL_USERS	1644
ioctl$FS_IOC_RESVSP	1645
ioctl$FS_IOC_SETFLAGS	1646
ioctl$FS_IOC_SETFSLABEL	1647
ioctl$FS_IOC_SETVERSION	1648
ioctl$FS_IOC_SET_ENCRYPTION_POLICY	1649
ioctl$FUSE_DEV_IOC_BACKING_CLOSE	1650
ioctl$FUSE_DEV_IOC_BACKING_OPEN	1651
ioctl$FUSE_DEV_IOC_CLONE	1652
ioctl$GIO_CMAP	1653
ioctl$GIO_FONT	1654
ioctl$GIO_FONTX	1655
ioctl$GIO_SCRNMAP	1656
ioctl$GIO_UNIMAP	1657
ioctl$GIO_UNISCRNMAP	1658
ioctl$HCIINQUIRY	1659
ioctl$HDIO_GETGEO	1660
ioctl$HIDIOCAPPLICATION	1661
ioctl$HIDIOCGCOLLECTIONINDEX	1662
ioctl$HIDIOCGCOLLECTIONINFO	1663
ioctl$HIDIOCGDEVINFO	1664
ioctl$HIDIOCGFEATURE	1665
ioctl$HIDIOCGFIELDINFO	1666
ioctl$HIDIOCGFLAG	1667
ioctl$HIDIOCGNAME	1668
ioctl$HIDIOCGPHYS	1669
ioctl$HIDIOCGRAWINFO	1670
ioctl$HIDIOCGRAWNAME	1671
ioctl$HIDIOCGRAWPHYS	1672
ioctl$HIDIOCGRDESC	1673
ioctl$HIDIOCGRDESCSIZE	1674
ioctl$HIDIOCGREPORT	1675
ioctl$HIDIOCGREPORTINFO	1676
ioctl$HIDIOCGSTRING	1677
ioctl$HIDIOCGUCODE	1678
ioctl$HIDIOCGUSAGE	1679
ioctl$HIDIOCGUSAGES	1680
ioctl$HIDIOCGVERSION	1681
ioctl$HIDIOCINITREPORT	1682
ioctl$HIDIOCSFEATURE	1683
ioctl$HIDIOCSFLAG	1684
ioctl$HIDIOCSREPORT	1685
ioctl$HIDIOCSUSAGE	1686
ioctl$HIDIOCSUSAGES	1687
ioctl$I2C_FUNCS	1688
ioctl$I2C_PEC	1689
ioctl$I2C_RDWR	1690
ioctl$I2C_RETRIES	1691
ioctl$I2C_SLAVE	1692
ioctl$I2C_SLAVE_FORCE	1693
ioctl$I2C_SMBUS	1694
ioctl$I2C_TENBIT	1695
ioctl$I2C_TIMEOUT	1696
ioctl$IMADDTIMER	1697
ioctl$IMCLEAR_L2	1698
ioctl$IMCTRLREQ	1699
ioctl$IMDELTIMER	1700
ioctl$IMGETCOUNT	1701
ioctl$IMGETDEVINFO	1702
ioctl$IMGETVERSION	1703
ioctl$IMHOLD_L1	1704
ioctl$IMSETDEVNAME	1705
ioctl$INCFS_IOC_CREATE_FILE	1706
ioctl$INCFS_IOC_FILL_BLOCKS	1707
ioctl$INCFS_IOC_GET_FILLED_BLOCKS	1708
ioctl$INCFS_IOC_PERMIT_FILL	1709
ioctl$INCFS_IOC_READ_FILE_SIGNATURE	1710
ioctl$INOTIFY_IOC_SETNEXTWD	1711
ioctl$IOCTL_CONFIG_SYS_RESOURCE_PARAMETERS	1712
ioctl$IOCTL_GET_NCIDEV_IDX	1713
ioctl$IOCTL_GET_NUM_DEVICES	1714
ioctl$IOCTL_START_ACCEL_DEV	1715
ioctl$IOCTL_STATUS_ACCEL_DEV	1716
ioctl$IOCTL_STOP_ACCEL_DEV	1717
ioctl$IOCTL_VMCI_CTX_ADD_NOTIFICATION	1718
ioctl$IOCTL_VMCI_CTX_GET_CPT_STATE	1719
ioctl$IOCTL_VMCI_CTX_REMOVE_NOTIFICATION	1720
ioctl$IOCTL_VMCI_CTX_SET_CPT_STATE	1721
ioctl$IOCTL_VMCI_DATAGRAM_RECEIVE	1722
ioctl$IOCTL_VMCI_DATAGRAM_SEND	1723
ioctl$IOCTL_VMCI_GET_CONTEXT_ID	1724
ioctl$IOCTL_VMCI_INIT_CONTEXT	1725
ioctl$IOCTL_VMCI_NOTIFICATIONS_RECEIVE	1726
ioctl$IOCTL_VMCI_NOTIFY_RESOURCE	1727
ioctl$IOCTL_VMCI_QUEUEPAIR_ALLOC	1728
ioctl$IOCTL_VMCI_QUEUEPAIR_DETACH	1729
ioctl$IOCTL_VMCI_QUEUEPAIR_SETPF	1730
ioctl$IOCTL_VMCI_QUEUEPAIR_SETVA	1731
ioctl$IOCTL_VMCI_SET_NOTIFY	1732
ioctl$IOCTL_VMCI_VERSION	1733
ioctl$IOCTL_VMCI_VERSION2	1734
ioctl$IOC_PR_CLEAR	1735
ioctl$IOC_PR_PREEMPT	1736
ioctl$IOC_PR_PREEMPT_ABORT	1737
ioctl$IOC_PR_REGISTER	1738
ioctl$IOC_PR_RELEASE	1739
ioctl$IOC_PR_RESERVE	1740
ioctl$IOC_WATCH_QUEUE_SET_FILTER	1741
ioctl$IOC_WATCH_QUEUE_SET_SIZE	1742
ioctl$IOMMU_DESTROY$hwpt	1743
ioctl$IOMMU_DESTROY$ioas	1744
ioctl$IOMMU_DESTROY$stdev	1745
ioctl$IOMMU_GET_HW_INFO	1746
ioctl$IOMMU_HWPT_ALLOC$NONE	1747
ioctl$IOMMU_HWPT_ALLOC$TEST	1748
ioctl$IOMMU_HWPT_GET_DIRTY_BITMAP	1749
ioctl$IOMMU_HWPT_INVALIDATE$TEST	1750
ioctl$IOMMU_HWPT_SET_DIRTY_TRACKING	1751
ioctl$IOMMU_IOAS_ALLOC	1752
ioctl$IOMMU_IOAS_ALLOW_IOVAS	1753
ioctl$IOMMU_IOAS_COPY	1754
ioctl$IOMMU_IOAS_COPY$syz	1755
ioctl$IOMMU_IOAS_IOVA_RANGES	1756
ioctl$IOMMU_IOAS_MAP	1757
ioctl$IOMMU_IOAS_MAP$PAGES	1758
ioctl$IOMMU_IOAS_UNMAP	1759
ioctl$IOMMU_IOAS_UNMAP$ALL	1760
ioctl$IOMMU_OPTION$IOMMU_OPTION_HUGE_PAGES	1761
ioctl$IOMMU_OPTION$IOMMU_OPTION_RLIMIT_MODE	1762
ioctl$IOMMU_TEST_OP_ACCESS_PAGES	1763
ioctl$IOMMU_TEST_OP_ACCESS_PAGES$syz	1764
ioctl$IOMMU_TEST_OP_ACCESS_REPLACE_IOAS	1765
ioctl$IOMMU_TEST_OP_ACCESS_RW	1766
ioctl$IOMMU_TEST_OP_ACCESS_RW$syz	1767
ioctl$IOMMU_TEST_OP_ADD_RESERVED	1768
ioctl$IOMMU_TEST_OP_CREATE_ACCESS	1769
ioctl$IOMMU_TEST_OP_DESTROY_ACCESS_PAGES	1770
ioctl$IOMMU_TEST_OP_MD_CHECK_MAP	1771
ioctl$IOMMU_TEST_OP_MD_CHECK_REFS	1772
ioctl$IOMMU_TEST_OP_MOCK_DOMAIN	1773
ioctl$IOMMU_TEST_OP_MOCK_DOMAIN_FLAGS	1774
ioctl$IOMMU_TEST_OP_MOCK_DOMAIN_REPLACE	1775
ioctl$IOMMU_TEST_OP_SET_TEMP_MEMORY_LIMIT	1776
ioctl$IOMMU_VFIO_CHECK_EXTENSION	1777
ioctl$IOMMU_VFIO_GET_API_VERSION	1778
ioctl$IOMMU_VFIO_IOAS$CLEAR	1779
ioctl$IOMMU_VFIO_IOAS$GET	1780
ioctl$IOMMU_VFIO_IOAS$SET	1781
ioctl$IOMMU_VFIO_IOMMU_GET_INFO	1782
ioctl$IOMMU_VFIO_IOMMU_MAP_DMA	1783
ioctl$IOMMU_VFIO_IOMMU_UNMAP_DMA	1784
ioctl$IOMMU_VFIO_SET_IOMMU	1785
ioctl$KBASE_HWCNT_READER_CLEAR	1786
ioctl$KBASE_HWCNT_READER_DISABLE_EVENT	1787
ioctl$KBASE_HWCNT_READER_DUMP	1788
ioctl$KBASE_HWCNT_READER_ENABLE_EVENT	1789
ioctl$KBASE_HWCNT_READER_GET_API_VERSION	1790
ioctl$KBASE_HWCNT_READER_GET_API_VERSION_WITH_FEATURES	1791
ioctl$KBASE_HWCNT_READER_GET_BUFFER	1792
ioctl$KBASE_HWCNT_READER_GET_BUFFER_SIZE	1793
ioctl$KBASE_HWCNT_READER_GET_BUFFER_WITH_CYCLES	1794
ioctl$KBASE_HWCNT_READER_GET_HWVER	1795
ioctl$KBASE_HWCNT_READER_PUT_BUFFER	1796
ioctl$KBASE_HWCNT_READER_PUT_BUFFER_WITH_CYCLES	1797
ioctl$KBASE_HWCNT_READER_SET_INTERVAL	1798
ioctl$KBASE_IOCTL_BUFFER_LIVENESS_UPDATE	1799
ioctl$KBASE_IOCTL_CONTEXT_PRIORITY_CHECK	1800
ioctl$KBASE_IOCTL_CS_CPU_QUEUE_DUMP	1801
ioctl$KBASE_IOCTL_CS_EVENT_SIGNAL	1802
ioctl$KBASE_IOCTL_CS_GET_GLB_IFACE	1803
ioctl$KBASE_IOCTL_CS_QUEUE_BIND	1804
ioctl$KBASE_IOCTL_CS_QUEUE_GROUP_CREATE	1805
ioctl$KBASE_IOCTL_CS_QUEUE_GROUP_CREATE_1_6	1806
ioctl$KBASE_IOCTL_CS_QUEUE_GROUP_TERMINATE	1807
ioctl$KBASE_IOCTL_CS_QUEUE_KICK	1808
ioctl$KBASE_IOCTL_CS_QUEUE_REGISTER	1809
ioctl$KBASE_IOCTL_CS_QUEUE_REGISTER_EX	1810
ioctl$KBASE_IOCTL_CS_QUEUE_TERMINATE	1811
ioctl$KBASE_IOCTL_CS_TILER_HEAP_INIT	1812
ioctl$KBASE_IOCTL_CS_TILER_HEAP_INIT_1_13	1813
ioctl$KBASE_IOCTL_CS_TILER_HEAP_TERM	1814
ioctl$KBASE_IOCTL_DISJOINT_QUERY	1815
ioctl$KBASE_IOCTL_FENCE_VALIDATE	1816
ioctl$KBASE_IOCTL_GET_CONTEXT_ID	1817
ioctl$KBASE_IOCTL_GET_CPU_GPU_TIMEINFO	1818
ioctl$KBASE_IOCTL_GET_DDK_VERSION	1819
ioctl$KBASE_IOCTL_GET_GPUPROPS	1820
ioctl$KBASE_IOCTL_HWCNT_CLEAR	1821
ioctl$KBASE_IOCTL_HWCNT_DUMP	1822
ioctl$KBASE_IOCTL_HWCNT_ENABLE	1823
ioctl$KBASE_IOCTL_HWCNT_READER_SETUP	1824
ioctl$KBASE_IOCTL_HWCNT_SET	1825
ioctl$KBASE_IOCTL_JOB_SUBMIT	1826
ioctl$KBASE_IOCTL_KCPU_QUEUE_CREATE	1827
ioctl$KBASE_IOCTL_KCPU_QUEUE_DELETE	1828
ioctl$KBASE_IOCTL_KCPU_QUEUE_ENQUEUE	1829
ioctl$KBASE_IOCTL_KINSTR_PRFCNT_CMD	1830
ioctl$KBASE_IOCTL_KINSTR_PRFCNT_ENUM_INFO	1831
ioctl$KBASE_IOCTL_KINSTR_PRFCNT_GET_SAMPLE	1832
ioctl$KBASE_IOCTL_KINSTR_PRFCNT_PUT_SAMPLE	1833
ioctl$KBASE_IOCTL_KINSTR_PRFCNT_SETUP	1834
ioctl$KBASE_IOCTL_MEM_ALIAS	1835
ioctl$KBASE_IOCTL_MEM_ALLOC	1836
ioctl$KBASE_IOCTL_MEM_ALLOC_EX	1837
ioctl$KBASE_IOCTL_MEM_COMMIT	1838
ioctl$KBASE_IOCTL_MEM_EXEC_INIT	1839
ioctl$KBASE_IOCTL_MEM_FIND_CPU_OFFSET	1840
ioctl$KBASE_IOCTL_MEM_FIND_GPU_START_AND_OFFSET	1841
ioctl$KBASE_IOCTL_MEM_FLAGS_CHANGE	1842
ioctl$KBASE_IOCTL_MEM_FREE	1843
ioctl$KBASE_IOCTL_MEM_IMPORT	1844
ioctl$KBASE_IOCTL_MEM_JIT_INIT	1845
ioctl$KBASE_IOCTL_MEM_JIT_INIT_10_2	1846
ioctl$KBASE_IOCTL_MEM_JIT_INIT_11_5	1847
ioctl$KBASE_IOCTL_MEM_PROFILE_ADD	1848
ioctl$KBASE_IOCTL_MEM_QUERY	1849
ioctl$KBASE_IOCTL_MEM_SYNC	1850
ioctl$KBASE_IOCTL_POST_TERM	1851
ioctl$KBASE_IOCTL_READ_USER_PAGE	1852
ioctl$KBASE_IOCTL_SET_FLAGS	1853
ioctl$KBASE_IOCTL_SET_LIMITED_CORE_COUNT	1854
ioctl$KBASE_IOCTL_SOFT_EVENT_UPDATE	1855
ioctl$KBASE_IOCTL_STICKY_RESOURCE_MAP	1856
ioctl$KBASE_IOCTL_STICKY_RESOURCE_UNMAP	1857
ioctl$KBASE_IOCTL_STREAM_CREATE	1858
ioctl$KBASE_IOCTL_TLSTREAM_ACQUIRE	1859
ioctl$KBASE_IOCTL_TLSTREAM_FLUSH	1860
ioctl$KBASE_IOCTL_VERSION_CHECK	1861
ioctl$KBASE_IOCTL_VERSION_CHECK_RESERVED	1862
ioctl$KDADDIO	1863
ioctl$KDDELIO	1864
ioctl$KDDISABIO	1865
ioctl$KDENABIO	1866
ioctl$KDFONTOP_COPY	1867
ioctl$KDFONTOP_GET	1868
ioctl$KDFONTOP_SET	1869
ioctl$KDFONTOP_SET_DEF	1870
ioctl$KDGETKEYCODE	1871
ioctl$KDGETLED	1872
ioctl$KDGETMODE	1873
ioctl$KDGKBDIACR	1874
ioctl$KDGKBENT	1875
ioctl$KDGKBLED	1876
ioctl$KDGKBMETA	1877
ioctl$KDGKBMODE	1878
ioctl$KDGKBSENT	1879
ioctl$KDGKBTYPE	1880
ioctl$KDMKTONE	1881
ioctl$KDSETKEYCODE	1882
ioctl$KDSETLED	1883
ioctl$KDSETMODE	1884
ioctl$KDSIGACCEPT	1885
ioctl$KDSKBENT	1886
ioctl$KDSKBLED	1887
ioctl$KDSKBMETA	1888
ioctl$KDSKBMODE	1889
ioctl$KDSKBSENT	1890
ioctl$KIOCSOUND	1891
ioctl$KVM_ASSIGN_SET_MSIX_ENTRY	1892
ioctl$KVM_ASSIGN_SET_MSIX_NR	1893
ioctl$KVM_CAP_DIRTY_LOG_RING	1894
ioctl$KVM_CAP_DIRTY_LOG_RING_ACQ_REL	1895
ioctl$KVM_CAP_DISABLE_QUIRKS	1896
ioctl$KVM_CAP_DISABLE_QUIRKS2	1897
ioctl$KVM_CAP_ENFORCE_PV_FEATURE_CPUID	1898
ioctl$KVM_CAP_EXCEPTION_PAYLOAD	1899
ioctl$KVM_CAP_EXIT_HYPERCALL	1900
ioctl$KVM_CAP_EXIT_ON_EMULATION_FAILURE	1901
ioctl$KVM_CAP_HALT_POLL	1902
ioctl$KVM_CAP_HYPERV_DIRECT_TLBFLUSH	1903
ioctl$KVM_CAP_HYPERV_ENFORCE_CPUID	1904
ioctl$KVM_CAP_HYPERV_ENLIGHTENED_VMCS	1905
ioctl$KVM_CAP_HYPERV_SEND_IPI	1906
ioctl$KVM_CAP_HYPERV_SYNIC	1907
ioctl$KVM_CAP_HYPERV_SYNIC2	1908
ioctl$KVM_CAP_HYPERV_TLBFLUSH	1909
ioctl$KVM_CAP_HYPERV_VP_INDEX	1910
ioctl$KVM_CAP_MANUAL_DIRTY_LOG_PROTECT2	1911
ioctl$KVM_CAP_MAX_VCPU_ID	1912
ioctl$KVM_CAP_MEMORY_FAULT_INFO	1913
ioctl$KVM_CAP_MSR_PLATFORM_INFO	1914
ioctl$KVM_CAP_PMU_CAPABILITY	1915
ioctl$KVM_CAP_PTP_KVM	1916
ioctl$KVM_CAP_SGX_ATTRIBUTE	1917
ioctl$KVM_CAP_SPLIT_IRQCHIP	1918
ioctl$KVM_CAP_STEAL_TIME	1919
ioctl$KVM_CAP_SYNC_REGS	1920
ioctl$KVM_CAP_VM_COPY_ENC_CONTEXT_FROM	1921
ioctl$KVM_CAP_VM_DISABLE_NX_HUGE_PAGES	1922
ioctl$KVM_CAP_VM_MOVE_ENC_CONTEXT_FROM	1923
ioctl$KVM_CAP_VM_TYPES	1924
ioctl$KVM_CAP_X2APIC_API	1925
ioctl$KVM_CAP_X86_APIC_BUS_CYCLES_NS	1926
ioctl$KVM_CAP_X86_BUS_LOCK_EXIT	1927
ioctl$KVM_CAP_X86_DISABLE_EXITS	1928
ioctl$KVM_CAP_X86_GUEST_MODE	1929
ioctl$KVM_CAP_X86_NOTIFY_VMEXIT	1930
ioctl$KVM_CAP_X86_USER_SPACE_MSR	1931
ioctl$KVM_CAP_XEN_HVM	1932
ioctl$KVM_CHECK_EXTENSION	1933
ioctl$KVM_CHECK_EXTENSION_VM	1934
ioctl$KVM_CLEAR_DIRTY_LOG	1935
ioctl$KVM_CREATE_DEVICE	1936
ioctl$KVM_CREATE_GUEST_MEMFD	1937
ioctl$KVM_CREATE_IRQCHIP	1938
ioctl$KVM_CREATE_PIT2	1939
ioctl$KVM_CREATE_VCPU	1940
ioctl$KVM_CREATE_VM	1941
ioctl$KVM_DIRTY_TLB	1942
ioctl$KVM_GET_API_VERSION	1943
ioctl$KVM_GET_CLOCK	1944
ioctl$KVM_GET_CPUID2	1945
ioctl$KVM_GET_DEBUGREGS	1946
ioctl$KVM_GET_DEVICE_ATTR	1947
ioctl$KVM_GET_DEVICE_ATTR_vcpu	1948
ioctl$KVM_GET_DEVICE_ATTR_vm	1949
ioctl$KVM_GET_DIRTY_LOG	1950
ioctl$KVM_GET_EMULATED_CPUID	1951
ioctl$KVM_GET_FPU	1952
ioctl$KVM_GET_IRQCHIP	1953
ioctl$KVM_GET_LAPIC	1954
ioctl$KVM_GET_MP_STATE	1955
ioctl$KVM_GET_MSRS	1956
ioctl$KVM_GET_MSR_INDEX_LIST	1957
ioctl$KVM_GET_NESTED_STATE	1958
ioctl$KVM_GET_NR_MMU_PAGES	1959
ioctl$KVM_GET_ONE_REG	1960
ioctl$KVM_GET_PIT	1961
ioctl$KVM_GET_PIT2	1962
ioctl$KVM_GET_REGS	1963
ioctl$KVM_GET_REG_LIST	1964
ioctl$KVM_GET_SREGS	1965
ioctl$KVM_GET_SUPPORTED_CPUID	1966
ioctl$KVM_GET_TSC_KHZ	1967
ioctl$KVM_GET_VCPU_EVENTS	1968
ioctl$KVM_GET_VCPU_MMAP_SIZE	1969
ioctl$KVM_GET_XCRS	1970
ioctl$KVM_GET_XSAVE	1971
ioctl$KVM_GET_XSAVE2	1972
ioctl$KVM_HAS_DEVICE_ATTR	1973
ioctl$KVM_HAS_DEVICE_ATTR_vcpu	1974
ioctl$KVM_HAS_DEVICE_ATTR_vm	1975
ioctl$KVM_HYPERV_EVENTFD	1976
ioctl$KVM_INTERRUPT	1977
ioctl$KVM_IOEVENTFD	1978
ioctl$KVM_IRQFD	1979
ioctl$KVM_IRQ_LINE	1980
ioctl$KVM_IRQ_LINE_STATUS	1981
ioctl$KVM_KVMCLOCK_CTRL	1982
ioctl$KVM_NMI	1983
ioctl$KVM_PPC_ALLOCATE_HTAB	1984
ioctl$KVM_PRE_FAULT_MEMORY	1985
ioctl$KVM_REGISTER_COALESCED_MMIO	1986
ioctl$KVM_REINJECT_CONTROL	1987
ioctl$KVM_RESET_DIRTY_RINGS	1988
ioctl$KVM_RUN	1989
ioctl$KVM_S390_VCPU_FAULT	1990
ioctl$KVM_SET_BOOT_CPU_ID	1991
ioctl$KVM_SET_CLOCK	1992
ioctl$KVM_SET_CPUID	1993
ioctl$KVM_SET_CPUID2	1994
ioctl$KVM_SET_DEBUGREGS	1995
ioctl$KVM_SET_DEVICE_ATTR	1996
ioctl$KVM_SET_DEVICE_ATTR_vcpu	1997
ioctl$KVM_SET_DEVICE_ATTR_vm	1998
ioctl$KVM_SET_FPU	1999
ioctl$KVM_SET_GSI_ROUTING	2000
ioctl$KVM_SET_GUEST_DEBUG	2001
ioctl$KVM_SET_IDENTITY_MAP_ADDR	2002
ioctl$KVM_SET_IRQCHIP	2003
ioctl$KVM_SET_LAPIC	2004
ioctl$KVM_SET_MEMORY_ATTRIBUTES	2005
ioctl$KVM_SET_MP_STATE	2006
ioctl$KVM_SET_MSRS	2007
ioctl$KVM_SET_NESTED_STATE	2008
ioctl$KVM_SET_NR_MMU_PAGES	2009
ioctl$KVM_SET_ONE_REG	2010
ioctl$KVM_SET_PIT	2011
ioctl$KVM_SET_PIT2	2012
ioctl$KVM_SET_REGS	2013
ioctl$KVM_SET_SIGNAL_MASK	2014
ioctl$KVM_SET_SREGS	2015
ioctl$KVM_SET_TSC_KHZ	2016
ioctl$KVM_SET_TSS_ADDR	2017
ioctl$KVM_SET_USER_MEMORY_REGION	2018
ioctl$KVM_SET_USER_MEMORY_REGION2	2019
ioctl$KVM_SET_VAPIC_ADDR	2020
ioctl$KVM_SET_VCPU_EVENTS	2021
ioctl$KVM_SET_XCRS	2022
ioctl$KVM_SET_XSAVE	2023
ioctl$KVM_SIGNAL_MSI	2024
ioctl$KVM_SMI	2025
ioctl$KVM_TPR_ACCESS_REPORTING	2026
ioctl$KVM_TRANSLATE	2027
ioctl$KVM_UNREGISTER_COALESCED_MMIO	2028
ioctl$KVM_X86_GET_MCE_CAP_SUPPORTED	2029
ioctl$KVM_X86_SETUP_MCE	2030
ioctl$KVM_X86_SET_MCE	2031
ioctl$KVM_XEN_HVM_CONFIG	2032
ioctl$LOOP_CHANGE_FD	2033
ioctl$LOOP_CLR_FD	2034
ioctl$LOOP_CONFIGURE	2035
ioctl$LOOP_CTL_ADD	2036
ioctl$LOOP_CTL_GET_FREE	2037
ioctl$LOOP_CTL_REMOVE	2038
ioctl$LOOP_GET_STATUS	2039
ioctl$LOOP_GET_STATUS64	2040
ioctl$LOOP_SET_BLOCK_SIZE	2041
ioctl$LOOP_SET_CAPACITY	2042
ioctl$LOOP_SET_DIRECT_IO	2043
ioctl$LOOP_SET_FD	2044
ioctl$LOOP_SET_STATUS	2045
ioctl$LOOP_SET_STATUS64	2046
ioctl$MEDIA_IOC_DEVICE_INFO	2047
ioctl$MEDIA_IOC_ENUM_ENTITIES	2048
ioctl$MEDIA_IOC_ENUM_LINKS	2049
ioctl$MEDIA_IOC_G_TOPOLOGY	2050
ioctl$MEDIA_IOC_REQUEST_ALLOC	2051
ioctl$MEDIA_IOC_SETUP_LINK	2052
ioctl$MEDIA_REQUEST_IOC_QUEUE	2053
ioctl$MEDIA_REQUEST_IOC_REINIT	2054
ioctl$MON_IOCG_STATS	2055
ioctl$MON_IOCH_MFLUSH	2056
ioctl$MON_IOCQ_RING_SIZE	2057
ioctl$MON_IOCQ_URB_LEN	2058
ioctl$MON_IOCT_RING_SIZE	2059
ioctl$MON_IOCX_GET	2060
ioctl$MON_IOCX_GETX	2061
ioctl$MON_IOCX_MFETCH	2062
ioctl$NBD_CLEAR_QUE	2063
ioctl$NBD_CLEAR_SOCK	2064
ioctl$NBD_DISCONNECT	2065
ioctl$NBD_DO_IT	2066
ioctl$NBD_PRINT_DEBUG	2067
ioctl$NBD_SET_BLKSIZE	2068
ioctl$NBD_SET_FLAGS	2069
ioctl$NBD_SET_SIZE	2070
ioctl$NBD_SET_SIZE_BLOCKS	2071
ioctl$NBD_SET_SOCK	2072
ioctl$NBD_SET_TIMEOUT	2073
ioctl$NS_GET_NSTYPE	2074
ioctl$NS_GET_OWNER_UID	2075
ioctl$NS_GET_PARENT	2076
ioctl$NS_GET_USERNS	2077
ioctl$PAGEMAP_SCAN	2078
ioctl$PERF_EVENT_IOC_DISABLE	2079
ioctl$PERF_EVENT_IOC_ENABLE	2080
ioctl$PERF_EVENT_IOC_ID	2081
ioctl$PERF_EVENT_IOC_MODIFY_ATTRIBUTES	2082
ioctl$PERF_EVENT_IOC_PAUSE_OUTPUT	2083
ioctl$PERF_EVENT_IOC_PERIOD	2084
ioctl$PERF_EVENT_IOC_QUERY_BPF	2085
ioctl$PERF_EVENT_IOC_REFRESH	2086
ioctl$PERF_EVENT_IOC_RESET	2087
ioctl$PERF_EVENT_IOC_SET_BPF	2088
ioctl$PERF_EVENT_IOC_SET_FILTER	2089
ioctl$PERF_EVENT_IOC_SET_OUTPUT	2090
ioctl$PIO_CMAP	2091
ioctl$PIO_FONT	2092
ioctl$PIO_FONTRESET	2093
ioctl$PIO_FONTX	2094
ioctl$PIO_SCRNMAP	2095
ioctl$PIO_UNIMAP	2096
ioctl$PIO_UNIMAPCLR	2097
ioctl$PIO_UNISCRNMAP	2098
ioctl$PPPIOCATTACH	2099
ioctl$PPPIOCATTCHAN	2100
ioctl$PPPIOCBRIDGECHAN	2101
ioctl$PPPIOCCONNECT	2102
ioctl$PPPIOCDISCONN	2103
ioctl$PPPIOCGCHAN	2104
ioctl$PPPIOCGDEBUG	2105
ioctl$PPPIOCGFLAGS	2106
ioctl$PPPIOCGFLAGS1	2107
ioctl$PPPIOCGIDLE	2108
ioctl$PPPIOCGIDLE32	2109
ioctl$PPPIOCGIDLE64	2110
ioctl$PPPIOCGL2TPSTATS	2111
ioctl$PPPIOCGMRU	2112
ioctl$PPPIOCGNPMODE	2113
ioctl$PPPIOCGUNIT	2114
ioctl$PPPIOCNEWUNIT	2115
ioctl$PPPIOCSACTIVE	2116
ioctl$PPPIOCSCOMPRESS	2117
ioctl$PPPIOCSDEBUG	2118
ioctl$PPPIOCSFLAGS	2119
ioctl$PPPIOCSFLAGS1	2120
ioctl$PPPIOCSMAXCID	2121
ioctl$PPPIOCSMRRU	2122
ioctl$PPPIOCSMRU	2123
ioctl$PPPIOCSMRU1	2124
ioctl$PPPIOCSNPMODE	2125
ioctl$PPPIOCSPASS	2126
ioctl$PPPIOCUNBRIDGECHAN	2127
ioctl$PPPOEIOCDFWD	2128
ioctl$PPPOEIOCSFWD	2129
ioctl$PTP_CLOCK_GETCAPS	2130
ioctl$PTP_ENABLE_PPS	2131
ioctl$PTP_EXTTS_REQUEST	2132
ioctl$PTP_EXTTS_REQUEST2	2133
ioctl$PTP_PEROUT_REQUEST	2134
ioctl$PTP_PEROUT_REQUEST2	2135
ioctl$PTP_PIN_GETFUNC	2136
ioctl$PTP_PIN_GETFUNC2	2137
ioctl$PTP_PIN_SETFUNC	2138
ioctl$PTP_PIN_SETFUNC2	2139
ioctl$PTP_SYS_OFFSET	2140
ioctl$PTP_SYS_OFFSET_EXTENDED	2141
ioctl$PTP_SYS_OFFSET_PRECISE	2142
ioctl$READ_COUNTERS	2143
ioctl$RFKILL_IOCTL_NOINPUT	2144
ioctl$RFKILL_IOC_MAX_SIZE	2145
ioctl$RNDADDENTROPY	2146
ioctl$RNDADDTOENTCNT	2147
ioctl$RNDCLEARPOOL	2148
ioctl$RNDGETENTCNT	2149
ioctl$RNDZAPENTCNT	2150
ioctl$RTC_AIE_OFF	2151
ioctl$RTC_AIE_ON	2152
ioctl$RTC_ALM_READ	2153
ioctl$RTC_ALM_SET	2154
ioctl$RTC_EPOCH_READ	2155
ioctl$RTC_EPOCH_SET	2156
ioctl$RTC_IRQP_READ	2157
ioctl$RTC_IRQP_SET	2158
ioctl$RTC_PIE_OFF	2159
ioctl$RTC_PIE_ON	2160
ioctl$RTC_PLL_GET	2161
ioctl$RTC_PLL_SET	2162
ioctl$RTC_RD_TIME	2163
ioctl$RTC_SET_TIME	2164
ioctl$RTC_UIE_OFF	2165
ioctl$RTC_UIE_ON	2166
ioctl$RTC_VL_CLR	2167
ioctl$RTC_VL_READ	2168
ioctl$RTC_WIE_OFF	2169
ioctl$RTC_WIE_ON	2170
ioctl$RTC_WKALM_RD	2171
ioctl$RTC_WKALM_SET	2172
ioctl$SCSI_IOCTL_BENCHMARK_COMMAND	2173
ioctl$SCSI_IOCTL_DOORLOCK	2174
ioctl$SCSI_IOCTL_DOORUNLOCK	2175
ioctl$SCSI_IOCTL_GET_BUS_NUMBER	2176
ioctl$SCSI_IOCTL_GET_IDLUN	2177
ioctl$SCSI_IOCTL_GET_PCI	2178
ioctl$SCSI_IOCTL_PROBE_HOST	2179
ioctl$SCSI_IOCTL_SEND_COMMAND	2180
ioctl$SCSI_IOCTL_START_UNIT	2181
ioctl$SCSI_IOCTL_STOP_UNIT	2182
ioctl$SCSI_IOCTL_SYNC	2183
ioctl$SCSI_IOCTL_TEST_UNIT_READY	2184
ioctl$SECCOMP_IOCTL_NOTIF_ADDFD	2185
ioctl$SECCOMP_IOCTL_NOTIF_ID_VALID	2186
ioctl$SECCOMP_IOCTL_NOTIF_RECV	2187
ioctl$SECCOMP_IOCTL_NOTIF_SEND	2188
ioctl$SG_BLKSECTGET	2189
ioctl$SG_BLKTRACESETUP	2190
ioctl$SG_BLKTRACESTART	2191
ioctl$SG_BLKTRACESTOP	2192
ioctl$SG_BLKTRACETEARDOWN	2193
ioctl$SG_EMULATED_HOST	2194
ioctl$SG_GET_ACCESS_COUNT	2195
ioctl$SG_GET_COMMAND_Q	2196
ioctl$SG_GET_KEEP_ORPHAN	2197
ioctl$SG_GET_LOW_DMA	2198
ioctl$SG_GET_NUM_WAITING	2199
ioctl$SG_GET_PACK_ID	2200
ioctl$SG_GET_REQUEST_TABLE	2201
ioctl$SG_GET_RESERVED_SIZE	2202
ioctl$SG_GET_SCSI_ID	2203
ioctl$SG_GET_SG_TABLESIZE	2204
ioctl$SG_GET_TIMEOUT	2205
ioctl$SG_GET_VERSION_NUM	2206
ioctl$SG_IO	2207
ioctl$SG_NEXT_CMD_LEN	2208
ioctl$SG_SCSI_RESET	2209
ioctl$SG_SET_COMMAND_Q	2210
ioctl$SG_SET_DEBUG	2211
ioctl$SG_SET_FORCE_PACK_ID	2212
ioctl$SG_SET_KEEP_ORPHAN	2213
ioctl$SG_SET_RESERVED_SIZE	2214
ioctl$SG_SET_TIMEOUT	2215
ioctl$SIOCAX25ADDFWD	2216
ioctl$SIOCAX25ADDUID	2217
ioctl$SIOCAX25CTLCON	2218
ioctl$SIOCAX25DELFWD	2219
ioctl$SIOCAX25DELUID	2220
ioctl$SIOCAX25GETINFO	2221
ioctl$SIOCAX25GETINFOOLD	2222
ioctl$SIOCAX25GETUID	2223
ioctl$SIOCAX25NOUID	2224
ioctl$SIOCAX25OPTRT	2225
ioctl$SIOCGETLINKNAME	2226
ioctl$SIOCGETMIFCNT_IN6	2227
ioctl$SIOCGETNODEID	2228
ioctl$SIOCGETSGCNT	2229
ioctl$SIOCGETSGCNT_IN6	2230
ioctl$SIOCGETVIFCNT	2231
ioctl$SIOCGIFHWADDR	2232
ioctl$SIOCGIFMTU	2233
ioctl$SIOCGSKNS	2234
ioctl$SIOCGSTAMP	2235
ioctl$SIOCGSTAMPNS	2236
ioctl$SIOCNRDECOBS	2237
ioctl$SIOCPNADDRESOURCE	2238
ioctl$SIOCPNDELRESOURCE	2239
ioctl$SIOCPNENABLEPIPE	2240
ioctl$SIOCPNGETOBJECT	2241
ioctl$SIOCRSACCEPT	2242
ioctl$SIOCRSGCAUSE	2243
ioctl$SIOCRSGL2CALL	2244
ioctl$SIOCRSSCAUSE	2245
ioctl$SIOCRSSL2CALL	2246
ioctl$SIOCSIFHWADDR	2247
ioctl$SIOCSIFMTU	2248
ioctl$SIOCX25CALLACCPTAPPRV	2249
ioctl$SIOCX25GCALLUSERDATA	2250
ioctl$SIOCX25GCAUSEDIAG	2251
ioctl$SIOCX25GDTEFACILITIES	2252
ioctl$SIOCX25GFACILITIES	2253
ioctl$SIOCX25GSUBSCRIP	2254
ioctl$SIOCX25SCALLUSERDATA	2255
ioctl$SIOCX25SCAUSEDIAG	2256
ioctl$SIOCX25SCUDMATCHLEN	2257
ioctl$SIOCX25SDTEFACILITIES	2258
ioctl$SIOCX25SENDCALLACCPT	2259
ioctl$SIOCX25SFACILITIES	2260
ioctl$SIOCX25SSUBSCRIP	2261
ioctl$SNAPSHOT_ALLOC_SWAP_PAGE	2262
ioctl$SNAPSHOT_ATOMIC_RESTORE	2263
ioctl$SNAPSHOT_AVAIL_SWAP_SIZE	2264
ioctl$SNAPSHOT_CREATE_IMAGE	2265
ioctl$SNAPSHOT_FREE	2266
ioctl$SNAPSHOT_FREEZE	2267
ioctl$SNAPSHOT_FREE_SWAP_PAGES	2268
ioctl$SNAPSHOT_GET_IMAGE_SIZE	2269
ioctl$SNAPSHOT_PLATFORM_SUPPORT	2270
ioctl$SNAPSHOT_POWER_OFF	2271
ioctl$SNAPSHOT_PREF_IMAGE_SIZE	2272
ioctl$SNAPSHOT_S2RAM	2273
ioctl$SNAPSHOT_SET_SWAP_AREA	2274
ioctl$SNAPSHOT_UNFREEZE	2275
ioctl$SNDCTL_DSP_CHANNELS	2276
ioctl$SNDCTL_DSP_GETBLKSIZE	2277
ioctl$SNDCTL_DSP_GETCAPS	2278
ioctl$SNDCTL_DSP_GETFMTS	2279
ioctl$SNDCTL_DSP_GETIPTR	2280
ioctl$SNDCTL_DSP_GETISPACE	2281
ioctl$SNDCTL_DSP_GETODELAY	2282
ioctl$SNDCTL_DSP_GETOPTR	2283
ioctl$SNDCTL_DSP_GETOSPACE	2284
ioctl$SNDCTL_DSP_GETTRIGGER	2285
ioctl$SNDCTL_DSP_NONBLOCK	2286
ioctl$SNDCTL_DSP_POST	2287
ioctl$SNDCTL_DSP_RESET	2288
ioctl$SNDCTL_DSP_SETDUPLEX	2289
ioctl$SNDCTL_DSP_SETFMT	2290
ioctl$SNDCTL_DSP_SETFRAGMENT	2291
ioctl$SNDCTL_DSP_SETTRIGGER	2292
ioctl$SNDCTL_DSP_SPEED	2293
ioctl$SNDCTL_DSP_STEREO	2294
ioctl$SNDCTL_DSP_SUBDIVIDE	2295
ioctl$SNDCTL_DSP_SYNC	2296
ioctl$SNDCTL_FM_4OP_ENABLE	2297
ioctl$SNDCTL_FM_LOAD_INSTR	2298
ioctl$SNDCTL_MIDI_INFO	2299
ioctl$SNDCTL_MIDI_PRETIME	2300
ioctl$SNDCTL_SEQ_CTRLRATE	2301
ioctl$SNDCTL_SEQ_GETINCOUNT	2302
ioctl$SNDCTL_SEQ_GETOUTCOUNT	2303
ioctl$SNDCTL_SEQ_GETTIME	2304
ioctl$SNDCTL_SEQ_NRMIDIS	2305
ioctl$SNDCTL_SEQ_NRSYNTHS	2306
ioctl$SNDCTL_SEQ_OUTOFBAND	2307
ioctl$SNDCTL_SEQ_PANIC	2308
ioctl$SNDCTL_SEQ_RESET	2309
ioctl$SNDCTL_SEQ_RESETSAMPLES	2310
ioctl$SNDCTL_SEQ_SYNC	2311
ioctl$SNDCTL_SEQ_TESTMIDI	2312
ioctl$SNDCTL_SEQ_THRESHOLD	2313
ioctl$SNDCTL_SYNTH_ID	2314
ioctl$SNDCTL_SYNTH_INFO	2315
ioctl$SNDCTL_SYNTH_MEMAVL	2316
ioctl$SNDCTL_TMR_CONTINUE	2317
ioctl$SNDCTL_TMR_METRONOME	2318
ioctl$SNDCTL_TMR_SELECT	2319
ioctl$SNDCTL_TMR_SOURCE	2320
ioctl$SNDCTL_TMR_START	2321
ioctl$SNDCTL_TMR_STOP	2322
ioctl$SNDCTL_TMR_TEMPO	2323
ioctl$SNDCTL_TMR_TIMEBASE	2324
ioctl$SNDRV_CTL_IOCTL_CARD_INFO	2325
ioctl$SNDRV_CTL_IOCTL_ELEM_ADD	2326
ioctl$SNDRV_CTL_IOCTL_ELEM_INFO	2327
ioctl$SNDRV_CTL_IOCTL_ELEM_LIST	2328
ioctl$SNDRV_CTL_IOCTL_ELEM_LOCK	2329
ioctl$SNDRV_CTL_IOCTL_ELEM_READ	2330
ioctl$SNDRV_CTL_IOCTL_ELEM_REMOVE	2331
ioctl$SNDRV_CTL_IOCTL_ELEM_REPLACE	2332
ioctl$SNDRV_CTL_IOCTL_ELEM_UNLOCK	2333
ioctl$SNDRV_CTL_IOCTL_ELEM_WRITE	2334
ioctl$SNDRV_CTL_IOCTL_HWDEP_INFO	2335
ioctl$SNDRV_CTL_IOCTL_HWDEP_NEXT_DEVICE	2336
ioctl$SNDRV_CTL_IOCTL_PCM_INFO	2337
ioctl$SNDRV_CTL_IOCTL_PCM_NEXT_DEVICE	2338
ioctl$SNDRV_CTL_IOCTL_PCM_PREFER_SUBDEVICE	2339
ioctl$SNDRV_CTL_IOCTL_POWER_STATE	2340
ioctl$SNDRV_CTL_IOCTL_PVERSION	2341
ioctl$SNDRV_CTL_IOCTL_RAWMIDI_INFO	2342
ioctl$SNDRV_CTL_IOCTL_RAWMIDI_NEXT_DEVICE	2343
ioctl$SNDRV_CTL_IOCTL_RAWMIDI_PREFER_SUBDEVICE	2344
ioctl$SNDRV_CTL_IOCTL_SUBSCRIBE_EVENTS	2345
ioctl$SNDRV_CTL_IOCTL_TLV_COMMAND	2346
ioctl$SNDRV_CTL_IOCTL_TLV_READ	2347
ioctl$SNDRV_CTL_IOCTL_TLV_WRITE	2348
ioctl$SNDRV_FIREWIRE_IOCTL_GET_INFO	2349
ioctl$SNDRV_FIREWIRE_IOCTL_LOCK	2350
ioctl$SNDRV_FIREWIRE_IOCTL_TASCAM_STATE	2351
ioctl$SNDRV_FIREWIRE_IOCTL_UNLOCK	2352
ioctl$SNDRV_HWDEP_IOCTL_DSP_LOAD	2353
ioctl$SNDRV_HWDEP_IOCTL_DSP_STATUS	2354
ioctl$SNDRV_HWDEP_IOCTL_INFO	2355
ioctl$SNDRV_HWDEP_IOCTL_PVERSION	2356
ioctl$SNDRV_PCM_IOCTL_CHANNEL_INFO	2357
ioctl$SNDRV_PCM_IOCTL_DELAY	2358
ioctl$SNDRV_PCM_IOCTL_DRAIN	2359
ioctl$SNDRV_PCM_IOCTL_DROP	2360
ioctl$SNDRV_PCM_IOCTL_FORWARD	2361
ioctl$SNDRV_PCM_IOCTL_HWSYNC	2362
ioctl$SNDRV_PCM_IOCTL_HW_FREE	2363
ioctl$SNDRV_PCM_IOCTL_HW_PARAMS	2364
ioctl$SNDRV_PCM_IOCTL_HW_PARAMS_OLD	2365
ioctl$SNDRV_PCM_IOCTL_HW_REFINE	2366
ioctl$SNDRV_PCM_IOCTL_HW_REFINE_OLD	2367
ioctl$SNDRV_PCM_IOCTL_INFO	2368
ioctl$SNDRV_PCM_IOCTL_LINK	2369
ioctl$SNDRV_PCM_IOCTL_PAUSE	2370
ioctl$SNDRV_PCM_IOCTL_PREPARE	2371
ioctl$SNDRV_PCM_IOCTL_READI_FRAMES	2372
ioctl$SNDRV_PCM_IOCTL_READN_FRAMES	2373
ioctl$SNDRV_PCM_IOCTL_RESET	2374
ioctl$SNDRV_PCM_IOCTL_RESUME	2375
ioctl$SNDRV_PCM_IOCTL_REWIND	2376
ioctl$SNDRV_PCM_IOCTL_START	2377
ioctl$SNDRV_PCM_IOCTL_STATUS32	2378
ioctl$SNDRV_PCM_IOCTL_STATUS64	2379
ioctl$SNDRV_PCM_IOCTL_STATUS_EXT32	2380
ioctl$SNDRV_PCM_IOCTL_STATUS_EXT64	2381
ioctl$SNDRV_PCM_IOCTL_SW_PARAMS	2382
ioctl$SNDRV_PCM_IOCTL_SYNC_PTR	2383
ioctl$SNDRV_PCM_IOCTL_TTSTAMP	2384
ioctl$SNDRV_PCM_IOCTL_UNLINK	2385
ioctl$SNDRV_PCM_IOCTL_USER_PVERSION	2386
ioctl$SNDRV_PCM_IOCTL_WRITEI_FRAMES	2387
ioctl$SNDRV_PCM_IOCTL_WRITEN_FRAMES	2388
ioctl$SNDRV_PCM_IOCTL_XRUN	2389
ioctl$SNDRV_RAWMIDI_IOCTL_DRAIN	2390
ioctl$SNDRV_RAWMIDI_IOCTL_DROP	2391
ioctl$SNDRV_RAWMIDI_IOCTL_INFO	2392
ioctl$SNDRV_RAWMIDI_IOCTL_PARAMS	2393
ioctl$SNDRV_RAWMIDI_IOCTL_PVERSION	2394
ioctl$SNDRV_RAWMIDI_IOCTL_STATUS32	2395
ioctl$SNDRV_RAWMIDI_IOCTL_STATUS64	2396
ioctl$SNDRV_SEQ_IOCTL_CLIENT_ID	2397
ioctl$SNDRV_SEQ_IOCTL_CREATE_PORT	2398
ioctl$SNDRV_SEQ_IOCTL_CREATE_QUEUE	2399
ioctl$SNDRV_SEQ_IOCTL_DELETE_PORT	2400
ioctl$SNDRV_SEQ_IOCTL_DELETE_QUEUE	2401
ioctl$SNDRV_SEQ_IOCTL_GET_CLIENT_INFO	2402
ioctl$SNDRV_SEQ_IOCTL_GET_CLIENT_POOL	2403
ioctl$SNDRV_SEQ_IOCTL_GET_NAMED_QUEUE	2404
ioctl$SNDRV_SEQ_IOCTL_GET_PORT_INFO	2405
ioctl$SNDRV_SEQ_IOCTL_GET_QUEUE_CLIENT	2406
ioctl$SNDRV_SEQ_IOCTL_GET_QUEUE_INFO	2407
ioctl$SNDRV_SEQ_IOCTL_GET_QUEUE_STATUS	2408
ioctl$SNDRV_SEQ_IOCTL_GET_QUEUE_TEMPO	2409
ioctl$SNDRV_SEQ_IOCTL_GET_QUEUE_TIMER	2410
ioctl$SNDRV_SEQ_IOCTL_GET_SUBSCRIPTION	2411
ioctl$SNDRV_SEQ_IOCTL_PVERSION	2412
ioctl$SNDRV_SEQ_IOCTL_QUERY_NEXT_CLIENT	2413
ioctl$SNDRV_SEQ_IOCTL_QUERY_NEXT_PORT	2414
ioctl$SNDRV_SEQ_IOCTL_QUERY_SUBS	2415
ioctl$SNDRV_SEQ_IOCTL_REMOVE_EVENTS	2416
ioctl$SNDRV_SEQ_IOCTL_RUNNING_MODE	2417
ioctl$SNDRV_SEQ_IOCTL_SET_CLIENT_INFO	2418
ioctl$SNDRV_SEQ_IOCTL_SET_CLIENT_POOL	2419
ioctl$SNDRV_SEQ_IOCTL_SET_PORT_INFO	2420
ioctl$SNDRV_SEQ_IOCTL_SET_QUEUE_CLIENT	2421
ioctl$SNDRV_SEQ_IOCTL_SET_QUEUE_INFO	2422
ioctl$SNDRV_SEQ_IOCTL_SET_QUEUE_TEMPO	2423
ioctl$SNDRV_SEQ_IOCTL_SET_QUEUE_TIMER	2424
ioctl$SNDRV_SEQ_IOCTL_SUBSCRIBE_PORT	2425
ioctl$SNDRV_SEQ_IOCTL_SYSTEM_INFO	2426
ioctl$SNDRV_SEQ_IOCTL_UNSUBSCRIBE_PORT	2427
ioctl$SNDRV_TIMER_IOCTL_CONTINUE	2428
ioctl$SNDRV_TIMER_IOCTL_CREATE	2429
ioctl$SNDRV_TIMER_IOCTL_GINFO	2430
ioctl$SNDRV_TIMER_IOCTL_GPARAMS	2431
ioctl$SNDRV_TIMER_IOCTL_GSTATUS	2432
ioctl$SNDRV_TIMER_IOCTL_INFO	2433
ioctl$SNDRV_TIMER_IOCTL_NEXT_DEVICE	2434
ioctl$SNDRV_TIMER_IOCTL_PARAMS	2435
ioctl$SNDRV_TIMER_IOCTL_PAUSE	2436
ioctl$SNDRV_TIMER_IOCTL_PVERSION	2437
ioctl$SNDRV_TIMER_IOCTL_SELECT	2438
ioctl$SNDRV_TIMER_IOCTL_START	2439
ioctl$SNDRV_TIMER_IOCTL_STATUS32	2440
ioctl$SNDRV_TIMER_IOCTL_STATUS64	2441
ioctl$SNDRV_TIMER_IOCTL_STOP	2442
ioctl$SNDRV_TIMER_IOCTL_TREAD64	2443
ioctl$SNDRV_TIMER_IOCTL_TREAD_OLD	2444
ioctl$SNDRV_TIMER_IOCTL_TRIGGER	2445
ioctl$SOUND_MIXER_INFO	2446
ioctl$SOUND_MIXER_READ_CAPS	2447
ioctl$SOUND_MIXER_READ_DEVMASK	2448
ioctl$SOUND_MIXER_READ_RECMASK	2449
ioctl$SOUND_MIXER_READ_RECSRC	2450
ioctl$SOUND_MIXER_READ_STEREODEVS	2451
ioctl$SOUND_MIXER_READ_VOLUME	2452
ioctl$SOUND_MIXER_WRITE_RECSRC	2453
ioctl$SOUND_MIXER_WRITE_VOLUME	2454
ioctl$SOUND_OLD_MIXER_INFO	2455
ioctl$SOUND_PCM_READ_BITS	2456
ioctl$SOUND_PCM_READ_CHANNELS	2457
ioctl$SOUND_PCM_READ_RATE	2458
ioctl$SW_SYNC_IOC_CREATE_FENCE	2459
ioctl$SW_SYNC_IOC_INC	2460
ioctl$SYNC_IOC_FILE_INFO	2461
ioctl$SYNC_IOC_MERGE	2462
ioctl$TCFLSH	2463
ioctl$TCGETA	2464
ioctl$TCGETS	2465
ioctl$TCGETS2	2466
ioctl$TCSBRK	2467
ioctl$TCSBRKP	2468
ioctl$TCSETA	2469
ioctl$TCSETAF	2470
ioctl$TCSETAW	2471
ioctl$TCSETS	2472
ioctl$TCSETS2	2473
ioctl$TCSETSF	2474
ioctl$TCSETSF2	2475
ioctl$TCSETSW	2476
ioctl$TCSETSW2	2477
ioctl$TCXONC	2478
ioctl$TE_IOCTL_CLOSE_CLIENT_SESSION	2479
ioctl$TE_IOCTL_LAUNCH_OPERATION	2480
ioctl$TE_IOCTL_OPEN_CLIENT_SESSION	2481
ioctl$TE_IOCTL_SS_CMD	2482
ioctl$TFD_IOC_SET_TICKS	2483
ioctl$TIOCCBRK	2484
ioctl$TIOCCONS	2485
ioctl$TIOCEXCL	2486
ioctl$TIOCGDEV	2487
ioctl$TIOCGETD	2488
ioctl$TIOCGICOUNT	2489
ioctl$TIOCGISO7816	2490
ioctl$TIOCGLCKTRMIOS	2491
ioctl$TIOCGPGRP	2492
ioctl$TIOCGPKT	2493
ioctl$TIOCGPTLCK	2494
ioctl$TIOCGPTPEER	2495
ioctl$TIOCGRS485	2496
ioctl$TIOCGSERIAL	2497
ioctl$TIOCGSID	2498
ioctl$TIOCGSOFTCAR	2499
ioctl$TIOCGWINSZ	2500
ioctl$TIOCL_BLANKSCREEN	2501
ioctl$TIOCL_GETKMSGREDIRECT	2502
ioctl$TIOCL_GETMOUSEREPORTING	2503
ioctl$TIOCL_GETSHIFTSTATE	2504
ioctl$TIOCL_PASTESEL	2505
ioctl$TIOCL_SCROLLCONSOLE	2506
ioctl$TIOCL_SELLOADLUT	2507
ioctl$TIOCL_SETSEL	2508
ioctl$TIOCL_SETVESABLANK	2509
ioctl$TIOCL_UNBLANKSCREEN	2510
ioctl$TIOCMBIC	2511
ioctl$TIOCMBIS	2512
ioctl$TIOCMGET	2513
ioctl$TIOCMIWAIT	2514
ioctl$TIOCMSET	2515
ioctl$TIOCNOTTY	2516
ioctl$TIOCNXCL	2517
ioctl$TIOCOUTQ	2518
ioctl$TIOCPKT	2519
ioctl$TIOCSBRK	2520
ioctl$TIOCSCTTY	2521
ioctl$TIOCSERGETLSR	2522
ioctl$TIOCSETD	2523
ioctl$TIOCSIG	2524
ioctl$TIOCSISO7816	2525
ioctl$TIOCSLCKTRMIOS	2526
ioctl$TIOCSPGRP	2527
ioctl$TIOCSPTLCK	2528
ioctl$TIOCSRS485	2529
ioctl$TIOCSSERIAL	2530
ioctl$TIOCSSOFTCAR	2531
ioctl$TIOCSTI	2532
ioctl$TIOCSWINSZ	2533
ioctl$TIOCVHANGUP	2534
ioctl$TIPC_IOC_CONNECT	2535
ioctl$TIPC_IOC_CONNECT_avb	2536
ioctl$TIPC_IOC_CONNECT_gatekeeper	2537
ioctl$TIPC_IOC_CONNECT_hwkey	2538
ioctl$TIPC_IOC_CONNECT_hwrng	2539
ioctl$TIPC_IOC_CONNECT_keymaster_secure	2540
ioctl$TIPC_IOC_CONNECT_km	2541
ioctl$TIPC_IOC_CONNECT_storage	2542
ioctl$TUNATTACHFILTER	2543
ioctl$TUNDETACHFILTER	2544
ioctl$TUNGETDEVNETNS	2545
ioctl$TUNGETFEATURES	2546
ioctl$TUNGETFILTER	2547
ioctl$TUNGETIFF	2548
ioctl$TUNGETSNDBUF	2549
ioctl$TUNGETVNETBE	2550
ioctl$TUNGETVNETHDRSZ	2551
ioctl$TUNGETVNETLE	2552
ioctl$TUNSETCARRIER	2553
ioctl$TUNSETDEBUG	2554
ioctl$TUNSETFILTEREBPF	2555
ioctl$TUNSETGROUP	2556
ioctl$TUNSETIFF	2557
ioctl$TUNSETIFINDEX	2558
ioctl$TUNSETLINK	2559
ioctl$TUNSETNOCSUM	2560
ioctl$TUNSETOFFLOAD	2561
ioctl$TUNSETOWNER	2562
ioctl$TUNSETPERSIST	2563
ioctl$TUNSETQUEUE	2564
ioctl$TUNSETSNDBUF	2565
ioctl$TUNSETSTEERINGEBPF	2566
ioctl$TUNSETTXFILTER	2567
ioctl$TUNSETVNETBE	2568
ioctl$TUNSETVNETHDRSZ	2569
ioctl$TUNSETVNETLE	2570
ioctl$UDMABUF_CREATE	2571
ioctl$UDMABUF_CREATE_LIST	2572
ioctl$UFFDIO_API	2573
ioctl$UFFDIO_CONTINUE	2574
ioctl$UFFDIO_COPY	2575
ioctl$UFFDIO_MOVE	2576
ioctl$UFFDIO_POISON	2577
ioctl$UFFDIO_REGISTER	2578
ioctl$UFFDIO_UNREGISTER	2579
ioctl$UFFDIO_WAKE	2580
ioctl$UFFDIO_WRITEPROTECT	2581
ioctl$UFFDIO_ZEROPAGE	2582
ioctl$UI_ABS_SETUP	2583
ioctl$UI_BEGIN_FF_ERASE	2584
ioctl$UI_BEGIN_FF_UPLOAD	2585
ioctl$UI_DEV_CREATE	2586
ioctl$UI_DEV_DESTROY	2587
ioctl$UI_DEV_SETUP	2588
ioctl$UI_END_FF_ERASE	2589
ioctl$UI_END_FF_UPLOAD	2590
ioctl$UI_GET_SYSNAME	2591
ioctl$UI_GET_VERSION	2592
ioctl$UI_SET_ABSBIT	2593
ioctl$UI_SET_EVBIT	2594
ioctl$UI_SET_FFBIT	2595
ioctl$UI_SET_KEYBIT	2596
ioctl$UI_SET_LEDBIT	2597
ioctl$UI_SET_MSCBIT	2598
ioctl$UI_SET_PHYS	2599
ioctl$UI_SET_PROPBIT	2600
ioctl$UI_SET_RELBIT	2601
ioctl$UI_SET_SNDBIT	2602
ioctl$UI_SET_SWBIT	2603
ioctl$USBDEVFS_ALLOC_STREAMS	2604
ioctl$USBDEVFS_ALLOW_SUSPEND	2605
ioctl$USBDEVFS_BULK	2606
ioctl$USBDEVFS_CLAIMINTERFACE	2607
ioctl$USBDEVFS_CLAIM_PORT	2608
ioctl$USBDEVFS_CLEAR_HALT	2609
ioctl$USBDEVFS_CONNECTINFO	2610
ioctl$USBDEVFS_CONTROL	2611
ioctl$USBDEVFS_DISCARDURB	2612
ioctl$USBDEVFS_DISCONNECT_CLAIM	2613
ioctl$USBDEVFS_DISCSIGNAL	2614
ioctl$USBDEVFS_DROP_PRIVILEGES	2615
ioctl$USBDEVFS_FORBID_SUSPEND	2616
ioctl$USBDEVFS_FREE_STREAMS	2617
ioctl$USBDEVFS_GETDRIVER	2618
ioctl$USBDEVFS_GET_CAPABILITIES	2619
ioctl$USBDEVFS_GET_SPEED	2620
ioctl$USBDEVFS_IOCTL	2621
ioctl$USBDEVFS_REAPURB	2622
ioctl$USBDEVFS_REAPURBNDELAY	2623
ioctl$USBDEVFS_RELEASEINTERFACE	2624
ioctl$USBDEVFS_RELEASE_PORT	2625
ioctl$USBDEVFS_RESET	2626
ioctl$USBDEVFS_RESETEP	2627
ioctl$USBDEVFS_SETCONFIGURATION	2628
ioctl$USBDEVFS_SETINTERFACE	2629
ioctl$USBDEVFS_SUBMITURB	2630
ioctl$USBDEVFS_WAIT_FOR_RESUME	2631
ioctl$USERFAULTFD_IOC_NEW	2632
ioctl$VFAT_IOCTL_READDIR_BOTH	2633
ioctl$VFAT_IOCTL_READDIR_SHORT	2634
ioctl$VFIO_CHECK_EXTENSION	2635
ioctl$VFIO_GET_API_VERSION	2636
ioctl$VFIO_IOMMU_GET_INFO	2637
ioctl$VFIO_IOMMU_MAP_DMA	2638
ioctl$VFIO_IOMMU_UNMAP_DMA	2639
ioctl$VFIO_SET_IOMMU	2640
ioctl$VHOST_GET_FEATURES	2641
ioctl$VHOST_GET_VRING_BASE	2642
ioctl$VHOST_GET_VRING_ENDIAN	2643
ioctl$VHOST_NET_SET_BACKEND	2644
ioctl$VHOST_RESET_OWNER	2645
ioctl$VHOST_SET_FEATURES	2646
ioctl$VHOST_SET_LOG_BASE	2647
ioctl$VHOST_SET_LOG_FD	2648
ioctl$VHOST_SET_MEM_TABLE	2649
ioctl$VHOST_SET_OWNER	2650
ioctl$VHOST_SET_VRING_ADDR	2651
ioctl$VHOST_SET_VRING_BASE	2652
ioctl$VHOST_SET_VRING_BUSYLOOP_TIMEOUT	2653
ioctl$VHOST_SET_VRING_CALL	2654
ioctl$VHOST_SET_VRING_ENDIAN	2655
ioctl$VHOST_SET_VRING_ERR	2656
ioctl$VHOST_SET_VRING_KICK	2657
ioctl$VHOST_SET_VRING_NUM	2658
ioctl$VHOST_VDPA_GET_AS_NUM	2659
ioctl$VHOST_VDPA_GET_CONFIG	2660
ioctl$VHOST_VDPA_GET_CONFIG_SIZE	2661
ioctl$VHOST_VDPA_GET_DEVICE_ID	2662
ioctl$VHOST_VDPA_GET_GROUP_NUM	2663
ioctl$VHOST_VDPA_GET_IOVA_RANGE	2664
ioctl$VHOST_VDPA_GET_STATUS	2665
ioctl$VHOST_VDPA_GET_VQS_COUNT	2666
ioctl$VHOST_VDPA_GET_VRING_GROUP	2667
ioctl$VHOST_VDPA_GET_VRING_NUM	2668
ioctl$VHOST_VDPA_SET_CONFIG	2669
ioctl$VHOST_VDPA_SET_CONFIG_CALL	2670
ioctl$VHOST_VDPA_SET_GROUP_ASID	2671
ioctl$VHOST_VDPA_SET_STATUS	2672
ioctl$VHOST_VDPA_SET_VRING_ENABLE	2673
ioctl$VHOST_VSOCK_SET_GUEST_CID	2674
ioctl$VHOST_VSOCK_SET_RUNNING	2675
ioctl$VIDIOC_CREATE_BUFS	2676
ioctl$VIDIOC_CROPCAP	2677
ioctl$VIDIOC_DBG_G_CHIP_INFO	2678
ioctl$VIDIOC_DBG_G_REGISTER	2679
ioctl$VIDIOC_DBG_S_REGISTER	2680
ioctl$VIDIOC_DECODER_CMD	2681
ioctl$VIDIOC_DQBUF	2682
ioctl$VIDIOC_DQEVENT	2683
ioctl$VIDIOC_DV_TIMINGS_CAP	2684
ioctl$VIDIOC_ENCODER_CMD	2685
ioctl$VIDIOC_ENUMAUDIO	2686
ioctl$VIDIOC_ENUMAUDOUT	2687
ioctl$VIDIOC_ENUMINPUT	2688
ioctl$VIDIOC_ENUMOUTPUT	2689
ioctl$VIDIOC_ENUMSTD	2690
ioctl$VIDIOC_ENUM_DV_TIMINGS	2691
ioctl$VIDIOC_ENUM_FMT	2692
ioctl$VIDIOC_ENUM_FRAMEINTERVALS	2693
ioctl$VIDIOC_ENUM_FRAMESIZES	2694
ioctl$VIDIOC_ENUM_FREQ_BANDS	2695
ioctl$VIDIOC_EXPBUF	2696
ioctl$VIDIOC_G_AUDIO	2697
ioctl$VIDIOC_G_AUDOUT	2698
ioctl$VIDIOC_G_CROP	2699
ioctl$VIDIOC_G_CTRL	2700
ioctl$VIDIOC_G_DV_TIMINGS	2701
ioctl$VIDIOC_G_EDID	2702
ioctl$VIDIOC_G_ENC_INDEX	2703
ioctl$VIDIOC_G_EXT_CTRLS	2704
ioctl$VIDIOC_G_FBUF	2705
ioctl$VIDIOC_G_FMT	2706
ioctl$VIDIOC_G_FREQUENCY	2707
ioctl$VIDIOC_G_INPUT	2708
ioctl$VIDIOC_G_JPEGCOMP	2709
ioctl$VIDIOC_G_MODULATOR	2710
ioctl$VIDIOC_G_OUTPUT	2711
ioctl$VIDIOC_G_PARM	2712
ioctl$VIDIOC_G_PRIORITY	2713
ioctl$VIDIOC_G_SELECTION	2714
ioctl$VIDIOC_G_SLICED_VBI_CAP	2715
ioctl$VIDIOC_G_STD	2716
ioctl$VIDIOC_G_TUNER	2717
ioctl$VIDIOC_LOG_STATUS	2718
ioctl$VIDIOC_OVERLAY	2719
ioctl$VIDIOC_PREPARE_BUF	2720
ioctl$VIDIOC_QBUF	2721
ioctl$VIDIOC_QUERYBUF	2722
ioctl$VIDIOC_QUERYBUF_DMABUF	2723
ioctl$VIDIOC_QUERYCAP	2724
ioctl$VIDIOC_QUERYCTRL	2725
ioctl$VIDIOC_QUERYMENU	2726
ioctl$VIDIOC_QUERYSTD	2727
ioctl$VIDIOC_QUERY_DV_TIMINGS	2728
ioctl$VIDIOC_QUERY_EXT_CTRL	2729
ioctl$VIDIOC_REQBUFS	2730
ioctl$VIDIOC_STREAMOFF	2731
ioctl$VIDIOC_STREAMON	2732
ioctl$VIDIOC_SUBDEV_DV_TIMINGS_CAP	2733
ioctl$VIDIOC_SUBDEV_ENUM_DV_TIMINGS	2734
ioctl$VIDIOC_SUBDEV_ENUM_FRAME_INTERVAL	2735
ioctl$VIDIOC_SUBDEV_ENUM_FRAME_SIZE	2736
ioctl$VIDIOC_SUBDEV_ENUM_MBUS_CODE	2737
ioctl$VIDIOC_SUBDEV_G_CROP	2738
ioctl$VIDIOC_SUBDEV_G_DV_TIMINGS	2739
ioctl$VIDIOC_SUBDEV_G_EDID	2740
ioctl$VIDIOC_SUBDEV_G_FMT	2741
ioctl$VIDIOC_SUBDEV_G_FRAME_INTERVAL	2742
ioctl$VIDIOC_SUBDEV_G_SELECTION	2743
ioctl$VIDIOC_SUBDEV_QUERY_DV_TIMINGS	2744
ioctl$VIDIOC_SUBDEV_S_CROP	2745
ioctl$VIDIOC_SUBDEV_S_DV_TIMINGS	2746
ioctl$VIDIOC_SUBDEV_S_EDID	2747
ioctl$VIDIOC_SUBDEV_S_FMT	2748
ioctl$VIDIOC_SUBDEV_S_FRAME_INTERVAL	2749
ioctl$VIDIOC_SUBDEV_S_SELECTION	2750
ioctl$VIDIOC_SUBSCRIBE_EVENT	2751
ioctl$VIDIOC_S_AUDIO	2752
ioctl$VIDIOC_S_AUDOUT	2753
ioctl$VIDIOC_S_CROP	2754
ioctl$VIDIOC_S_CTRL	2755
ioctl$VIDIOC_S_DV_TIMINGS	2756
ioctl$VIDIOC_S_EDID	2757
ioctl$VIDIOC_S_EXT_CTRLS	2758
ioctl$VIDIOC_S_FBUF	2759
ioctl$VIDIOC_S_FMT	2760
ioctl$VIDIOC_S_FREQUENCY	2761
ioctl$VIDIOC_S_HW_FREQ_SEEK	2762
ioctl$VIDIOC_S_INPUT	2763
ioctl$VIDIOC_S_JPEGCOMP	2764
ioctl$VIDIOC_S_MODULATOR	2765
ioctl$VIDIOC_S_OUTPUT	2766
ioctl$VIDIOC_S_PARM	2767
ioctl$VIDIOC_S_PRIORITY	2768
ioctl$VIDIOC_S_SELECTION	2769
ioctl$VIDIOC_S_STD	2770
ioctl$VIDIOC_S_TUNER	2771
ioctl$VIDIOC_TRY_DECODER_CMD	2772
ioctl$VIDIOC_TRY_ENCODER_CMD	2773
ioctl$VIDIOC_TRY_EXT_CTRLS	2774
ioctl$VIDIOC_TRY_FMT	2775
ioctl$VIDIOC_UNSUBSCRIBE_EVENT	2776
ioctl$VTPM_PROXY_IOC_NEW_DEV	2777
ioctl$VT_ACTIVATE	2778
ioctl$VT_DISALLOCATE	2779
ioctl$VT_GETMODE	2780
ioctl$VT_GETSTATE	2781
ioctl$VT_OPENQRY	2782
ioctl$VT_RELDISP	2783
ioctl$VT_RESIZE	2784
ioctl$VT_RESIZEX	2785
ioctl$VT_SETMODE	2786
ioctl$VT_WAITACTIVE	2787
ioctl$X86_IOC_RDMSR_REGS	2788
ioctl$auto	2789
ioctl$auto_AUTOFS_IOC_ASKUMOUNT	2790
ioctl$auto_AUTOFS_IOC_CATATONIC	2791
ioctl$auto_AUTOFS_IOC_EXPIRE	2792
ioctl$auto_AUTOFS_IOC_EXPIRE_MULTI	2793
ioctl$auto_AUTOFS_IOC_FAIL	2794
ioctl$auto_AUTOFS_IOC_PROTOSUBVER	2795
ioctl$auto_AUTOFS_IOC_PROTOVER	2796
ioctl$auto_AUTOFS_IOC_READY	2797
ioctl$auto_AUTOFS_IOC_SETTIMEOUT	2798
ioctl$auto_AUTOFS_IOC_SETTIMEOUT32	2799
ioctl$auto_BCH_IOCTL_DATA	2800
ioctl$auto_BCH_IOCTL_DEV_USAGE	2801
ioctl$auto_BCH_IOCTL_DEV_USAGE_V2	2802
ioctl$auto_BCH_IOCTL_DISK_ADD	2803
ioctl$auto_BCH_IOCTL_DISK_GET_IDX	2804
ioctl$auto_BCH_IOCTL_DISK_OFFLINE	2805
ioctl$auto_BCH_IOCTL_DISK_ONLINE	2806
ioctl$auto_BCH_IOCTL_DISK_REMOVE	2807
ioctl$auto_BCH_IOCTL_DISK_RESIZE	2808
ioctl$auto_BCH_IOCTL_DISK_RESIZE_JOURNAL	2809
ioctl$auto_BCH_IOCTL_DISK_SET_STATE	2810
ioctl$auto_BCH_IOCTL_FSCK_OFFLINE	2811
ioctl$auto_BCH_IOCTL_FSCK_ONLINE	2812
ioctl$auto_BCH_IOCTL_FS_USAGE	2813
ioctl$auto_BCH_IOCTL_QUERY_ACCOUNTING	2814
ioctl$auto_BCH_IOCTL_QUERY_COUNTERS	2815
ioctl$auto_BCH_IOCTL_QUERY_UUID	2816
ioctl$auto_BCH_IOCTL_READ_SUPER	2817
ioctl$auto_BINDER_CTL_ADD	2818
ioctl$auto_BINDER_ENABLE_ONEWAY_SPAM_DETECTION	2819
ioctl$auto_BINDER_FREEZE	2820
ioctl$auto_BINDER_GET_EXTENDED_ERROR	2821
ioctl$auto_BINDER_GET_FROZEN_INFO	2822
ioctl$auto_BINDER_GET_NODE_DEBUG_INFO	2823
ioctl$auto_BINDER_GET_NODE_INFO_FOR_REF	2824
ioctl$auto_BINDER_SET_CONTEXT_MGR	2825
ioctl$auto_BINDER_SET_CONTEXT_MGR_EXT	2826
ioctl$auto_BINDER_SET_MAX_THREADS	2827
ioctl$auto_BINDER_THREAD_EXIT	2828
ioctl$auto_BINDER_VERSION	2829
ioctl$auto_BINDER_WRITE_READ	2830
ioctl$auto_BLKALIGNOFF	2831
ioctl$auto_BLKBSZGET	2832
ioctl$auto_BLKBSZSET	2833
ioctl$auto_BLKCLOSEZONE	2834
ioctl$auto_BLKCRYPTOGENERATEKEY	2835
ioctl$auto_BLKCRYPTOIMPORTKEY	2836
ioctl$auto_BLKCRYPTOPREPAREKEY	2837
ioctl$auto_BLKDISCARD	2838
ioctl$auto_BLKDISCARDZEROES	2839
ioctl$auto_BLKFINISHZONE	2840
ioctl$auto_BLKFLSBUF	2841
ioctl$auto_BLKFRAGET	2842
ioctl$auto_BLKFRASET	2843
ioctl$auto_BLKGETDISKSEQ	2844
ioctl$auto_BLKGETNRZONES	2845
ioctl$auto_BLKGETSIZE	2846
ioctl$auto_BLKGETSIZE64	2847
ioctl$auto_BLKGETZONESZ	2848
ioctl$auto_BLKIOMIN	2849
ioctl$auto_BLKIOOPT	2850
ioctl$auto_BLKOPENZONE	2851
ioctl$auto_BLKPBSZGET	2852
ioctl$auto_BLKPG	2853
ioctl$auto_BLKPG2	2854
ioctl$auto_BLKRAGET	2855
ioctl$auto_BLKRASET	2856
ioctl$auto_BLKREPORTZONE	2857
ioctl$auto_BLKRESETZONE	2858
ioctl$auto_BLKROGET	2859
ioctl$auto_BLKROSET	2860
ioctl$auto_BLKROTATIONAL	2861
ioctl$auto_BLKRRPART	2862
ioctl$auto_BLKRRPART2	2863
ioctl$auto_BLKSECDISCARD	2864
ioctl$auto_BLKSECTGET	2865
ioctl$auto_BLKSECTGET2	2866
ioctl$auto_BLKSSZGET	2867
ioctl$auto_BLKTRACESETUP	2868
ioctl$auto_BLKTRACESETUP2	2869
ioctl$auto_BLKTRACESETUP32	2870
ioctl$auto_BLKTRACESTART	2871
ioctl$auto_BLKTRACESTART2	2872
ioctl$auto_BLKTRACESTOP	2873
ioctl$auto_BLKTRACESTOP2	2874
ioctl$auto_BLKTRACETEARDOWN	2875
ioctl$auto_BLKTRACETEARDOWN2	2876
ioctl$auto_BLKZEROOUT	2877
ioctl$auto_BTRFS_IOC_ADD_DEV	2878
ioctl$auto_BTRFS_IOC_BALANCE_CTL	2879
ioctl$auto_BTRFS_IOC_BALANCE_PROGRESS	2880
ioctl$auto_BTRFS_IOC_BALANCE_V2	2881
ioctl$auto_BTRFS_IOC_DEFAULT_SUBVOL	2882
ioctl$auto_BTRFS_IOC_DEFRAG	2883
ioctl$auto_BTRFS_IOC_DEFRAG_RANGE	2884
ioctl$auto_BTRFS_IOC_DEVICES_READY	2885
ioctl$auto_BTRFS_IOC_DEV_INFO	2886
ioctl$auto_BTRFS_IOC_DEV_REPLACE	2887
ioctl$auto_BTRFS_IOC_ENCODED_READ	2888
ioctl$auto_BTRFS_IOC_ENCODED_READ_32	2889
ioctl$auto_BTRFS_IOC_ENCODED_WRITE	2890
ioctl$auto_BTRFS_IOC_ENCODED_WRITE_32	2891
ioctl$auto_BTRFS_IOC_FORGET_DEV	2892
ioctl$auto_BTRFS_IOC_FS_INFO	2893
ioctl$auto_BTRFS_IOC_GET_DEV_STATS	2894
ioctl$auto_BTRFS_IOC_GET_FEATURES	2895
ioctl$auto_BTRFS_IOC_GET_SUBVOL_INFO	2896
ioctl$auto_BTRFS_IOC_GET_SUBVOL_ROOTREF	2897
ioctl$auto_BTRFS_IOC_GET_SUPPORTED_FEATURES	2898
ioctl$auto_BTRFS_IOC_GET_SUPPORTED_FEATURES2	2899
ioctl$auto_BTRFS_IOC_INO_LOOKUP	2900
ioctl$auto_BTRFS_IOC_INO_LOOKUP_USER	2901
ioctl$auto_BTRFS_IOC_INO_PATHS	2902
ioctl$auto_BTRFS_IOC_LOGICAL_INO	2903
ioctl$auto_BTRFS_IOC_LOGICAL_INO_V2	2904
ioctl$auto_BTRFS_IOC_QGROUP_ASSIGN	2905
ioctl$auto_BTRFS_IOC_QGROUP_CREATE	2906
ioctl$auto_BTRFS_IOC_QGROUP_LIMIT	2907
ioctl$auto_BTRFS_IOC_QUOTA_CTL	2908
ioctl$auto_BTRFS_IOC_QUOTA_RESCAN	2909
ioctl$auto_BTRFS_IOC_QUOTA_RESCAN_STATUS	2910
ioctl$auto_BTRFS_IOC_QUOTA_RESCAN_WAIT	2911
ioctl$auto_BTRFS_IOC_RESIZE	2912
ioctl$auto_BTRFS_IOC_RM_DEV	2913
ioctl$auto_BTRFS_IOC_RM_DEV_V2	2914
ioctl$auto_BTRFS_IOC_SCAN_DEV	2915
ioctl$auto_BTRFS_IOC_SCRUB	2916
ioctl$auto_BTRFS_IOC_SCRUB_CANCEL	2917
ioctl$auto_BTRFS_IOC_SCRUB_PROGRESS	2918
ioctl$auto_BTRFS_IOC_SEND	2919
ioctl$auto_BTRFS_IOC_SEND_32	2920
ioctl$auto_BTRFS_IOC_SET_FEATURES	2921
ioctl$auto_BTRFS_IOC_SET_RECEIVED_SUBVOL	2922
ioctl$auto_BTRFS_IOC_SET_RECEIVED_SUBVOL_32	2923
ioctl$auto_BTRFS_IOC_SNAP_CREATE	2924
ioctl$auto_BTRFS_IOC_SNAP_CREATE_V2	2925
ioctl$auto_BTRFS_IOC_SNAP_DESTROY	2926
ioctl$auto_BTRFS_IOC_SNAP_DESTROY_V2	2927
ioctl$auto_BTRFS_IOC_SPACE_INFO	2928
ioctl$auto_BTRFS_IOC_START_SYNC	2929
ioctl$auto_BTRFS_IOC_SUBVOL_CREATE	2930
ioctl$auto_BTRFS_IOC_SUBVOL_CREATE_V2	2931
ioctl$auto_BTRFS_IOC_SUBVOL_GETFLAGS	2932
ioctl$auto_BTRFS_IOC_SUBVOL_SETFLAGS	2933
ioctl$auto_BTRFS_IOC_SUBVOL_SYNC_WAIT	2934
ioctl$auto_BTRFS_IOC_SYNC	2935
ioctl$auto_BTRFS_IOC_TREE_SEARCH	2936
ioctl$auto_BTRFS_IOC_TREE_SEARCH_V2	2937
ioctl$auto_BTRFS_IOC_WAIT_SYNC	2938
ioctl$auto_CDROMCLOSETRAY	2939
ioctl$auto_CDROMEJECT	2940
ioctl$auto_CDROM_SEND_PACKET	2941
ioctl$auto_CEC_ADAP_G_CAPS	2942
ioctl$auto_CEC_ADAP_G_CONNECTOR_INFO	2943
ioctl$auto_CEC_ADAP_G_LOG_ADDRS	2944
ioctl$auto_CEC_ADAP_G_PHYS_ADDR	2945
ioctl$auto_CEC_ADAP_S_LOG_ADDRS	2946
ioctl$auto_CEC_ADAP_S_PHYS_ADDR	2947
ioctl$auto_CEC_DQEVENT	2948
ioctl$auto_CEC_G_MODE	2949
ioctl$auto_CEC_RECEIVE	2950
ioctl$auto_CEC_S_MODE	2951
ioctl$auto_CEC_TRANSMIT	2952
ioctl$auto_ECCGETLAYOUT	2953
ioctl$auto_ECCGETSTATS	2954
ioctl$auto_EVIOCGEFFECTS	2955
ioctl$auto_EVIOCGID	2956
ioctl$auto_EVIOCGKEYCODE	2957
ioctl$auto_EVIOCGKEYCODE_V2	2958
ioctl$auto_EVIOCGMASK	2959
ioctl$auto_EVIOCGRAB	2960
ioctl$auto_EVIOCGREP	2961
ioctl$auto_EVIOCGVERSION	2962
ioctl$auto_EVIOCREVOKE	2963
ioctl$auto_EVIOCRMFF	2964
ioctl$auto_EVIOCSCLOCKID	2965
ioctl$auto_EVIOCSKEYCODE	2966
ioctl$auto_EVIOCSKEYCODE_V2	2967
ioctl$auto_EVIOCSMASK	2968
ioctl$auto_EVIOCSREP	2969
ioctl$auto_EXT4_IOC_ALLOC_DA_BLKS	2970
ioctl$auto_EXT4_IOC_CHECKPOINT	2971
ioctl$auto_EXT4_IOC_CLEAR_ES_CACHE	2972
ioctl$auto_EXT4_IOC_GETFSUUID	2973
ioctl$auto_EXT4_IOC_GETSTATE	2974
ioctl$auto_EXT4_IOC_GETVERSION	2975
ioctl$auto_EXT4_IOC_GETVERSION_OLD	2976
ioctl$auto_EXT4_IOC_GET_ES_CACHE	2977
ioctl$auto_EXT4_IOC_GROUP_ADD	2978
ioctl$auto_EXT4_IOC_GROUP_EXTEND	2979
ioctl$auto_EXT4_IOC_MIGRATE	2980
ioctl$auto_EXT4_IOC_MOVE_EXT	2981
ioctl$auto_EXT4_IOC_PRECACHE_EXTENTS	2982
ioctl$auto_EXT4_IOC_RESIZE_FS	2983
ioctl$auto_EXT4_IOC_SETFSUUID	2984
ioctl$auto_EXT4_IOC_SETVERSION	2985
ioctl$auto_EXT4_IOC_SETVERSION_OLD	2986
ioctl$auto_EXT4_IOC_SHUTDOWN	2987
ioctl$auto_EXT4_IOC_SWAP_BOOT	2988
ioctl$auto_FBIOBLANK	2989
ioctl$auto_FBIOGETCMAP	2990
ioctl$auto_FBIOGET_CON2FBMAP	2991
ioctl$auto_FBIOGET_FSCREENINFO	2992
ioctl$auto_FBIOGET_VSCREENINFO	2993
ioctl$auto_FBIOPAN_DISPLAY	2994
ioctl$auto_FBIOPUTCMAP	2995
ioctl$auto_FBIOPUT_CON2FBMAP	2996
ioctl$auto_FBIOPUT_VSCREENINFO	2997
ioctl$auto_FBIO_CURSOR	2998
ioctl$auto_FIBMAP	2999
ioctl$auto_FICLONE	3000
ioctl$auto_FICLONERANGE	3001
ioctl$auto_FIDEDUPERANGE	3002
ioctl$auto_FIFREEZE	3003
ioctl$auto_FIGETBSZ	3004
ioctl$auto_FIOASYNC	3005
ioctl$auto_FIOCLEX	3006
ioctl$auto_FIONBIO	3007
ioctl$auto_FIONCLEX	3008
ioctl$auto_FIONREAD	3009
ioctl$auto_FIOQSIZE	3010
ioctl$auto_FITHAW	3011
ioctl$auto_FITRIM	3012
ioctl$auto_FITRIM2	3013
ioctl$auto_FITRIM3	3014
ioctl$auto_FITRIM4	3015
ioctl$auto_FS_IOC_ADD_ENCRYPTION_KEY	3016
ioctl$auto_FS_IOC_ADD_ENCRYPTION_KEY2	3017
ioctl$auto_FS_IOC_ENABLE_VERITY	3018
ioctl$auto_FS_IOC_ENABLE_VERITY2	3019
ioctl$auto_FS_IOC_ENABLE_VERITY3	3020
ioctl$auto_FS_IOC_FIEMAP	3021
ioctl$auto_FS_IOC_FSGETXATTR	3022
ioctl$auto_FS_IOC_FSSETXATTR	3023
ioctl$auto_FS_IOC_GETFLAGS	3024
ioctl$auto_FS_IOC_GETFLAGS2	3025
ioctl$auto_FS_IOC_GETFSLABEL	3026
ioctl$auto_FS_IOC_GETFSLABEL2	3027
ioctl$auto_FS_IOC_GETFSLABEL3	3028
ioctl$auto_FS_IOC_GETFSMAP	3029
ioctl$auto_FS_IOC_GETFSMAP2	3030
ioctl$auto_FS_IOC_GETFSSYSFSPATH	3031
ioctl$auto_FS_IOC_GETFSUUID	3032
ioctl$auto_FS_IOC_GETVERSION	3033
ioctl$auto_FS_IOC_GETVERSION2	3034
ioctl$auto_FS_IOC_GET_ENCRYPTION_KEY_STATUS	3035
ioctl$auto_FS_IOC_GET_ENCRYPTION_KEY_STATUS2	3036
ioctl$auto_FS_IOC_GET_ENCRYPTION_NONCE	3037
ioctl$auto_FS_IOC_GET_ENCRYPTION_NONCE2	3038
ioctl$auto_FS_IOC_GET_ENCRYPTION_POLICY	3039
ioctl$auto_FS_IOC_GET_ENCRYPTION_POLICY2	3040
ioctl$auto_FS_IOC_GET_ENCRYPTION_POLICY_EX	3041
ioctl$auto_FS_IOC_GET_ENCRYPTION_POLICY_EX2	3042
ioctl$auto_FS_IOC_GET_ENCRYPTION_PWSALT	3043
ioctl$auto_FS_IOC_MEASURE_VERITY	3044
ioctl$auto_FS_IOC_MEASURE_VERITY2	3045
ioctl$auto_FS_IOC_MEASURE_VERITY3	3046
ioctl$auto_FS_IOC_READ_VERITY_METADATA	3047
ioctl$auto_FS_IOC_READ_VERITY_METADATA2	3048
ioctl$auto_FS_IOC_REMOVE_ENCRYPTION_KEY	3049
ioctl$auto_FS_IOC_REMOVE_ENCRYPTION_KEY2	3050
ioctl$auto_FS_IOC_REMOVE_ENCRYPTION_KEY_ALL_USERS	3051
ioctl$auto_FS_IOC_REMOVE_ENCRYPTION_KEY_ALL_USERS2	3052
ioctl$auto_FS_IOC_RESVSP	3053
ioctl$auto_FS_IOC_RESVSP64	3054
ioctl$auto_FS_IOC_SETFLAGS	3055
ioctl$auto_FS_IOC_SETFLAGS2	3056
ioctl$auto_FS_IOC_SETFSLABEL	3057
ioctl$auto_FS_IOC_SETFSLABEL2	3058
ioctl$auto_FS_IOC_SETFSLABEL3	3059
ioctl$auto_FS_IOC_SETVERSION	3060
ioctl$auto_FS_IOC_SET_ENCRYPTION_POLICY	3061
ioctl$auto_FS_IOC_SET_ENCRYPTION_POLICY2	3062
ioctl$auto_FS_IOC_UNRESVSP	3063
ioctl$auto_FS_IOC_UNRESVSP64	3064
ioctl$auto_FS_IOC_ZERO_RANGE	3065
ioctl$auto_FUSE_DEV_IOC_BACKING_CLOSE	3066
ioctl$auto_FUSE_DEV_IOC_BACKING_OPEN	3067
ioctl$auto_FUSE_DEV_IOC_CLONE	3068
ioctl$auto_HDIO_GETGEO	3069
ioctl$auto_HPET_DPI	3070
ioctl$auto_HPET_EPI	3071
ioctl$auto_HPET_IE_OFF	3072
ioctl$auto_HPET_IE_ON	3073
ioctl$auto_HPET_INFO	3074
ioctl$auto_HPET_IRQFREQ	3075
ioctl$auto_I2C_FUNCS	3076
ioctl$auto_I2C_PEC	3077
ioctl$auto_I2C_RDWR	3078
ioctl$auto_I2C_RETRIES	3079
ioctl$auto_I2C_SLAVE	3080
ioctl$auto_I2C_SLAVE_FORCE	3081
ioctl$auto_I2C_SMBUS	3082
ioctl$auto_I2C_TENBIT	3083
ioctl$auto_I2C_TIMEOUT	3084
ioctl$auto_IMADDTIMER	3085
ioctl$auto_IMDELTIMER	3086
ioctl$auto_IOCTL_CONFIG_SYS_RESOURCE_PARAMETERS	3087
ioctl$auto_IOCTL_GET_NUM_DEVICES	3088
ioctl$auto_IOCTL_START_ACCEL_DEV	3089
ioctl$auto_IOCTL_STATUS_ACCEL_DEV	3090
ioctl$auto_IOCTL_STOP_ACCEL_DEV	3091
ioctl$auto_IOCTL_VMCI_CTX_ADD_NOTIFICATION	3092
ioctl$auto_IOCTL_VMCI_CTX_GET_CPT_STATE	3093
ioctl$auto_IOCTL_VMCI_CTX_REMOVE_NOTIFICATION	3094
ioctl$auto_IOCTL_VMCI_CTX_SET_CPT_STATE	3095
ioctl$auto_IOCTL_VMCI_DATAGRAM_RECEIVE	3096
ioctl$auto_IOCTL_VMCI_DATAGRAM_SEND	3097
ioctl$auto_IOCTL_VMCI_GET_CONTEXT_ID	3098
ioctl$auto_IOCTL_VMCI_INIT_CONTEXT	3099
ioctl$auto_IOCTL_VMCI_NOTIFICATIONS_RECEIVE	3100
ioctl$auto_IOCTL_VMCI_NOTIFY_RESOURCE	3101
ioctl$auto_IOCTL_VMCI_QUEUEPAIR_ALLOC	3102
ioctl$auto_IOCTL_VMCI_QUEUEPAIR_DETACH	3103
ioctl$auto_IOCTL_VMCI_QUEUEPAIR_SETPAGEFILE	3104
ioctl$auto_IOCTL_VMCI_QUEUEPAIR_SETVA	3105
ioctl$auto_IOCTL_VMCI_SET_NOTIFY	3106
ioctl$auto_IOCTL_VMCI_VERSION	3107
ioctl$auto_IOCTL_VMCI_VERSION2	3108
ioctl$auto_IOCTL_VM_SOCKETS_GET_LOCAL_CID	3109
ioctl$auto_IOC_PR_CLEAR	3110
ioctl$auto_IOC_PR_PREEMPT	3111
ioctl$auto_IOC_PR_PREEMPT_ABORT	3112
ioctl$auto_IOC_PR_REGISTER	3113
ioctl$auto_IOC_PR_RELEASE	3114
ioctl$auto_IOC_PR_RESERVE	3115
ioctl$auto_KVM_CHECK_EXTENSION	3116
ioctl$auto_KVM_CREATE_VM	3117
ioctl$auto_KVM_GET_API_VERSION	3118
ioctl$auto_KVM_GET_DEVICE_ATTR	3119
ioctl$auto_KVM_GET_EMULATED_CPUID	3120
ioctl$auto_KVM_GET_MSRS	3121
ioctl$auto_KVM_GET_MSR_FEATURE_INDEX_LIST	3122
ioctl$auto_KVM_GET_MSR_INDEX_LIST	3123
ioctl$auto_KVM_GET_SUPPORTED_CPUID	3124
ioctl$auto_KVM_GET_SUPPORTED_HV_CPUID	3125
ioctl$auto_KVM_GET_VCPU_MMAP_SIZE	3126
ioctl$auto_KVM_HAS_DEVICE_ATTR	3127
ioctl$auto_KVM_X86_GET_MCE_CAP_SUPPORTED	3128
ioctl$auto_LOOP_CTL_ADD	3129
ioctl$auto_LOOP_CTL_GET_FREE	3130
ioctl$auto_LOOP_CTL_REMOVE	3131
ioctl$auto_MEMERASE	3132
ioctl$auto_MEMERASE64	3133
ioctl$auto_MEMGETBADBLOCK	3134
ioctl$auto_MEMGETINFO	3135
ioctl$auto_MEMGETOOBSEL	3136
ioctl$auto_MEMGETREGIONCOUNT	3137
ioctl$auto_MEMGETREGIONINFO	3138
ioctl$auto_MEMISLOCKED	3139
ioctl$auto_MEMLOCK	3140
ioctl$auto_MEMREAD	3141
ioctl$auto_MEMREADOOB	3142
ioctl$auto_MEMREADOOB64	3143
ioctl$auto_MEMSETBADBLOCK	3144
ioctl$auto_MEMUNLOCK	3145
ioctl$auto_MEMWRITE	3146
ioctl$auto_MEMWRITEOOB	3147
ioctl$auto_MEMWRITEOOB64	3148
ioctl$auto_MON_IOCG_STATS	3149
ioctl$auto_MON_IOCH_MFLUSH	3150
ioctl$auto_MON_IOCQ_RING_SIZE	3151
ioctl$auto_MON_IOCQ_URB_LEN	3152
ioctl$auto_MON_IOCT_RING_SIZE	3153
ioctl$auto_MON_IOCX_GET	3154
ioctl$auto_MON_IOCX_GETX	3155
ioctl$auto_MON_IOCX_MFETCH	3156
ioctl$auto_MTDFILEMODE	3157
ioctl$auto_NS_GET_MNTNS_ID	3158
ioctl$auto_NS_GET_NSTYPE	3159
ioctl$auto_NS_GET_OWNER_UID	3160
ioctl$auto_NS_GET_PARENT	3161
ioctl$auto_NS_GET_PID_FROM_PIDNS	3162
ioctl$auto_NS_GET_PID_IN_PIDNS	3163
ioctl$auto_NS_GET_TGID_FROM_PIDNS	3164
ioctl$auto_NS_GET_TGID_IN_PIDNS	3165
ioctl$auto_NS_GET_USERNS	3166
ioctl$auto_NVRAM_INIT	3167
ioctl$auto_NVRAM_SETCKS	3168
ioctl$auto_OSS_ALSAEMULVER	3169
ioctl$auto_OSS_ALSAEMULVER2	3170
ioctl$auto_OSS_GETVERSION	3171
ioctl$auto_OSS_GETVERSION2	3172
ioctl$auto_OTPERASE	3173
ioctl$auto_OTPGETREGIONCOUNT	3174
ioctl$auto_OTPGETREGIONINFO	3175
ioctl$auto_OTPLOCK	3176
ioctl$auto_OTPSELECT	3177
ioctl$auto_PAGEMAP_SCAN	3178
ioctl$auto_PPPIOCATTACH	3179
ioctl$auto_PPPIOCATTCHAN	3180
ioctl$auto_PPPIOCBRIDGECHAN	3181
ioctl$auto_PPPIOCCONNECT	3182
ioctl$auto_PPPIOCDISCONN	3183
ioctl$auto_PPPIOCGDEBUG	3184
ioctl$auto_PPPIOCGFLAGS	3185
ioctl$auto_PPPIOCGIDLE32	3186
ioctl$auto_PPPIOCGIDLE64	3187
ioctl$auto_PPPIOCGNPMODE	3188
ioctl$auto_PPPIOCGUNIT	3189
ioctl$auto_PPPIOCNEWUNIT	3190
ioctl$auto_PPPIOCSACTIVE	3191
ioctl$auto_PPPIOCSCOMPRESS	3192
ioctl$auto_PPPIOCSDEBUG	3193
ioctl$auto_PPPIOCSFLAGS	3194
ioctl$auto_PPPIOCSMAXCID	3195
ioctl$auto_PPPIOCSMRRU	3196
ioctl$auto_PPPIOCSMRU	3197
ioctl$auto_PPPIOCSNPMODE	3198
ioctl$auto_PPPIOCSPASS	3199
ioctl$auto_PPPIOCUNBRIDGECHAN	3200
ioctl$auto_PROCMAP_QUERY	3201
ioctl$auto_RNDADDENTROPY	3202
ioctl$auto_RNDADDENTROPY2	3203
ioctl$auto_RNDADDTOENTCNT	3204
ioctl$auto_RNDADDTOENTCNT2	3205
ioctl$auto_RNDCLEARPOOL	3206
ioctl$auto_RNDCLEARPOOL2	3207
ioctl$auto_RNDGETENTCNT	3208
ioctl$auto_RNDGETENTCNT2	3209
ioctl$auto_RNDRESEEDCRNG	3210
ioctl$auto_RNDRESEEDCRNG2	3211
ioctl$auto_RNDZAPENTCNT	3212
ioctl$auto_RNDZAPENTCNT2	3213
ioctl$auto_RTC_AIE_OFF	3214
ioctl$auto_RTC_AIE_ON	3215
ioctl$auto_RTC_ALM_READ	3216
ioctl$auto_RTC_ALM_SET	3217
ioctl$auto_RTC_EPOCH_SET	3218
ioctl$auto_RTC_IRQP_READ	3219
ioctl$auto_RTC_IRQP_SET	3220
ioctl$auto_RTC_PARAM_GET	3221
ioctl$auto_RTC_PARAM_SET	3222
ioctl$auto_RTC_PIE_OFF	3223
ioctl$auto_RTC_PIE_ON	3224
ioctl$auto_RTC_RD_TIME	3225
ioctl$auto_RTC_SET_TIME	3226
ioctl$auto_RTC_UIE_OFF	3227
ioctl$auto_RTC_UIE_ON	3228
ioctl$auto_RTC_WKALM_RD	3229
ioctl$auto_RTC_WKALM_SET	3230
ioctl$auto_SCSI_IOCTL_BENCHMARK_COMMAND	3231
ioctl$auto_SCSI_IOCTL_DOORLOCK	3232
ioctl$auto_SCSI_IOCTL_DOORUNLOCK	3233
ioctl$auto_SCSI_IOCTL_GET_BUS_NUMBER	3234
ioctl$auto_SCSI_IOCTL_GET_BUS_NUMBER2	3235
ioctl$auto_SCSI_IOCTL_GET_IDLUN	3236
ioctl$auto_SCSI_IOCTL_GET_IDLUN2	3237
ioctl$auto_SCSI_IOCTL_GET_PCI	3238
ioctl$auto_SCSI_IOCTL_PROBE_HOST	3239
ioctl$auto_SCSI_IOCTL_SEND_COMMAND	3240
ioctl$auto_SCSI_IOCTL_SEND_COMMAND2	3241
ioctl$auto_SCSI_IOCTL_START_UNIT	3242
ioctl$auto_SCSI_IOCTL_STOP_UNIT	3243
ioctl$auto_SCSI_IOCTL_SYNC	3244
ioctl$auto_SCSI_IOCTL_TEST_UNIT_READY	3245
ioctl$auto_SG_EMULATED_HOST	3246
ioctl$auto_SG_EMULATED_HOST2	3247
ioctl$auto_SG_GET_ACCESS_COUNT	3248
ioctl$auto_SG_GET_COMMAND_Q	3249
ioctl$auto_SG_GET_COMMAND_Q2	3250
ioctl$auto_SG_GET_KEEP_ORPHAN	3251
ioctl$auto_SG_GET_LOW_DMA	3252
ioctl$auto_SG_GET_NUM_WAITING	3253
ioctl$auto_SG_GET_PACK_ID	3254
ioctl$auto_SG_GET_REQUEST_TABLE	3255
ioctl$auto_SG_GET_RESERVED_SIZE	3256
ioctl$auto_SG_GET_RESERVED_SIZE2	3257
ioctl$auto_SG_GET_SCSI_ID	3258
ioctl$auto_SG_GET_SG_TABLESIZE	3259
ioctl$auto_SG_GET_TIMEOUT	3260
ioctl$auto_SG_GET_TIMEOUT2	3261
ioctl$auto_SG_GET_TRANSFORM	3262
ioctl$auto_SG_GET_VERSION_NUM	3263
ioctl$auto_SG_GET_VERSION_NUM2	3264
ioctl$auto_SG_IO	3265
ioctl$auto_SG_IO2	3266
ioctl$auto_SG_NEXT_CMD_LEN	3267
ioctl$auto_SG_SCSI_RESET	3268
ioctl$auto_SG_SET_COMMAND_Q	3269
ioctl$auto_SG_SET_COMMAND_Q2	3270
ioctl$auto_SG_SET_DEBUG	3271
ioctl$auto_SG_SET_FORCE_LOW_DMA	3272
ioctl$auto_SG_SET_FORCE_PACK_ID	3273
ioctl$auto_SG_SET_KEEP_ORPHAN	3274
ioctl$auto_SG_SET_RESERVED_SIZE	3275
ioctl$auto_SG_SET_RESERVED_SIZE2	3276
ioctl$auto_SG_SET_TIMEOUT	3277
ioctl$auto_SG_SET_TIMEOUT2	3278
ioctl$auto_SIOCGIFHWADDR	3279
ioctl$auto_SIOCGIFHWADDR2	3280
ioctl$auto_SIOCSIFHWADDR	3281
ioctl$auto_SIOCSIFHWADDR2	3282
ioctl$auto_SNAPSHOT_ALLOC_SWAP_PAGE	3283
ioctl$auto_SNAPSHOT_ATOMIC_RESTORE	3284
ioctl$auto_SNAPSHOT_AVAIL_SWAP_SIZE	3285
ioctl$auto_SNAPSHOT_CREATE_IMAGE	3286
ioctl$auto_SNAPSHOT_FREE	3287
ioctl$auto_SNAPSHOT_FREEZE	3288
ioctl$auto_SNAPSHOT_FREE_SWAP_PAGES	3289
ioctl$auto_SNAPSHOT_GET_IMAGE_SIZE	3290
ioctl$auto_SNAPSHOT_PLATFORM_SUPPORT	3291
ioctl$auto_SNAPSHOT_POWER_OFF	3292
ioctl$auto_SNAPSHOT_PREF_IMAGE_SIZE	3293
ioctl$auto_SNAPSHOT_S2RAM	3294
ioctl$auto_SNAPSHOT_SET_SWAP_AREA	3295
ioctl$auto_SNAPSHOT_UNFREEZE	3296
ioctl$auto_SNDCTL_DSP_CHANNELS	3297
ioctl$auto_SNDCTL_DSP_GETBLKSIZE	3298
ioctl$auto_SNDCTL_DSP_GETCAPS	3299
ioctl$auto_SNDCTL_DSP_GETFMTS	3300
ioctl$auto_SNDCTL_DSP_GETIPTR	3301
ioctl$auto_SNDCTL_DSP_GETISPACE	3302
ioctl$auto_SNDCTL_DSP_GETODELAY	3303
ioctl$auto_SNDCTL_DSP_GETOPTR	3304
ioctl$auto_SNDCTL_DSP_GETOSPACE	3305
ioctl$auto_SNDCTL_DSP_GETTRIGGER	3306
ioctl$auto_SNDCTL_DSP_MAPINBUF	3307
ioctl$auto_SNDCTL_DSP_MAPOUTBUF	3308
ioctl$auto_SNDCTL_DSP_NONBLOCK	3309
ioctl$auto_SNDCTL_DSP_POST	3310
ioctl$auto_SNDCTL_DSP_PROFILE	3311
ioctl$auto_SNDCTL_DSP_RESET	3312
ioctl$auto_SNDCTL_DSP_SETDUPLEX	3313
ioctl$auto_SNDCTL_DSP_SETFMT	3314
ioctl$auto_SNDCTL_DSP_SETFRAGMENT	3315
ioctl$auto_SNDCTL_DSP_SETSYNCRO	3316
ioctl$auto_SNDCTL_DSP_SETTRIGGER	3317
ioctl$auto_SNDCTL_DSP_SPEED	3318
ioctl$auto_SNDCTL_DSP_STEREO	3319
ioctl$auto_SNDCTL_DSP_SUBDIVIDE	3320
ioctl$auto_SNDCTL_DSP_SYNC	3321
ioctl$auto_SNDCTL_FM_4OP_ENABLE	3322
ioctl$auto_SNDCTL_MIDI_INFO	3323
ioctl$auto_SNDCTL_MIDI_PRETIME	3324
ioctl$auto_SNDCTL_SEQ_CTRLRATE	3325
ioctl$auto_SNDCTL_SEQ_GETINCOUNT	3326
ioctl$auto_SNDCTL_SEQ_GETOUTCOUNT	3327
ioctl$auto_SNDCTL_SEQ_GETTIME	3328
ioctl$auto_SNDCTL_SEQ_NRMIDIS	3329
ioctl$auto_SNDCTL_SEQ_NRSYNTHS	3330
ioctl$auto_SNDCTL_SEQ_OUTOFBAND	3331
ioctl$auto_SNDCTL_SEQ_PANIC	3332
ioctl$auto_SNDCTL_SEQ_RESET	3333
ioctl$auto_SNDCTL_SEQ_RESETSAMPLES	3334
ioctl$auto_SNDCTL_SEQ_SYNC	3335
ioctl$auto_SNDCTL_SEQ_TESTMIDI	3336
ioctl$auto_SNDCTL_SEQ_THRESHOLD	3337
ioctl$auto_SNDCTL_SYNTH_ID	3338
ioctl$auto_SNDCTL_SYNTH_INFO	3339
ioctl$auto_SNDCTL_SYNTH_MEMAVL	3340
ioctl$auto_SNDCTL_TMR_CONTINUE	3341
ioctl$auto_SNDCTL_TMR_METRONOME	3342
ioctl$auto_SNDCTL_TMR_SELECT	3343
ioctl$auto_SNDCTL_TMR_SOURCE	3344
ioctl$auto_SNDCTL_TMR_START	3345
ioctl$auto_SNDCTL_TMR_STOP	3346
ioctl$auto_SNDCTL_TMR_TEMPO	3347
ioctl$auto_SNDCTL_TMR_TIMEBASE	3348
ioctl$auto_SNDRV_CTL_IOCTL_CARD_INFO	3349
ioctl$auto_SNDRV_CTL_IOCTL_ELEM_ADD	3350
ioctl$auto_SNDRV_CTL_IOCTL_ELEM_INFO	3351
ioctl$auto_SNDRV_CTL_IOCTL_ELEM_LIST	3352
ioctl$auto_SNDRV_CTL_IOCTL_ELEM_LOCK	3353
ioctl$auto_SNDRV_CTL_IOCTL_ELEM_READ	3354
ioctl$auto_SNDRV_CTL_IOCTL_ELEM_REMOVE	3355
ioctl$auto_SNDRV_CTL_IOCTL_ELEM_REPLACE	3356
ioctl$auto_SNDRV_CTL_IOCTL_ELEM_UNLOCK	3357
ioctl$auto_SNDRV_CTL_IOCTL_ELEM_WRITE	3358
ioctl$auto_SNDRV_CTL_IOCTL_POWER	3359
ioctl$auto_SNDRV_CTL_IOCTL_POWER_STATE	3360
ioctl$auto_SNDRV_CTL_IOCTL_PVERSION	3361
ioctl$auto_SNDRV_CTL_IOCTL_SUBSCRIBE_EVENTS	3362
ioctl$auto_SNDRV_CTL_IOCTL_TLV_COMMAND	3363
ioctl$auto_SNDRV_CTL_IOCTL_TLV_READ	3364
ioctl$auto_SNDRV_CTL_IOCTL_TLV_WRITE	3365
ioctl$auto_SNDRV_PCM_IOCTL_CHANNEL_INFO	3366
ioctl$auto_SNDRV_PCM_IOCTL_CHANNEL_INFO2	3367
ioctl$auto_SNDRV_PCM_IOCTL_DELAY	3368
ioctl$auto_SNDRV_PCM_IOCTL_DELAY2	3369
ioctl$auto_SNDRV_PCM_IOCTL_DRAIN	3370
ioctl$auto_SNDRV_PCM_IOCTL_DRAIN2	3371
ioctl$auto_SNDRV_PCM_IOCTL_DROP	3372
ioctl$auto_SNDRV_PCM_IOCTL_DROP2	3373
ioctl$auto_SNDRV_PCM_IOCTL_FORWARD	3374
ioctl$auto_SNDRV_PCM_IOCTL_FORWARD2	3375
ioctl$auto_SNDRV_PCM_IOCTL_HWSYNC	3376
ioctl$auto_SNDRV_PCM_IOCTL_HWSYNC2	3377
ioctl$auto_SNDRV_PCM_IOCTL_HW_FREE	3378
ioctl$auto_SNDRV_PCM_IOCTL_HW_FREE2	3379
ioctl$auto_SNDRV_PCM_IOCTL_HW_PARAMS	3380
ioctl$auto_SNDRV_PCM_IOCTL_HW_PARAMS2	3381
ioctl$auto_SNDRV_PCM_IOCTL_HW_PARAMS_OLD	3382
ioctl$auto_SNDRV_PCM_IOCTL_HW_PARAMS_OLD2	3383
ioctl$auto_SNDRV_PCM_IOCTL_HW_REFINE	3384
ioctl$auto_SNDRV_PCM_IOCTL_HW_REFINE2	3385
ioctl$auto_SNDRV_PCM_IOCTL_HW_REFINE_OLD	3386
ioctl$auto_SNDRV_PCM_IOCTL_HW_REFINE_OLD2	3387
ioctl$auto_SNDRV_PCM_IOCTL_INFO	3388
ioctl$auto_SNDRV_PCM_IOCTL_INFO2	3389
ioctl$auto_SNDRV_PCM_IOCTL_LINK	3390
ioctl$auto_SNDRV_PCM_IOCTL_LINK2	3391
ioctl$auto_SNDRV_PCM_IOCTL_PAUSE	3392
ioctl$auto_SNDRV_PCM_IOCTL_PAUSE2	3393
ioctl$auto_SNDRV_PCM_IOCTL_PREPARE	3394
ioctl$auto_SNDRV_PCM_IOCTL_PREPARE2	3395
ioctl$auto_SNDRV_PCM_IOCTL_PVERSION	3396
ioctl$auto_SNDRV_PCM_IOCTL_PVERSION2	3397
ioctl$auto_SNDRV_PCM_IOCTL_READI_FRAMES	3398
ioctl$auto_SNDRV_PCM_IOCTL_READI_FRAMES2	3399
ioctl$auto_SNDRV_PCM_IOCTL_READN_FRAMES	3400
ioctl$auto_SNDRV_PCM_IOCTL_READN_FRAMES2	3401
ioctl$auto_SNDRV_PCM_IOCTL_RESET	3402
ioctl$auto_SNDRV_PCM_IOCTL_RESET2	3403
ioctl$auto_SNDRV_PCM_IOCTL_RESUME	3404
ioctl$auto_SNDRV_PCM_IOCTL_RESUME2	3405
ioctl$auto_SNDRV_PCM_IOCTL_REWIND	3406
ioctl$auto_SNDRV_PCM_IOCTL_REWIND2	3407
ioctl$auto_SNDRV_PCM_IOCTL_START	3408
ioctl$auto_SNDRV_PCM_IOCTL_START2	3409
ioctl$auto_SNDRV_PCM_IOCTL_STATUS32	3410
ioctl$auto_SNDRV_PCM_IOCTL_STATUS322	3411
ioctl$auto_SNDRV_PCM_IOCTL_STATUS64	3412
ioctl$auto_SNDRV_PCM_IOCTL_STATUS642	3413
ioctl$auto_SNDRV_PCM_IOCTL_STATUS_EXT32	3414
ioctl$auto_SNDRV_PCM_IOCTL_STATUS_EXT322	3415
ioctl$auto_SNDRV_PCM_IOCTL_STATUS_EXT64	3416
ioctl$auto_SNDRV_PCM_IOCTL_STATUS_EXT642	3417
ioctl$auto_SNDRV_PCM_IOCTL_SW_PARAMS	3418
ioctl$auto_SNDRV_PCM_IOCTL_SW_PARAMS2	3419
ioctl$auto_SNDRV_PCM_IOCTL_TSTAMP	3420
ioctl$auto_SNDRV_PCM_IOCTL_TSTAMP2	3421
ioctl$auto_SNDRV_PCM_IOCTL_TTSTAMP	3422
ioctl$auto_SNDRV_PCM_IOCTL_TTSTAMP2	3423
ioctl$auto_SNDRV_PCM_IOCTL_UNLINK	3424
ioctl$auto_SNDRV_PCM_IOCTL_UNLINK2	3425
ioctl$auto_SNDRV_PCM_IOCTL_USER_PVERSION	3426
ioctl$auto_SNDRV_PCM_IOCTL_USER_PVERSION2	3427
ioctl$auto_SNDRV_PCM_IOCTL_WRITEI_FRAMES	3428
ioctl$auto_SNDRV_PCM_IOCTL_WRITEI_FRAMES2	3429
ioctl$auto_SNDRV_PCM_IOCTL_WRITEN_FRAMES	3430
ioctl$auto_SNDRV_PCM_IOCTL_WRITEN_FRAMES2	3431
ioctl$auto_SNDRV_PCM_IOCTL_XRUN	3432
ioctl$auto_SNDRV_PCM_IOCTL_XRUN2	3433
ioctl$auto_SNDRV_RAWMIDI_IOCTL_DRAIN	3434
ioctl$auto_SNDRV_RAWMIDI_IOCTL_DROP	3435
ioctl$auto_SNDRV_RAWMIDI_IOCTL_INFO	3436
ioctl$auto_SNDRV_RAWMIDI_IOCTL_PARAMS	3437
ioctl$auto_SNDRV_RAWMIDI_IOCTL_PVERSION	3438
ioctl$auto_SNDRV_RAWMIDI_IOCTL_STATUS32	3439
ioctl$auto_SNDRV_RAWMIDI_IOCTL_STATUS64	3440
ioctl$auto_SNDRV_RAWMIDI_IOCTL_USER_PVERSION	3441
ioctl$auto_SNDRV_TIMER_IOCTL_CONTINUE	3442
ioctl$auto_SNDRV_TIMER_IOCTL_CONTINUE_OLD	3443
ioctl$auto_SNDRV_TIMER_IOCTL_CREATE	3444
ioctl$auto_SNDRV_TIMER_IOCTL_GINFO	3445
ioctl$auto_SNDRV_TIMER_IOCTL_GPARAMS	3446
ioctl$auto_SNDRV_TIMER_IOCTL_GSTATUS	3447
ioctl$auto_SNDRV_TIMER_IOCTL_INFO	3448
ioctl$auto_SNDRV_TIMER_IOCTL_NEXT_DEVICE	3449
ioctl$auto_SNDRV_TIMER_IOCTL_PARAMS	3450
ioctl$auto_SNDRV_TIMER_IOCTL_PAUSE	3451
ioctl$auto_SNDRV_TIMER_IOCTL_PAUSE_OLD	3452
ioctl$auto_SNDRV_TIMER_IOCTL_PVERSION	3453
ioctl$auto_SNDRV_TIMER_IOCTL_SELECT	3454
ioctl$auto_SNDRV_TIMER_IOCTL_START	3455
ioctl$auto_SNDRV_TIMER_IOCTL_START_OLD	3456
ioctl$auto_SNDRV_TIMER_IOCTL_STATUS32	3457
ioctl$auto_SNDRV_TIMER_IOCTL_STATUS64	3458
ioctl$auto_SNDRV_TIMER_IOCTL_STOP	3459
ioctl$auto_SNDRV_TIMER_IOCTL_STOP_OLD	3460
ioctl$auto_SNDRV_TIMER_IOCTL_TREAD64	3461
ioctl$auto_SNDRV_TIMER_IOCTL_TREAD_OLD	3462
ioctl$auto_SOUND_MIXER_INFO	3463
ioctl$auto_SOUND_MIXER_INFO2	3464
ioctl$auto_SOUND_MIXER_READ_CAPS	3465
ioctl$auto_SOUND_MIXER_READ_CAPS2	3466
ioctl$auto_SOUND_MIXER_READ_DEVMASK	3467
ioctl$auto_SOUND_MIXER_READ_DEVMASK2	3468
ioctl$auto_SOUND_MIXER_READ_RECMASK	3469
ioctl$auto_SOUND_MIXER_READ_RECMASK2	3470
ioctl$auto_SOUND_MIXER_READ_RECSRC	3471
ioctl$auto_SOUND_MIXER_READ_RECSRC2	3472
ioctl$auto_SOUND_MIXER_READ_STEREODEVS	3473
ioctl$auto_SOUND_MIXER_READ_STEREODEVS2	3474
ioctl$auto_SOUND_MIXER_WRITE_RECSRC	3475
ioctl$auto_SOUND_MIXER_WRITE_RECSRC2	3476
ioctl$auto_SOUND_OLD_MIXER_INFO	3477
ioctl$auto_SOUND_OLD_MIXER_INFO2	3478
ioctl$auto_SOUND_PCM_READ_BITS	3479
ioctl$auto_SOUND_PCM_READ_CHANNELS	3480
ioctl$auto_SOUND_PCM_READ_FILTER	3481
ioctl$auto_SOUND_PCM_READ_RATE	3482
ioctl$auto_SOUND_PCM_WRITE_FILTER	3483
ioctl$auto_SW_SYNC_GET_DEADLINE	3484
ioctl$auto_SW_SYNC_IOC_CREATE_FENCE	3485
ioctl$auto_SW_SYNC_IOC_INC	3486
ioctl$auto_TCFLSH	3487
ioctl$auto_TCFLSH2	3488
ioctl$auto_TCSBRK	3489
ioctl$auto_TCSBRK2	3490
ioctl$auto_TCSBRKP	3491
ioctl$auto_TCSBRKP2	3492
ioctl$auto_TIOCCBRK	3493
ioctl$auto_TIOCCBRK2	3494
ioctl$auto_TIOCCONS	3495
ioctl$auto_TIOCCONS2	3496
ioctl$auto_TIOCEXCL	3497
ioctl$auto_TIOCEXCL2	3498
ioctl$auto_TIOCGDEV	3499
ioctl$auto_TIOCGDEV2	3500
ioctl$auto_TIOCGETD	3501
ioctl$auto_TIOCGETD2	3502
ioctl$auto_TIOCGEXCL	3503
ioctl$auto_TIOCGEXCL2	3504
ioctl$auto_TIOCGICOUNT	3505
ioctl$auto_TIOCGICOUNT2	3506
ioctl$auto_TIOCGPGRP	3507
ioctl$auto_TIOCGPGRP2	3508
ioctl$auto_TIOCGPTPEER	3509
ioctl$auto_TIOCGPTPEER2	3510
ioctl$auto_TIOCGSERIAL	3511
ioctl$auto_TIOCGSERIAL2	3512
ioctl$auto_TIOCGSID	3513
ioctl$auto_TIOCGSID2	3514
ioctl$auto_TIOCGWINSZ	3515
ioctl$auto_TIOCGWINSZ2	3516
ioctl$auto_TIOCMBIC	3517
ioctl$auto_TIOCMBIC2	3518
ioctl$auto_TIOCMBIS	3519
ioctl$auto_TIOCMBIS2	3520
ioctl$auto_TIOCMGET	3521
ioctl$auto_TIOCMGET2	3522
ioctl$auto_TIOCMSET	3523
ioctl$auto_TIOCMSET2	3524
ioctl$auto_TIOCNOTTY	3525
ioctl$auto_TIOCNOTTY2	3526
ioctl$auto_TIOCNXCL	3527
ioctl$auto_TIOCNXCL2	3528
ioctl$auto_TIOCSBRK	3529
ioctl$auto_TIOCSBRK2	3530
ioctl$auto_TIOCSCTTY	3531
ioctl$auto_TIOCSCTTY2	3532
ioctl$auto_TIOCSETD	3533
ioctl$auto_TIOCSETD2	3534
ioctl$auto_TIOCSPGRP	3535
ioctl$auto_TIOCSPGRP2	3536
ioctl$auto_TIOCSSERIAL	3537
ioctl$auto_TIOCSSERIAL2	3538
ioctl$auto_TIOCSTI	3539
ioctl$auto_TIOCSTI2	3540
ioctl$auto_TIOCSWINSZ	3541
ioctl$auto_TIOCSWINSZ2	3542
ioctl$auto_TIOCVHANGUP	3543
ioctl$auto_TIOCVHANGUP2	3544
ioctl$auto_TUNATTACHFILTER	3545
ioctl$auto_TUNDETACHFILTER	3546
ioctl$auto_TUNGETDEVNETNS	3547
ioctl$auto_TUNGETFEATURES	3548
ioctl$auto_TUNGETFILTER	3549
ioctl$auto_TUNGETIFF	3550
ioctl$auto_TUNGETIFF2	3551
ioctl$auto_TUNGETSNDBUF	3552
ioctl$auto_TUNGETVNETBE	3553
ioctl$auto_TUNGETVNETBE2	3554
ioctl$auto_TUNGETVNETHDRSZ	3555
ioctl$auto_TUNGETVNETHDRSZ2	3556
ioctl$auto_TUNGETVNETLE	3557
ioctl$auto_TUNGETVNETLE2	3558
ioctl$auto_TUNSETCARRIER	3559
ioctl$auto_TUNSETDEBUG	3560
ioctl$auto_TUNSETFILTEREBPF	3561
ioctl$auto_TUNSETGROUP	3562
ioctl$auto_TUNSETIFF	3563
ioctl$auto_TUNSETLINK	3564
ioctl$auto_TUNSETNOCSUM	3565
ioctl$auto_TUNSETOFFLOAD	3566
ioctl$auto_TUNSETOFFLOAD2	3567
ioctl$auto_TUNSETOWNER	3568
ioctl$auto_TUNSETPERSIST	3569
ioctl$auto_TUNSETQUEUE	3570
ioctl$auto_TUNSETSNDBUF	3571
ioctl$auto_TUNSETSNDBUF2	3572
ioctl$auto_TUNSETSTEERINGEBPF	3573
ioctl$auto_TUNSETTXFILTER	3574
ioctl$auto_TUNSETVNETBE	3575
ioctl$auto_TUNSETVNETBE2	3576
ioctl$auto_TUNSETVNETHDRSZ	3577
ioctl$auto_TUNSETVNETHDRSZ2	3578
ioctl$auto_TUNSETVNETLE	3579
ioctl$auto_TUNSETVNETLE2	3580
ioctl$auto_UBI_IOCATT	3581
ioctl$auto_UBI_IOCDET	3582
ioctl$auto_UDF_GETEABLOCK	3583
ioctl$auto_UDF_GETEASIZE	3584
ioctl$auto_UDF_GETVOLIDENT	3585
ioctl$auto_UDF_RELOCATE_BLOCKS	3586
ioctl$auto_UDMABUF_CREATE	3587
ioctl$auto_UDMABUF_CREATE_LIST	3588
ioctl$auto_UI_BEGIN_FF_ERASE	3589
ioctl$auto_UI_BEGIN_FF_UPLOAD	3590
ioctl$auto_UI_DEV_CREATE	3591
ioctl$auto_UI_DEV_DESTROY	3592
ioctl$auto_UI_DEV_SETUP	3593
ioctl$auto_UI_END_FF_ERASE	3594
ioctl$auto_UI_END_FF_UPLOAD	3595
ioctl$auto_UI_GET_VERSION	3596
ioctl$auto_UI_SET_ABSBIT	3597
ioctl$auto_UI_SET_EVBIT	3598
ioctl$auto_UI_SET_FFBIT	3599
ioctl$auto_UI_SET_KEYBIT	3600
ioctl$auto_UI_SET_LEDBIT	3601
ioctl$auto_UI_SET_MSCBIT	3602
ioctl$auto_UI_SET_PHYS	3603
ioctl$auto_UI_SET_PROPBIT	3604
ioctl$auto_UI_SET_RELBIT	3605
ioctl$auto_UI_SET_SNDBIT	3606
ioctl$auto_UI_SET_SWBIT	3607
ioctl$auto_USBDEVFS_ALLOC_STREAMS	3608
ioctl$auto_USBDEVFS_ALLOW_SUSPEND	3609
ioctl$auto_USBDEVFS_BULK	3610
ioctl$auto_USBDEVFS_BULK32	3611
ioctl$auto_USBDEVFS_CLAIMINTERFACE	3612
ioctl$auto_USBDEVFS_CLAIM_PORT	3613
ioctl$auto_USBDEVFS_CLEAR_HALT	3614
ioctl$auto_USBDEVFS_CONNECTINFO	3615
ioctl$auto_USBDEVFS_CONTROL	3616
ioctl$auto_USBDEVFS_CONTROL32	3617
ioctl$auto_USBDEVFS_DISCARDURB	3618
ioctl$auto_USBDEVFS_DISCONNECT_CLAIM	3619
ioctl$auto_USBDEVFS_DISCSIGNAL	3620
ioctl$auto_USBDEVFS_DISCSIGNAL32	3621
ioctl$auto_USBDEVFS_DROP_PRIVILEGES	3622
ioctl$auto_USBDEVFS_FORBID_SUSPEND	3623
ioctl$auto_USBDEVFS_FREE_STREAMS	3624
ioctl$auto_USBDEVFS_GETDRIVER	3625
ioctl$auto_USBDEVFS_GET_CAPABILITIES	3626
ioctl$auto_USBDEVFS_GET_SPEED	3627
ioctl$auto_USBDEVFS_IOCTL	3628
ioctl$auto_USBDEVFS_IOCTL32	3629
ioctl$auto_USBDEVFS_REAPURB	3630
ioctl$auto_USBDEVFS_REAPURB32	3631
ioctl$auto_USBDEVFS_REAPURBNDELAY	3632
ioctl$auto_USBDEVFS_REAPURBNDELAY32	3633
ioctl$auto_USBDEVFS_RELEASEINTERFACE	3634
ioctl$auto_USBDEVFS_RELEASE_PORT	3635
ioctl$auto_USBDEVFS_RESET	3636
ioctl$auto_USBDEVFS_RESETEP	3637
ioctl$auto_USBDEVFS_SETCONFIGURATION	3638
ioctl$auto_USBDEVFS_SETINTERFACE	3639
ioctl$auto_USBDEVFS_SUBMITURB	3640
ioctl$auto_USBDEVFS_SUBMITURB32	3641
ioctl$auto_USBDEVFS_WAIT_FOR_RESUME	3642
ioctl$auto_USB_RAW_IOCTL_CONFIGURE	3643
ioctl$auto_USB_RAW_IOCTL_EP0_READ	3644
ioctl$auto_USB_RAW_IOCTL_EP0_STALL	3645
ioctl$auto_USB_RAW_IOCTL_EP0_WRITE	3646
ioctl$auto_USB_RAW_IOCTL_EPS_INFO	3647
ioctl$auto_USB_RAW_IOCTL_EP_CLEAR_HALT	3648
ioctl$auto_USB_RAW_IOCTL_EP_DISABLE	3649
ioctl$auto_USB_RAW_IOCTL_EP_ENABLE	3650
ioctl$auto_USB_RAW_IOCTL_EP_READ	3651
ioctl$auto_USB_RAW_IOCTL_EP_SET_HALT	3652
ioctl$auto_USB_RAW_IOCTL_EP_SET_WEDGE	3653
ioctl$auto_USB_RAW_IOCTL_EP_WRITE	3654
ioctl$auto_USB_RAW_IOCTL_EVENT_FETCH	3655
ioctl$auto_USB_RAW_IOCTL_INIT	3656
ioctl$auto_USB_RAW_IOCTL_RUN	3657
ioctl$auto_USB_RAW_IOCTL_VBUS_DRAW	3658
ioctl$auto_VFIO_CHECK_EXTENSION	3659
ioctl$auto_VFIO_GET_API_VERSION	3660
ioctl$auto_VFIO_IOMMU_DIRTY_PAGES	3661
ioctl$auto_VFIO_IOMMU_GET_INFO	3662
ioctl$auto_VFIO_IOMMU_MAP_DMA	3663
ioctl$auto_VFIO_IOMMU_UNMAP_DMA	3664
ioctl$auto_VFIO_SET_IOMMU	3665
ioctl$auto_VHOST_GET_BACKEND_FEATURES	3666
ioctl$auto_VHOST_GET_BACKEND_FEATURES2	3667
ioctl$auto_VHOST_GET_FEATURES	3668
ioctl$auto_VHOST_GET_FEATURES2	3669
ioctl$auto_VHOST_GET_VRING_BASE	3670
ioctl$auto_VHOST_GET_VRING_BASE2	3671
ioctl$auto_VHOST_GET_VRING_BUSYLOOP_TIMEOUT	3672
ioctl$auto_VHOST_GET_VRING_BUSYLOOP_TIMEOUT2	3673
ioctl$auto_VHOST_GET_VRING_ENDIAN	3674
ioctl$auto_VHOST_GET_VRING_ENDIAN2	3675
ioctl$auto_VHOST_NET_SET_BACKEND	3676
ioctl$auto_VHOST_RESET_OWNER	3677
ioctl$auto_VHOST_SET_BACKEND_FEATURES	3678
ioctl$auto_VHOST_SET_BACKEND_FEATURES2	3679
ioctl$auto_VHOST_SET_FEATURES	3680
ioctl$auto_VHOST_SET_FEATURES2	3681
ioctl$auto_VHOST_SET_LOG_BASE	3682
ioctl$auto_VHOST_SET_LOG_BASE2	3683
ioctl$auto_VHOST_SET_LOG_FD	3684
ioctl$auto_VHOST_SET_LOG_FD2	3685
ioctl$auto_VHOST_SET_MEM_TABLE	3686
ioctl$auto_VHOST_SET_MEM_TABLE2	3687
ioctl$auto_VHOST_SET_OWNER	3688
ioctl$auto_VHOST_SET_VRING_ADDR	3689
ioctl$auto_VHOST_SET_VRING_ADDR2	3690
ioctl$auto_VHOST_SET_VRING_BASE	3691
ioctl$auto_VHOST_SET_VRING_BASE2	3692
ioctl$auto_VHOST_SET_VRING_BUSYLOOP_TIMEOUT	3693
ioctl$auto_VHOST_SET_VRING_BUSYLOOP_TIMEOUT2	3694
ioctl$auto_VHOST_SET_VRING_CALL	3695
ioctl$auto_VHOST_SET_VRING_CALL2	3696
ioctl$auto_VHOST_SET_VRING_ENDIAN	3697
ioctl$auto_VHOST_SET_VRING_ENDIAN2	3698
ioctl$auto_VHOST_SET_VRING_ERR	3699
ioctl$auto_VHOST_SET_VRING_ERR2	3700
ioctl$auto_VHOST_SET_VRING_KICK	3701
ioctl$auto_VHOST_SET_VRING_KICK2	3702
ioctl$auto_VHOST_SET_VRING_NUM	3703
ioctl$auto_VHOST_SET_VRING_NUM2	3704
ioctl$auto_VHOST_VSOCK_SET_GUEST_CID	3705
ioctl$auto_VHOST_VSOCK_SET_RUNNING	3706
ioctl$auto_X86_IOC_RDMSR_REGS	3707
ioctl$auto_X86_IOC_WRMSR_REGS	3708
ioctl$auto_XFS_IOC_AG_GEOMETRY	3709
ioctl$auto_XFS_IOC_ALLOCSP	3710
ioctl$auto_XFS_IOC_ALLOCSP64	3711
ioctl$auto_XFS_IOC_ATTRLIST_BY_HANDLE	3712
ioctl$auto_XFS_IOC_ATTRMULTI_BY_HANDLE	3713
ioctl$auto_XFS_IOC_BULKSTAT	3714
ioctl$auto_XFS_IOC_COMMIT_RANGE	3715
ioctl$auto_XFS_IOC_DIOINFO	3716
ioctl$auto_XFS_IOC_ERROR_CLEARALL	3717
ioctl$auto_XFS_IOC_ERROR_INJECTION	3718
ioctl$auto_XFS_IOC_EXCHANGE_RANGE	3719
ioctl$auto_XFS_IOC_FD_TO_HANDLE	3720
ioctl$auto_XFS_IOC_FREESP	3721
ioctl$auto_XFS_IOC_FREESP64	3722
ioctl$auto_XFS_IOC_FREE_EOFBLOCKS	3723
ioctl$auto_XFS_IOC_FSBULKSTAT	3724
ioctl$auto_XFS_IOC_FSBULKSTAT_SINGLE	3725
ioctl$auto_XFS_IOC_FSCOUNTS	3726
ioctl$auto_XFS_IOC_FSGEOMETRY	3727
ioctl$auto_XFS_IOC_FSGEOMETRY_V1	3728
ioctl$auto_XFS_IOC_FSGEOMETRY_V4	3729
ioctl$auto_XFS_IOC_FSGETXATTRA	3730
ioctl$auto_XFS_IOC_FSGROWFSDATA	3731
ioctl$auto_XFS_IOC_FSGROWFSLOG	3732
ioctl$auto_XFS_IOC_FSGROWFSRT	3733
ioctl$auto_XFS_IOC_FSINUMBERS	3734
ioctl$auto_XFS_IOC_GETBMAP	3735
ioctl$auto_XFS_IOC_GETBMAPA	3736
ioctl$auto_XFS_IOC_GETBMAPX	3737
ioctl$auto_XFS_IOC_GETPARENTS	3738
ioctl$auto_XFS_IOC_GETPARENTS_BY_HANDLE	3739
ioctl$auto_XFS_IOC_GETVERSION	3740
ioctl$auto_XFS_IOC_GET_RESBLKS	3741
ioctl$auto_XFS_IOC_GOINGDOWN	3742
ioctl$auto_XFS_IOC_INUMBERS	3743
ioctl$auto_XFS_IOC_OPEN_BY_HANDLE	3744
ioctl$auto_XFS_IOC_PATH_TO_FSHANDLE	3745
ioctl$auto_XFS_IOC_PATH_TO_HANDLE	3746
ioctl$auto_XFS_IOC_READLINK_BY_HANDLE	3747
ioctl$auto_XFS_IOC_RTGROUP_GEOMETRY	3748
ioctl$auto_XFS_IOC_SCRUBV_METADATA	3749
ioctl$auto_XFS_IOC_SCRUB_METADATA	3750
ioctl$auto_XFS_IOC_SET_RESBLKS	3751
ioctl$auto_XFS_IOC_START_COMMIT	3752
ioctl$auto_XFS_IOC_SWAPEXT	3753
ioctl$auto___SNDRV_PCM_IOCTL_SYNC_PTR32	3754
ioctl$auto___SNDRV_PCM_IOCTL_SYNC_PTR322	3755
ioctl$auto___SNDRV_PCM_IOCTL_SYNC_PTR64	3756
ioctl$auto___SNDRV_PCM_IOCTL_SYNC_PTR642	3757
ioctl$auto__ctl_fops_dm_ioctl	3758
ioctl$auto__dev_ioctl_fops_dev_ioctl	3759
ioctl$auto_debugfs_full_proxy_file_operations_internal	3760
ioctl$auto_dma_heap_fops_dma_heap	3761
ioctl$auto_dvb_demux_fops_dmxdev	3762
ioctl$auto_dvb_dvr_fops_dmxdev	3763
ioctl$auto_dvb_frontend_fops_dvb_frontend	3764
ioctl$auto_ep0_operations_inode	3765
ioctl$auto_media_devnode_fops_mc_devnode	3766
ioctl$auto_posix_clock_file_operations_posix_clock	3767
ioctl$auto_proc_iter_file_ops_compat_inode	3768
ioctl$auto_proc_reg_file_ops_compat_inode	3769
ioctl$auto_rfkill_fops_core	3770
ioctl$auto_snd_seq_f_ops_seq_clientmgr	3771
ioctl$auto_tracing_buffers_fops_trace	3772
ioctl$auto_userfaultfd_dev_fops_userfaultfd	3773
ioctl$auto_v4l2_fops_v4l2_dev	3774
ioctl$auto_virtual_ncidev_fops_virtual_ncidev	3775
ioctl$auto_vmwgfx_driver_fops_vmwgfx_drv	3776
ioctl$ifreq_SIOCGIFINDEX_batadv_hard	3777
ioctl$ifreq_SIOCGIFINDEX_batadv_mesh	3778
ioctl$ifreq_SIOCGIFINDEX_team	3779
ioctl$ifreq_SIOCGIFINDEX_vcan	3780
ioctl$ifreq_SIOCGIFINDEX_wireguard	3781
ioctl$int_in	3782
ioctl$int_out	3783
ioctl$mixer_OSS_ALSAEMULVER	3784
ioctl$mixer_OSS_GETVERSION	3785
ioctl$sock_FIOGETOWN	3786
ioctl$sock_FIOSETOWN	3787
ioctl$sock_SIOCADDDLCI	3788
ioctl$sock_SIOCADDRT	3789
ioctl$sock_SIOCBRADDBR	3790
ioctl$sock_SIOCBRDELBR	3791
ioctl$sock_SIOCDELDLCI	3792
ioctl$sock_SIOCDELRT	3793
ioctl$sock_SIOCETHTOOL	3794
ioctl$sock_SIOCGIFBR	3795
ioctl$sock_SIOCGIFCONF	3796
ioctl$sock_SIOCGIFINDEX	3797
ioctl$sock_SIOCGIFINDEX_80211	3798
ioctl$sock_SIOCGIFINDEX_802154	3799
ioctl$sock_SIOCGIFVLAN_ADD_VLAN_CMD	3800
ioctl$sock_SIOCGIFVLAN_DEL_VLAN_CMD	3801
ioctl$sock_SIOCGIFVLAN_GET_VLAN_EGRESS_PRIORITY_CMD	3802
ioctl$sock_SIOCGIFVLAN_GET_VLAN_INGRESS_PRIORITY_CMD	3803
ioctl$sock_SIOCGIFVLAN_GET_VLAN_REALDEV_NAME_CMD	3804
ioctl$sock_SIOCGIFVLAN_GET_VLAN_VID_CMD	3805
ioctl$sock_SIOCGIFVLAN_SET_VLAN_EGRESS_PRIORITY_CMD	3806
ioctl$sock_SIOCGIFVLAN_SET_VLAN_FLAG_CMD	3807
ioctl$sock_SIOCGIFVLAN_SET_VLAN_INGRESS_PRIORITY_CMD	3808
ioctl$sock_SIOCGIFVLAN_SET_VLAN_NAME_TYPE_CMD	3809
ioctl$sock_SIOCGPGRP	3810
ioctl$sock_SIOCGSKNS	3811
ioctl$sock_SIOCINQ	3812
ioctl$sock_SIOCOUTQ	3813
ioctl$sock_SIOCOUTQNSD	3814
ioctl$sock_SIOCSIFBR	3815
ioctl$sock_SIOCSIFVLAN_ADD_VLAN_CMD	3816
ioctl$sock_SIOCSIFVLAN_DEL_VLAN_CMD	3817
ioctl$sock_SIOCSIFVLAN_GET_VLAN_EGRESS_PRIORITY_CMD	3818
ioctl$sock_SIOCSIFVLAN_GET_VLAN_INGRESS_PRIORITY_CMD	3819
ioctl$sock_SIOCSIFVLAN_GET_VLAN_REALDEV_NAME_CMD	3820
ioctl$sock_SIOCSIFVLAN_GET_VLAN_VID_CMD	3821
ioctl$sock_SIOCSIFVLAN_SET_VLAN_EGRESS_PRIORITY_CMD	3822
ioctl$sock_SIOCSIFVLAN_SET_VLAN_FLAG_CMD	3823
ioctl$sock_SIOCSIFVLAN_SET_VLAN_INGRESS_PRIORITY_CMD	3824
ioctl$sock_SIOCSIFVLAN_SET_VLAN_NAME_TYPE_CMD	3825
ioctl$sock_SIOCSPGRP	3826
ioctl$sock_TIOCINQ	3827
ioctl$sock_TIOCOUTQ	3828
ioctl$sock_ax25_SIOCADDRT	3829
ioctl$sock_ax25_SIOCDELRT	3830
ioctl$sock_bt_bnep_BNEPCONNADD	3831
ioctl$sock_bt_bnep_BNEPCONNDEL	3832
ioctl$sock_bt_bnep_BNEPGETCONNINFO	3833
ioctl$sock_bt_bnep_BNEPGETCONNLIST	3834
ioctl$sock_bt_bnep_BNEPGETSUPPFEAT	3835
ioctl$sock_bt_cmtp_CMTPCONNADD	3836
ioctl$sock_bt_cmtp_CMTPCONNDEL	3837
ioctl$sock_bt_cmtp_CMTPGETCONNINFO	3838
ioctl$sock_bt_cmtp_CMTPGETCONNLIST	3839
ioctl$sock_bt_hci	3840
ioctl$sock_bt_hidp_HIDPCONNADD	3841
ioctl$sock_bt_hidp_HIDPCONNDEL	3842
ioctl$sock_bt_hidp_HIDPGETCONNINFO	3843
ioctl$sock_bt_hidp_HIDPGETCONNLIST	3844
ioctl$sock_ifreq	3845
ioctl$sock_inet6_SIOCADDRT	3846
ioctl$sock_inet6_SIOCDELRT	3847
ioctl$sock_inet6_SIOCDIFADDR	3848
ioctl$sock_inet6_SIOCSIFADDR	3849
ioctl$sock_inet6_SIOCSIFDSTADDR	3850
ioctl$sock_inet6_tcp_SIOCATMARK	3851
ioctl$sock_inet6_tcp_SIOCINQ	3852
ioctl$sock_inet6_tcp_SIOCOUTQ	3853
ioctl$sock_inet6_tcp_SIOCOUTQNSD	3854
ioctl$sock_inet6_udp_SIOCINQ	3855
ioctl$sock_inet6_udp_SIOCOUTQ	3856
ioctl$sock_inet_SIOCADDRT	3857
ioctl$sock_inet_SIOCDARP	3858
ioctl$sock_inet_SIOCDELRT	3859
ioctl$sock_inet_SIOCGARP	3860
ioctl$sock_inet_SIOCGIFADDR	3861
ioctl$sock_inet_SIOCGIFBRDADDR	3862
ioctl$sock_inet_SIOCGIFDSTADDR	3863
ioctl$sock_inet_SIOCGIFNETMASK	3864
ioctl$sock_inet_SIOCGIFPFLAGS	3865
ioctl$sock_inet_SIOCRTMSG	3866
ioctl$sock_inet_SIOCSARP	3867
ioctl$sock_inet_SIOCSIFADDR	3868
ioctl$sock_inet_SIOCSIFBRDADDR	3869
ioctl$sock_inet_SIOCSIFDSTADDR	3870
ioctl$sock_inet_SIOCSIFFLAGS	3871
ioctl$sock_inet_SIOCSIFNETMASK	3872
ioctl$sock_inet_SIOCSIFPFLAGS	3873
ioctl$sock_inet_sctp_SIOCINQ	3874
ioctl$sock_inet_tcp_SIOCATMARK	3875
ioctl$sock_inet_tcp_SIOCINQ	3876
ioctl$sock_inet_tcp_SIOCOUTQ	3877
ioctl$sock_inet_tcp_SIOCOUTQNSD	3878
ioctl$sock_inet_udp_SIOCINQ	3879
ioctl$sock_inet_udp_SIOCOUTQ	3880
ioctl$sock_ipv4_tunnel_SIOCADDTUNNEL	3881
ioctl$sock_ipv4_tunnel_SIOCCHGTUNNEL	3882
ioctl$sock_ipv4_tunnel_SIOCDELTUNNEL	3883
ioctl$sock_ipv4_tunnel_SIOCGETTUNNEL	3884
ioctl$sock_ipv6_tunnel_SIOCADD6RD	3885
ioctl$sock_ipv6_tunnel_SIOCADDPRL	3886
ioctl$sock_ipv6_tunnel_SIOCADDTUNNEL	3887
ioctl$sock_ipv6_tunnel_SIOCCHG6RD	3888
ioctl$sock_ipv6_tunnel_SIOCCHGPRL	3889
ioctl$sock_ipv6_tunnel_SIOCCHGTUNNEL	3890
ioctl$sock_ipv6_tunnel_SIOCDEL6RD	3891
ioctl$sock_ipv6_tunnel_SIOCDELPRL	3892
ioctl$sock_ipv6_tunnel_SIOCDELTUNNEL	3893
ioctl$sock_ipv6_tunnel_SIOCGET6RD	3894
ioctl$sock_ipv6_tunnel_SIOCGETPRL	3895
ioctl$sock_ipv6_tunnel_SIOCGETTUNNEL	3896
ioctl$sock_kcm_SIOCKCMATTACH	3897
ioctl$sock_kcm_SIOCKCMCLONE	3898
ioctl$sock_kcm_SIOCKCMUNATTACH	3899
ioctl$sock_netdev_private	3900
ioctl$sock_netrom_SIOCADDRT	3901
ioctl$sock_netrom_SIOCDELRT	3902
ioctl$sock_proto_private	3903
ioctl$sock_qrtr_SIOCGIFADDR	3904
ioctl$sock_qrtr_TIOCINQ	3905
ioctl$sock_qrtr_TIOCOUTQ	3906
ioctl$sock_rose_SIOCADDRT	3907
ioctl$sock_rose_SIOCDELRT	3908
ioctl$sock_rose_SIOCRSCLRRT	3909
ioctl$sock_x25_SIOCADDRT	3910
ioctl$sock_x25_SIOCDELRT	3911
ioctl$vim2m_VIDIOC_CREATE_BUFS	3912
ioctl$vim2m_VIDIOC_DQBUF	3913
ioctl$vim2m_VIDIOC_ENUM_FMT	3914
ioctl$vim2m_VIDIOC_ENUM_FRAMESIZES	3915
ioctl$vim2m_VIDIOC_EXPBUF	3916
ioctl$vim2m_VIDIOC_G_FMT	3917
ioctl$vim2m_VIDIOC_PREPARE_BUF	3918
ioctl$vim2m_VIDIOC_QBUF	3919
ioctl$vim2m_VIDIOC_QUERYBUF	3920
ioctl$vim2m_VIDIOC_QUERYCAP	3921
ioctl$vim2m_VIDIOC_REQBUFS	3922
ioctl$vim2m_VIDIOC_STREAMOFF	3923
ioctl$vim2m_VIDIOC_STREAMON	3924
ioctl$vim2m_VIDIOC_S_CTRL	3925
ioctl$vim2m_VIDIOC_S_FMT	3926
ioctl$vim2m_VIDIOC_TRY_FMT	3927
ioperm	3928
ioperm$auto	3929
iopl	3930
iopl$auto	3931
ioprio_get$auto	3932
ioprio_get$auto_IOPRIO_WHO_PGRP	3933
ioprio_get$auto_IOPRIO_WHO_PROCESS	3934
ioprio_get$auto_IOPRIO_WHO_USER	3935
ioprio_get$pid	3936
ioprio_get$uid	3937
ioprio_set$auto	3938
ioprio_set$auto_IOPRIO_WHO_PGRP	3939
ioprio_set$auto_IOPRIO_WHO_PROCESS	3940
ioprio_set$auto_IOPRIO_WHO_USER	3941
ioprio_set$pid	3942
ioprio_set$uid	3943
kcmp	3944
kcmp$KCMP_EPOLL_TFD	3945
kcmp$auto	3946
kcmp$auto_KCMP_EPOLL_TFD	3947
kcmp$auto_KCMP_FILE	3948
kcmp$auto_KCMP_FILES	3949
kcmp$auto_KCMP_FS	3950
kcmp$auto_KCMP_IO	3951
kcmp$auto_KCMP_SIGHAND	3952
kcmp$auto_KCMP_SYSVSEM	3953
kcmp$auto_KCMP_VM	3954
kexec_load	3955
kexec_load$auto	3956
keyctl$KEYCTL_CAPABILITIES	3957
keyctl$KEYCTL_MOVE	3958
keyctl$KEYCTL_PKEY_DECRYPT	3959
keyctl$KEYCTL_PKEY_ENCRYPT	3960
keyctl$KEYCTL_PKEY_QUERY	3961
keyctl$KEYCTL_PKEY_SIGN	3962
keyctl$KEYCTL_PKEY_VERIFY	3963
keyctl$KEYCTL_RESTRICT_KEYRING	3964
keyctl$KEYCTL_WATCH_KEY	3965
keyctl$assume_authority	3966
keyctl$auto	3967
keyctl$auto_KEYCTL_ASSUME_AUTHORITY	3968
keyctl$auto_KEYCTL_CAPABILITIES	3969
keyctl$auto_KEYCTL_CHOWN	3970
keyctl$auto_KEYCTL_CLEAR	3971
keyctl$auto_KEYCTL_DESCRIBE	3972
keyctl$auto_KEYCTL_DH_COMPUTE	3973
keyctl$auto_KEYCTL_GET_KEYRING_ID	3974
keyctl$auto_KEYCTL_GET_PERSISTENT	3975
keyctl$auto_KEYCTL_GET_SECURITY	3976
keyctl$auto_KEYCTL_INSTANTIATE	3977
keyctl$auto_KEYCTL_INSTANTIATE_IOV	3978
keyctl$auto_KEYCTL_INVALIDATE	3979
keyctl$auto_KEYCTL_JOIN_SESSION_KEYRING	3980
keyctl$auto_KEYCTL_LINK	3981
keyctl$auto_KEYCTL_MOVE	3982
keyctl$auto_KEYCTL_NEGATE	3983
keyctl$auto_KEYCTL_PKEY_DECRYPT	3984
keyctl$auto_KEYCTL_PKEY_ENCRYPT	3985
keyctl$auto_KEYCTL_PKEY_QUERY	3986
keyctl$auto_KEYCTL_PKEY_SIGN	3987
keyctl$auto_KEYCTL_PKEY_VERIFY	3988
keyctl$auto_KEYCTL_READ	3989
keyctl$auto_KEYCTL_REJECT	3990
keyctl$auto_KEYCTL_RESTRICT_KEYRING	3991
keyctl$auto_KEYCTL_REVOKE	3992
keyctl$auto_KEYCTL_SEARCH	3993
keyctl$auto_KEYCTL_SESSION_TO_PARENT	3994
keyctl$auto_KEYCTL_SETPERM	3995
keyctl$auto_KEYCTL_SET_REQKEY_KEYRING	3996
keyctl$auto_KEYCTL_SET_TIMEOUT	3997
keyctl$auto_KEYCTL_UNLINK	3998
keyctl$auto_KEYCTL_UPDATE	3999
keyctl$auto_KEYCTL_WATCH_KEY	4000
keyctl$auto_KEY_REQKEY_DEFL_DEFAULT	4001
keyctl$auto_KEY_REQKEY_DEFL_GROUP_KEYRING	4002
keyctl$auto_KEY_REQKEY_DEFL_NO_CHANGE	4003
keyctl$auto_KEY_REQKEY_DEFL_PROCESS_KEYRING	4004
keyctl$auto_KEY_REQKEY_DEFL_REQUESTOR_KEYRING	4005
keyctl$auto_KEY_REQKEY_DEFL_SESSION_KEYRING	4006
keyctl$auto_KEY_REQKEY_DEFL_THREAD_KEYRING	4007
keyctl$auto_KEY_REQKEY_DEFL_USER_KEYRING	4008
keyctl$auto_KEY_REQKEY_DEFL_USER_SESSION_KEYRING	4009
keyctl$auto_KEY_SPEC_GROUP_KEYRING	4010
keyctl$auto_KEY_SPEC_PROCESS_KEYRING	4011
keyctl$auto_KEY_SPEC_REQKEY_AUTH_KEY	4012
keyctl$auto_KEY_SPEC_REQUESTOR_KEYRING	4013
keyctl$auto_KEY_SPEC_SESSION_KEYRING	4014
keyctl$auto_KEY_SPEC_THREAD_KEYRING	4015
keyctl$auto_KEY_SPEC_USER_KEYRING	4016
keyctl$auto_KEY_SPEC_USER_SESSION_KEYRING	4017
keyctl$chown	4018
keyctl$clear	4019
keyctl$describe	4020
keyctl$dh_compute	4021
keyctl$get_keyring_id	4022
keyctl$get_persistent	4023
keyctl$get_security	4024
keyctl$instantiate	4025
keyctl$instantiate_iov	4026
keyctl$invalidate	4027
keyctl$join	4028
keyctl$link	4029
keyctl$negate	4030
keyctl$read	4031
keyctl$reject	4032
keyctl$restrict_keyring	4033
keyctl$revoke	4034
keyctl$search	4035
keyctl$session_to_parent	4036
keyctl$set_reqkey_keyring	4037
keyctl$set_timeout	4038
keyctl$setperm	4039
keyctl$unlink	4040
keyctl$update	4041
kill$auto	4042
kill$auto_SIGCONT	4043
landlock_add_rule$LANDLOCK_RULE_NET_PORT	4044
landlock_add_rule$LANDLOCK_RULE_PATH_BENEATH	4045
landlock_add_rule$auto	4046
landlock_add_rule$auto_LANDLOCK_RULE_NET_PORT	4047
landlock_add_rule$auto_LANDLOCK_RULE_PATH_BENEATH	4048
landlock_create_ruleset	4049
landlock_create_ruleset$auto	4050
landlock_restrict_self	4051
landlock_restrict_self$auto	4052
lchown	4053
lchown$auto	4054
lgetxattr	4055
lgetxattr$auto	4056
link	4057
link$auto	4058
link$btrfs	4059
linkat	4060
linkat$auto	4061
listen	4062
listen$auto	4063
listmount$auto	4064
listxattr	4065
listxattr$auto	4066
listxattrat$auto	4067
llistxattr	4068
llistxattr$auto	4069
lookup_dcookie	4070
lremovexattr	4071
lremovexattr$auto	4072
lseek	4073
lseek$auto	4074
lsetxattr	4075
lsetxattr$auto	4076
lsetxattr$security_capability	4077
lsetxattr$security_evm	4078
lsetxattr$security_ima	4079
lsetxattr$security_selinux	4080
lsetxattr$security_smack_transmute	4081
lsetxattr$smack_xattr_label	4082
lsetxattr$system_posix_acl	4083
lsetxattr$trusted_overlay_nlink	4084
lsetxattr$trusted_overlay_opaque	4085
lsetxattr$trusted_overlay_origin	4086
lsetxattr$trusted_overlay_redirect	4087
lsetxattr$trusted_overlay_upper	4088
lsm_get_self_attr	4089
lsm_get_self_attr$auto	4090
lsm_list_modules	4091
lsm_list_modules$auto	4092
lsm_set_self_attr	4093
lsm_set_self_attr$auto	4094
lstat	4095
lstat$auto	4096
madvise	4097
madvise$auto	4098
madvise$auto_MADV_COLD	4099
madvise$auto_MADV_COLLAPSE	4100
madvise$auto_MADV_DODUMP	4101
madvise$auto_MADV_DOFORK	4102
madvise$auto_MADV_DONTDUMP	4103
madvise$auto_MADV_DONTFORK	4104
madvise$auto_MADV_DONTNEED	4105
madvise$auto_MADV_DONTNEED_LOCKED	4106
madvise$auto_MADV_FREE	4107
madvise$auto_MADV_GUARD_INSTALL	4108
madvise$auto_MADV_GUARD_REMOVE	4109
madvise$auto_MADV_HUGEPAGE	4110
madvise$auto_MADV_KEEPONFORK	4111
madvise$auto_MADV_MERGEABLE	4112
madvise$auto_MADV_NOHUGEPAGE	4113
madvise$auto_MADV_NORMAL	4114
madvise$auto_MADV_PAGEOUT	4115
madvise$auto_MADV_POPULATE_READ	4116
madvise$auto_MADV_POPULATE_WRITE	4117
madvise$auto_MADV_RANDOM	4118
madvise$auto_MADV_REMOVE	4119
madvise$auto_MADV_SEQUENTIAL	4120
madvise$auto_MADV_UNMERGEABLE	4121
madvise$auto_MADV_WILLNEED	4122
madvise$auto_MADV_WIPEONFORK	4123
map_shadow_stack	4124
map_shadow_stack$auto	4125
mbind	4126
mbind$auto	4127
membarrier	4128
membarrier$auto	4129
membarrier$auto_MEMBARRIER_CMD_GET_REGISTRATIONS	4130
membarrier$auto_MEMBARRIER_CMD_GLOBAL	4131
membarrier$auto_MEMBARRIER_CMD_GLOBAL_EXPEDITED	4132
membarrier$auto_MEMBARRIER_CMD_PRIVATE_EXPEDITED	4133
membarrier$auto_MEMBARRIER_CMD_PRIVATE_EXPEDITED_RSEQ	4134
membarrier$auto_MEMBARRIER_CMD_PRIVATE_EXPEDITED_SYNC_CORE	4135
membarrier$auto_MEMBARRIER_CMD_QUERY	4136
membarrier$auto_MEMBARRIER_CMD_REGISTER_GLOBAL_EXPEDITED	4137
membarrier$auto_MEMBARRIER_CMD_REGISTER_PRIVATE_EXPEDITED	4138
membarrier$auto_MEMBARRIER_CMD_REGISTER_PRIVATE_EXPEDITED_RSEQ	4139
membarrier$auto_MEMBARRIER_CMD_REGISTER_PRIVATE_EXPEDITED_SYNC_CORE	4140
memfd_create	4141
memfd_create$auto	4142
memfd_secret	4143
memfd_secret$auto	4144
migrate_pages	4145
migrate_pages$auto	4146
mincore	4147
mincore$auto	4148
mkdir	4149
mkdir$auto	4150
mkdir$btrfs	4151
mkdirat	4152
mkdirat$auto	4153
mkdirat$binderfs	4154
mkdirat$cgroup	4155
mkdirat$cgroup_root	4156
mknod	4157
mknod$auto	4158
mknod$loop	4159
mknodat	4160
mknodat$auto	4161
mknodat$loop	4162
mknodat$null	4163
mlock	4164
mlock$auto	4165
mlock2	4166
mlock2$auto	4167
mlockall	4168
mlockall$auto	4169
mmap	4170
mmap$DRM_I915	4171
mmap$DRM_MSM	4172
mmap$IORING_OFF_CQ_RING	4173
mmap$IORING_OFF_SQES	4174
mmap$IORING_OFF_SQ_RING	4175
mmap$KVM_VCPU	4176
mmap$auto	4177
mmap$auto_binder_fops_binder_internal	4178
mmap$auto_def_blk_fops_fs	4179
mmap$auto_fb_fops_fb_chrdev	4180
mmap$auto_hpet_fops_hpet	4181
mmap$auto_kernfs_file_fops_kernfs_internal	4182
mmap$auto_mon_fops_binary_mon_bin	4183
mmap$auto_mtd_fops_mtdchar	4184
mmap$auto_proc_iter_file_ops_compat_inode	4185
mmap$auto_proc_reg_file_ops_compat_inode	4186
mmap$auto_sg_fops_sg	4187
mmap$auto_snd_pcm_f_ops_pcm	4188
mmap$auto_snd_pcm_f_ops_pcm1	4189
mmap$auto_snd_pcm_oss_f_reg_pcm_oss	4190
mmap$auto_tracing_buffers_fops_trace	4191
mmap$auto_usbdev_file_operations_usb	4192
mmap$auto_v4l2_fops_v4l2_dev	4193
mmap$auto_vmwgfx_driver_fops_vmwgfx_drv	4194
mmap$auto_zero_fops_mem	4195
mmap$bifrost	4196
mmap$binder	4197
mmap$dsp	4198
mmap$fb	4199
mmap$perf	4200
mmap$qrtrtun	4201
mmap$snddsp	4202
mmap$snddsp_control	4203
mmap$snddsp_status	4204
mmap$usbfs	4205
mmap$usbmon	4206
mmap$xdp	4207
modify_ldt$auto	4208
modify_ldt$read	4209
modify_ldt$read_default	4210
modify_ldt$write	4211
modify_ldt$write2	4212
mount	4213
mount$9p_fd	4214
mount$9p_rdma	4215
mount$9p_tcp	4216
mount$9p_unix	4217
mount$9p_virtio	4218
mount$9p_xen	4219
mount$afs	4220
mount$auto	4221
mount$bind	4222
mount$binder	4223
mount$binderfs	4224
mount$bpf	4225
mount$cgroup	4226
mount$cgroup2	4227
mount$esdfs	4228
mount$fuse	4229
mount$fuseblk	4230
mount$incfs	4231
mount$nfs	4232
mount$nfs4	4233
mount$overlay	4234
mount$pvfs2	4235
mount$tmpfs	4236
mount_setattr	4237
mount_setattr$auto	4238
move_mount	4239
move_mount$auto	4240
move_pages	4241
move_pages$auto	4242
mprotect	4243
mprotect$auto	4244
mq_getsetattr	4245
mq_getsetattr$auto	4246
mq_notify	4247
mq_notify$auto	4248
mq_open	4249
mq_open$auto	4250
mq_timedreceive	4251
mq_timedreceive$auto	4252
mq_timedsend	4253
mq_timedsend$auto	4254
mq_unlink	4255
mq_unlink$auto	4256
mremap	4257
mremap$auto	4258
mseal$auto	4259
msgctl$IPC_INFO	4260
msgctl$IPC_RMID	4261
msgctl$IPC_SET	4262
msgctl$IPC_STAT	4263
msgctl$MSG_INFO	4264
msgctl$MSG_STAT	4265
msgctl$MSG_STAT_ANY	4266
msgctl$auto	4267
msgctl$auto_IPC_INFO	4268
msgctl$auto_IPC_RMID	4269
msgctl$auto_IPC_SET	4270
msgctl$auto_IPC_STAT	4271
msgctl$auto_MSG_INFO	4272
msgctl$auto_MSG_STAT	4273
msgctl$auto_MSG_STAT_ANY	4274
msgget	4275
msgget$auto	4276
msgget$private	4277
msgrcv	4278
msgrcv$auto	4279
msgsnd	4280
msgsnd$auto	4281
msync	4282
msync$auto	4283
munlock	4284
munlock$auto	4285
munlockall	4286
munmap	4287
munmap$auto	4288
name_to_handle_at	4289
name_to_handle_at$auto	4290
nanosleep	4291
nanosleep$auto	4292
newfstatat	4293
newfstatat$auto	4294
open	4295
open$auto	4296
open$btrfs	4297
open$dir	4298
open_by_handle_at	4299
open_by_handle_at$auto	4300
open_tree	4301
open_tree$auto	4302
open_tree_attr$auto	4303
openat	4304
openat$6lowpan_control	4305
openat$6lowpan_enable	4306
openat$acpi_thermal_rel	4307
openat$adsp1	4308
openat$apparmor_task_current	4309
openat$apparmor_task_exec	4310
openat$apparmor_thread_current	4311
openat$apparmor_thread_exec	4312
openat$ashmem	4313
openat$audio	4314
openat$audio1	4315
openat$auto	4316
openat$auto__ctl_fops_dm_ioctl	4317
openat$auto__dev_ioctl_fops_dev_ioctl	4318
openat$auto_adf_ctl_ops_adf_ctl_drv	4319
openat$auto_adf_hb_cfg_fops_adf_heartbeat_dbgfs	4320
openat$auto_aoe_fops_aoechr	4321
openat$auto_autofs_root_operations_autofs_i	4322
openat$auto_bch_chardev_fops_chardev	4323
openat$auto_bdi_debug_stats_fops_	4324
openat$auto_binder_ctl_fops_binderfs	4325
openat$auto_binder_features_fops_	4326
openat$auto_binder_fops_binder_internal	4327
openat$auto_blk_mq_debugfs_fops_blk_mq_debugfs	4328
openat$auto_bm_entry_operations_binfmt_misc	4329
openat$auto_bm_register_operations_binfmt_misc	4330
openat$auto_bm_status_operations_binfmt_misc	4331
openat$auto_bridges_fops_	4332
openat$auto_bsg_fops_bsg	4333
openat$auto_btrfs_ctl_fops_super	4334
openat$auto_btrfs_dir_file_operations_inode	4335
openat$auto_buffer_percent_fops_trace	4336
openat$auto_buffer_subbuf_size_fops_trace	4337
openat$auto_cachefiles_daemon_fops_internal	4338
openat$auto_cec_devnode_fops_cec_priv	4339
openat$auto_cgwb_debug_stats_fops_	4340
openat$auto_check_wx_fops_	4341
openat$auto_clear_warn_once_fops_	4342
openat$auto_clk_dump_fops_	4343
openat$auto_clk_summary_fops_	4344
openat$auto_component_list_fops_	4345
openat$auto_configfs_file_operations_configfs_internal	4346
openat$auto_console_fops_tty_io	4347
openat$auto_cpu_latency_qos_fops_qos	4348
openat$auto_cpuid_fops_cpuid	4349
openat$auto_ctl_device_fops_user	4350
openat$auto_dai_list_fops_	4351
openat$auto_debug_help_fops_orangefs_debugfs	4352
openat$auto_debugfs_devm_entry_ops_file	4353
openat$auto_debugfs_full_proxy_file_operations_internal	4354
openat$auto_def_blk_fops_fs	4355
openat$auto_deferred_devs_fops_	4356
openat$auto_dev_fops_plock	4357
openat$auto_dfs_cpu_ops_debugfs	4358
openat$auto_dfs_dom_ops_debugfs	4359
openat$auto_dfs_global_fops_debug	4360
openat$auto_dfs_sched_itmt_fops_itmt	4361
openat$auto_dma_buf_debug_fops_	4362
openat$auto_dma_heap_fops_dma_heap	4363
openat$auto_dmaengine_summary_fops_	4364
openat$auto_drm_connector_fops_drm_debugfs	4365
openat$auto_drm_crtc_crc_control_fops_drm_debugfs_crc	4366
openat$auto_drm_crtc_crc_data_fops_drm_debugfs_crc	4367
openat$auto_drm_debugfs_entry_fops_drm_debugfs	4368
openat$auto_drm_edid_fops_drm_debugfs	4369
openat$auto_dvb_demux_fops_dmxdev	4370
openat$auto_dvb_dvr_fops_dmxdev	4371
openat$auto_dvb_frontend_fops_dvb_frontend	4372
openat$auto_dynamic_events_ops_trace_dynevent	4373
openat$auto_ecryptfs_dir_fops_ecryptfs_kernel	4374
openat$auto_ecryptfs_miscdev_fops_miscdev	4375
openat$auto_ep0_operations_inode	4376
openat$auto_evdev_fops_evdev	4377
openat$auto_event_inject_fops_trace	4378
openat$auto_event_trigger_fops_trace	4379
openat$auto_evm_key_ops_evm_secfs	4380
openat$auto_evm_xattr_ops_evm_secfs	4381
openat$auto_ext4_dir_operations_ext4	4382
openat$auto_fake_panic_fops_	4383
openat$auto_fault_around_bytes_fops_	4384
openat$auto_fb_fops_fb_chrdev	4385
openat$auto_fops_atomic_t_	4386
openat$auto_fops_atomic_t_ro_	4387
openat$auto_fops_blob_file	4388
openat$auto_fops_init_pkru_pkeys	4389
openat$auto_fops_u16_	4390
openat$auto_fops_u32_	4391
openat$auto_fops_u32_ro_	4392
openat$auto_fops_u64_	4393
openat$auto_fops_u64_ro_	4394
openat$auto_fops_u8_	4395
openat$auto_fops_ulong_ro_	4396
openat$auto_fops_x16_ro_	4397
openat$auto_fops_x64_ro_	4398
openat$auto_force_devcoredump_fops_hci_vhci	4399
openat$auto_force_suspend_fops_hci_vhci	4400
openat$auto_force_wakeup_fops_hci_vhci	4401
openat$auto_fragmentation_threshold_ops_	4402
openat$auto_ftrace_avail_fops_trace_events	4403
openat$auto_ftrace_enable_fops_trace_events	4404
openat$auto_ftrace_event_filter_fops_trace_events	4405
openat$auto_ftrace_event_format_fops_trace_events	4406
openat$auto_ftrace_event_id_fops_trace_events	4407
openat$auto_ftrace_formats_fops_trace_printk	4408
openat$auto_ftrace_set_event_fops_trace_events	4409
openat$auto_ftrace_set_event_notrace_pid_fops_trace_events	4410
openat$auto_ftrace_set_event_pid_fops_trace_events	4411
openat$auto_ftrace_subsystem_filter_fops_trace_events	4412
openat$auto_ftrace_system_enable_fops_trace_events	4413
openat$auto_full_fops_mem	4414
openat$auto_fuse_conn_congestion_threshold_ops_control	4415
openat$auto_fuse_dev_operations_fuse_i	4416
openat$auto_fuse_dir_operations_dir	4417
openat$auto_generic	4418
openat$auto_gpiolib_fops_	4419
openat$auto_hpet_fops_hpet	4420
openat$auto_hsr_node_table_fops_	4421
openat$auto_ht40allow_map_ops_debugfs	4422
openat$auto_hwflags_ops_debugfs	4423
openat$auto_hwsim_fops_group_	4424
openat$auto_hwsim_fops_ps_	4425
openat$auto_hwsim_fops_rx_rssi_	4426
openat$auto_hwsim_simulate_radar_	4427
openat$auto_i2cdev_fops_i2c_dev	4428
openat$auto_ima_ascii_measurements_ops_ima_fs	4429
openat$auto_ima_htable_violations_ops_ima_fs	4430
openat$auto_ima_measure_policy_ops_ima_fs	4431
openat$auto_ima_measurements_count_ops_ima_fs	4432
openat$auto_ima_measurements_ops_ima_fs	4433
openat$auto_iommufd_fops_main	4434
openat$auto_ipsec_dbg_fops_ipsec	4435
openat$auto_kernel_debug_fops_orangefs_debugfs	4436
openat$auto_kernfs_file_fops_kernfs_internal	4437
openat$auto_kmsg_fops_printk	4438
openat$auto_kvm_chardev_ops_kvm_main	4439
openat$auto_l2cap_debugfs_fops_	4440
openat$auto_lockdown_ops_lockdown	4441
openat$auto_long_retry_limit_ops_	4442
openat$auto_loop_ctl_fops_loop	4443
openat$auto_lowpan_control_fops_6lowpan	4444
openat$auto_lowpan_enable_fops_	4445
openat$auto_lru_gen_rw_fops_vmscan	4446
openat$auto_lsm_ops_inode	4447
openat$auto_mISDN_fops_timerdev	4448
openat$auto_media_devnode_fops_mc_devnode	4449
openat$auto_memtype_fops_memtype	4450
openat$auto_mgts_fops_	4451
openat$auto_minstrel_ht_stat_csv_fops_rc80211_minstrel_ht_debugfs	4452
openat$auto_minstrel_ht_stat_fops_rc80211_minstrel_ht_debugfs	4453
openat$auto_mon_fops_binary_mon_bin	4454
openat$auto_mon_fops_stat_usb_mon	4455
openat$auto_mon_fops_text_t_mon_text	4456
openat$auto_mousedev_fops_mousedev	4457
openat$auto_msft_opcode_fops_	4458
openat$auto_msr_fops_msr	4459
openat$auto_mtd_fops_mtdchar	4460
openat$auto_nodes_fops_netdebug	4461
openat$auto_ns_file_operations_nsfs	4462
openat$auto_nsim_dev_health_break_fops_health	4463
openat$auto_nsim_dev_max_vfs_fops_dev	4464
openat$auto_nsim_dev_take_snapshot_fops_dev	4465
openat$auto_nsim_dev_trap_fa_cookie_fops_dev	4466
openat$auto_nsim_nexthop_bucket_activity_fops_fib	4467
openat$auto_nsim_pp_hold_fops_netdev	4468
openat$auto_nsim_psample_enable_fops_psample	4469
openat$auto_nsim_udp_tunnels_info_reset_fops_udp_tunnels	4470
openat$auto_nst_seq_fops_netdebug	4471
openat$auto_null_fops_mem	4472
openat$auto_nvmf_dev_fops_fabrics	4473
openat$auto_nvram_misc_fops_nvram	4474
openat$auto_o2hb_debug_fops_heartbeat	4475
openat$auto_objects_fops_	4476
openat$auto_ocfs2_control_fops_stack_user	4477
openat$auto_output_bpc_fops_	4478
openat$auto_page_owner_stack_operations_page_owner	4479
openat$auto_percpu_stats_fops_	4480
openat$auto_posix_clock_file_operations_posix_clock	4481
openat$auto_ppp_device_fops_ppp_generic	4482
openat$auto_proc_auxv_operations_base	4483
openat$auto_proc_clear_refs_operations_internal	4484
openat$auto_proc_coredump_filter_operations_base	4485
openat$auto_proc_environ_operations_base	4486
openat$auto_proc_fail_nth_operations_base	4487
openat$auto_proc_fault_inject_operations_base	4488
openat$auto_proc_gid_map_operations_base	4489
openat$auto_proc_iter_file_ops_compat_inode	4490
openat$auto_proc_loginuid_operations_base	4491
openat$auto_proc_mem_operations_base	4492
openat$auto_proc_mountinfo_operations_mnt_namespace	4493
openat$auto_proc_mounts_operations_mnt_namespace	4494
openat$auto_proc_mountstats_operations_mnt_namespace	4495
openat$auto_proc_oom_adj_operations_base	4496
openat$auto_proc_oom_score_adj_operations_base	4497
openat$auto_proc_page_owner_operations_page_owner	4498
openat$auto_proc_page_owner_threshold_	4499
openat$auto_proc_pagemap_operations_internal	4500
openat$auto_proc_pid_attr_operations_base	4501
openat$auto_proc_pid_cmdline_ops_base	4502
openat$auto_proc_pid_maps_operations_internal	4503
openat$auto_proc_pid_numa_maps_operations_internal	4504
openat$auto_proc_pid_set_comm_operations_base	4505
openat$auto_proc_pid_set_timerslack_ns_operations_base	4506
openat$auto_proc_pid_smaps_operations_internal	4507
openat$auto_proc_projid_map_operations_base	4508
openat$auto_proc_reg_file_ops_compat_inode	4509
openat$auto_proc_sessionid_operations_base	4510
openat$auto_proc_setgroups_operations_base	4511
openat$auto_proc_single_file_operations_base	4512
openat$auto_proc_sys_file_operations_proc_sysctl	4513
openat$auto_proc_tid_children_operations_internal	4514
openat$auto_proc_timens_offsets_operations_base	4515
openat$auto_proc_timers_operations_base	4516
openat$auto_proc_uid_map_operations_base	4517
openat$auto_ptdump_curknl_fops_	4518
openat$auto_ptdump_curusr_fops_	4519
openat$auto_ptdump_fops_	4520
openat$auto_qrtr_tun_ops_tun	4521
openat$auto_random_fops_random	4522
openat$auto_raw_fops_raw_gadget	4523
openat$auto_rb_simple_fops_trace	4524
openat$auto_regulator_summary_fops_	4525
openat$auto_rfcomm_dlc_debugfs_fops_	4526
openat$auto_rfcomm_sock_debugfs_fops_	4527
openat$auto_rfkill_fops_core	4528
openat$auto_rng_chrdev_ops_core	4529
openat$auto_rtc_dev_fops_dev	4530
openat$auto_rts_threshold_ops_	4531
openat$auto_safesetid_gid_file_fops_securityfs	4532
openat$auto_safesetid_uid_file_fops_securityfs	4533
openat$auto_sc_seq_fops_netdebug	4534
openat$auto_sco_debugfs_fops_	4535
openat$auto_seq_oss_f_ops_seq_oss	4536
openat$auto_set_tracer_fops_trace	4537
openat$auto_severities_coverage_fops_severity	4538
openat$auto_sg_fops_sg	4539
openat$auto_short_retry_limit_ops_	4540
openat$auto_show_traces_fops_trace	4541
openat$auto_smk_access2_ops_smackfs	4542
openat$auto_smk_access_ops_smackfs	4543
openat$auto_smk_ambient_ops_smackfs	4544
openat$auto_smk_change_rule_ops_smackfs	4545
openat$auto_smk_cipso2_ops_smackfs	4546
openat$auto_smk_cipso_ops_smackfs	4547
openat$auto_smk_direct_ops_smackfs	4548
openat$auto_smk_doi_ops_smackfs	4549
openat$auto_smk_load2_ops_smackfs	4550
openat$auto_smk_load_ops_smackfs	4551
openat$auto_smk_load_self2_ops_smackfs	4552
openat$auto_smk_load_self_ops_smackfs	4553
openat$auto_smk_logging_ops_smackfs	4554
openat$auto_smk_mapped_ops_smackfs	4555
openat$auto_smk_net4addr_ops_smackfs	4556
openat$auto_smk_net6addr_ops_smackfs	4557
openat$auto_smk_onlycap_ops_smackfs	4558
openat$auto_smk_ptrace_ops_smackfs	4559
openat$auto_smk_relabel_self_ops_smackfs	4560
openat$auto_smk_revoke_subj_ops_smackfs	4561
openat$auto_smk_syslog_ops_smackfs	4562
openat$auto_snapshot_fops_user	4563
openat$auto_snd_ctl_f_ops_control	4564
openat$auto_snd_mixer_oss_f_ops_mixer_oss	4565
openat$auto_snd_pcm_f_ops_pcm	4566
openat$auto_snd_pcm_f_ops_pcm1	4567
openat$auto_snd_pcm_oss_f_reg_pcm_oss	4568
openat$auto_snd_rawmidi_f_ops_rawmidi	4569
openat$auto_snd_seq_f_ops_seq_clientmgr	4570
openat$auto_snd_timer_f_ops_timer	4571
openat$auto_split_huge_pages_fops_huge_memory	4572
openat$auto_stat_fops_	4573
openat$auto_stat_fops_per_vm_kvm_main	4574
openat$auto_state_fops_	4575
openat$auto_stats_fops_	4576
openat$auto_stats_fops_2	4577
openat$auto_stats_seq_fops_netdebug	4578
openat$auto_supply_map_fops_	4579
openat$auto_suspend_stats_fops_	4580
openat$auto_sw_sync_debugfs_fops_sync_debug	4581
openat$auto_sync_info_debugfs_fops_	4582
openat$auto_tap_fops_tap	4583
openat$auto_tk_debug_sleep_time_fops_	4584
openat$auto_tomoyo_operations_securityfs_if	4585
openat$auto_tomoyo_self_operations_securityfs_if	4586
openat$auto_trace_clock_fops_trace	4587
openat$auto_trace_fops_debugfs	4588
openat$auto_trace_options_core_fops_trace	4589
openat$auto_trace_options_fops_trace	4590
openat$auto_trace_time_stamp_mode_fops_trace	4591
openat$auto_tracing_buffers_fops_trace	4592
openat$auto_tracing_cpumask_fops_trace	4593
openat$auto_tracing_entries_fops_trace	4594
openat$auto_tracing_err_log_fops_trace	4595
openat$auto_tracing_fops_trace	4596
openat$auto_tracing_free_buffer_fops_trace	4597
openat$auto_tracing_iter_fops_trace	4598
openat$auto_tracing_mark_fops_trace	4599
openat$auto_tracing_mark_raw_fops_trace	4600
openat$auto_tracing_pipe_fops_trace	4601
openat$auto_tracing_readme_fops_trace	4602
openat$auto_tracing_saved_cmdlines_fops_trace	4603
openat$auto_tracing_saved_cmdlines_size_fops_trace	4604
openat$auto_tracing_saved_tgids_fops_trace	4605
openat$auto_tracing_stats_fops_trace	4606
openat$auto_tracing_thresh_fops_trace	4607
openat$auto_tracing_total_entries_fops_trace	4608
openat$auto_transaction_log_fops_	4609
openat$auto_transactions_fops_	4610
openat$auto_tty_fops_tty_io	4611
openat$auto_tun_fops_tun	4612
openat$auto_u32_array_fops_file	4613
openat$auto_ubi_ctrl_cdev_operations_ubi	4614
openat$auto_ubifs_dir_operations_ubifs	4615
openat$auto_ucma_fops_ucma	4616
openat$auto_udf_dir_operations_udfdecl	4617
openat$auto_udmabuf_fops_udmabuf	4618
openat$auto_uhid_fops_uhid	4619
openat$auto_uinput_fops_uinput	4620
openat$auto_uprobe_events_ops_trace_uprobe	4621
openat$auto_uprobe_profile_ops_trace_uprobe	4622
openat$auto_urandom_fops_random	4623
openat$auto_usbdev_file_operations_usb	4624
openat$auto_usbfs_devices_fops_usb	4625
openat$auto_userfaultfd_dev_fops_userfaultfd	4626
openat$auto_userio_fops_userio	4627
openat$auto_v4l2_fops_v4l2_dev	4628
openat$auto_vcs_fops_vc_screen	4629
openat$auto_vga_arb_device_fops_vgaarb	4630
openat$auto_vhci_fops_hci_vhci	4631
openat$auto_vhost_net_fops_net	4632
openat$auto_vhost_vsock_fops_vsock	4633
openat$auto_virtual_ncidev_fops_virtual_ncidev	4634
openat$auto_vmuser_fops_vmci_host	4635
openat$auto_vmwgfx_driver_fops_vmwgfx_drv	4636
openat$auto_vrr_range_fops_	4637
openat$auto_vsock_device_ops_af_vsock	4638
openat$auto_wakeup_sources_stats_fops_wakeup	4639
openat$auto_xfs_dir_file_operations_xfs_file	4640
openat$auto_zero_fops_mem	4641
openat$autofs	4642
openat$bifrost	4643
openat$binder	4644
openat$binder_debug	4645
openat$binderfs	4646
openat$binderfs_ctrl	4647
openat$binfmt	4648
openat$binfmt_format	4649
openat$binfmt_register	4650
openat$bsg	4651
openat$btrfs_control	4652
openat$cachefiles	4653
openat$camx	4654
openat$capi20	4655
openat$cdrom	4656
openat$cdrom1	4657
openat$cgroup	4658
openat$cgroup_devices	4659
openat$cgroup_freezer_state	4660
openat$cgroup_int	4661
openat$cgroup_netprio_ifpriomap	4662
openat$cgroup_pressure	4663
openat$cgroup_procs	4664
openat$cgroup_ro	4665
openat$cgroup_root	4666
openat$cgroup_subtree	4667
openat$cgroup_type	4668
openat$comedi	4669
openat$cuse	4670
openat$damon_attrs	4671
openat$damon_init_regions	4672
openat$damon_kdamond_pid	4673
openat$damon_mk_contexts	4674
openat$damon_monitor_on	4675
openat$damon_rm_contexts	4676
openat$damon_schemes	4677
openat$damon_target_ids	4678
openat$dir	4679
openat$dlm_control	4680
openat$dlm_monitor	4681
openat$dlm_plock	4682
openat$dma_heap	4683
openat$drirender128	4684
openat$dsp	4685
openat$dsp1	4686
openat$fb0	4687
openat$fb1	4688
openat$full	4689
openat$fuse	4690
openat$hpet	4691
openat$hwbinder	4692
openat$hwrng	4693
openat$i915	4694
openat$img_rogue	4695
openat$incfs	4696
openat$iommufd	4697
openat$ipvs	4698
openat$irnet	4699
openat$keychord	4700
openat$khugepaged_scan	4701
openat$kvm	4702
openat$lightnvm	4703
openat$loop_ctrl	4704
openat$mali	4705
openat$md	4706
openat$mice	4707
openat$misdntimer	4708
openat$mixer	4709
openat$msm	4710
openat$nci	4711
openat$ndctl0	4712
openat$nmem0	4713
openat$null	4714
openat$nullb	4715
openat$nvme_fabrics	4716
openat$nvram	4717
openat$ocfs2_control	4718
openat$pfkey	4719
openat$pidfd	4720
openat$pktcdvd	4721
openat$pmem0	4722
openat$ppp	4723
openat$proc_capi20	4724
openat$proc_capi20ncci	4725
openat$proc_mixer	4726
openat$proc_reclaim	4727
openat$procfs	4728
openat$ptmx	4729
openat$ptp0	4730
openat$ptp1	4731
openat$qat_adf_ctl	4732
openat$qrtrtun	4733
openat$random	4734
openat$rdma_cm	4735
openat$rfkill	4736
openat$rnullb	4737
openat$rtc	4738
openat$selinux_access	4739
openat$selinux_attr	4740
openat$selinux_avc_cache_stats	4741
openat$selinux_avc_cache_threshold	4742
openat$selinux_avc_hash_stats	4743
openat$selinux_checkreqprot	4744
openat$selinux_commit_pending_bools	4745
openat$selinux_context	4746
openat$selinux_create	4747
openat$selinux_enforce	4748
openat$selinux_load	4749
openat$selinux_member	4750
openat$selinux_mls	4751
openat$selinux_policy	4752
openat$selinux_relabel	4753
openat$selinux_status	4754
openat$selinux_user	4755
openat$selinux_validatetrans	4756
openat$sequencer	4757
openat$sequencer2	4758
openat$sgx_provision	4759
openat$smack_task_current	4760
openat$smack_thread_current	4761
openat$smackfs_access	4762
openat$smackfs_ambient	4763
openat$smackfs_change_rule	4764
openat$smackfs_cipso	4765
openat$smackfs_cipsonum	4766
openat$smackfs_ipv6host	4767
openat$smackfs_load	4768
openat$smackfs_logging	4769
openat$smackfs_netlabel	4770
openat$smackfs_onlycap	4771
openat$smackfs_ptrace	4772
openat$smackfs_relabel_self	4773
openat$smackfs_revoke_subject	4774
openat$smackfs_syslog	4775
openat$smackfs_unconfined	4776
openat$snapshot	4777
openat$sndseq	4778
openat$sndtimer	4779
openat$sr	4780
openat$sw_sync	4781
openat$sw_sync_info	4782
openat$sysctl	4783
openat$sysfs	4784
openat$tcp_congestion	4785
openat$tcp_mem	4786
openat$thread_pidfd	4787
openat$tlk_device	4788
openat$trusty	4789
openat$trusty_avb	4790
openat$trusty_gatekeeper	4791
openat$trusty_hwkey	4792
openat$trusty_hwrng	4793
openat$trusty_km	4794
openat$trusty_km_secure	4795
openat$trusty_storage	4796
openat$tty	4797
openat$ttyS3	4798
openat$ttynull	4799
openat$ttyprintk	4800
openat$tun	4801
openat$ubi_ctrl	4802
openat$udambuf	4803
openat$uhid	4804
openat$uinput	4805
openat$urandom	4806
openat$userfaultfd	4807
openat$userio	4808
openat$uverbs0	4809
openat$vcs	4810
openat$vcsa	4811
openat$vcsu	4812
openat$vfio	4813
openat$vga_arbiter	4814
openat$vhost_vsock	4815
openat$vicodec0	4816
openat$vicodec1	4817
openat$vim2m	4818
openat$vimc0	4819
openat$vimc1	4820
openat$vimc2	4821
openat$vmci	4822
openat$vndbinder	4823
openat$vnet	4824
openat$vsock	4825
openat$vtpm	4826
openat$xenevtchn	4827
openat$yama_ptrace_scope	4828
openat$zero	4829
openat$zygote	4830
openat2	4831
openat2$auto	4832
openat2$dir	4833
pause	4834
perf_event_open	4835
perf_event_open$auto	4836
perf_event_open$cgroup	4837
personality	4838
personality$auto	4839
pidfd_getfd	4840
pidfd_getfd$auto	4841
pidfd_open	4842
pidfd_open$auto	4843
pidfd_send_signal	4844
pidfd_send_signal$auto	4845
pidfd_send_signal$auto_PIDFD_SELF_THREAD	4846
pidfd_send_signal$auto_PIDFD_SELF_THREAD_GROUP	4847
pidfd_send_signal$auto_PIDFD_SIGNAL_PROCESS_GROUP	4848
pidfd_send_signal$auto_PIDFD_SIGNAL_THREAD	4849
pidfd_send_signal$auto_PIDFD_SIGNAL_THREAD_GROUP	4850
pidfd_send_signal$auto_SIGCONT	4851
pipe	4852
pipe$auto	4853
pipe2	4854
pipe2$9p	4855
pipe2$auto	4856
pipe2$watch_queue	4857
pivot_root	4858
pivot_root$auto	4859
pkey_alloc	4860
pkey_alloc$auto	4861
pkey_free	4862
pkey_free$auto	4863
pkey_mprotect	4864
pkey_mprotect$auto	4865
poll	4866
poll$auto	4867
ppoll	4868
ppoll$auto	4869
prctl$0	4870
prctl$PR_CAPBSET_DROP	4871
prctl$PR_CAPBSET_READ	4872
prctl$PR_CAP_AMBIENT	4873
prctl$PR_GET_CHILD_SUBREAPER	4874
prctl$PR_GET_DUMPABLE	4875
prctl$PR_GET_ENDIAN	4876
prctl$PR_GET_FPEMU	4877
prctl$PR_GET_FPEXC	4878
prctl$PR_GET_FP_MODE	4879
prctl$PR_GET_IO_FLUSHER	4880
prctl$PR_GET_KEEPCAPS	4881
prctl$PR_GET_NAME	4882
prctl$PR_GET_NO_NEW_PRIVS	4883
prctl$PR_GET_PDEATHSIG	4884
prctl$PR_GET_SECCOMP	4885
prctl$PR_GET_SECUREBITS	4886
prctl$PR_GET_SPECULATION_CTRL	4887
prctl$PR_GET_TAGGED_ADDR_CTRL	4888
prctl$PR_GET_THP_DISABLE	4889
prctl$PR_GET_TID_ADDRESS	4890
prctl$PR_GET_TIMERSLACK	4891
prctl$PR_GET_TSC	4892
prctl$PR_GET_UNALIGN	4893
prctl$PR_MCE_KILL	4894
prctl$PR_MCE_KILL_GET	4895
prctl$PR_MPX_DISABLE_MANAGEMENT	4896
prctl$PR_MPX_ENABLE_MANAGEMENT	4897
prctl$PR_PAC_RESET_KEYS	4898
prctl$PR_SCHED_CORE	4899
prctl$PR_SET_CHILD_SUBREAPER	4900
prctl$PR_SET_DUMPABLE	4901
prctl$PR_SET_ENDIAN	4902
prctl$PR_SET_FPEMU	4903
prctl$PR_SET_FPEXC	4904
prctl$PR_SET_FP_MODE	4905
prctl$PR_SET_IO_FLUSHER	4906
prctl$PR_SET_KEEPCAPS	4907
prctl$PR_SET_MM	4908
prctl$PR_SET_MM_AUXV	4909
prctl$PR_SET_MM_EXE_FILE	4910
prctl$PR_SET_MM_MAP	4911
prctl$PR_SET_MM_MAP_SIZE	4912
prctl$PR_SET_NAME	4913
prctl$PR_SET_NO_NEW_PRIVS	4914
prctl$PR_SET_PDEATHSIG	4915
prctl$PR_SET_PTRACER	4916
prctl$PR_SET_SECCOMP	4917
prctl$PR_SET_SECUREBITS	4918
prctl$PR_SET_SPECULATION_CTRL	4919
prctl$PR_SET_SYSCALL_USER_DISPATCH_OFF	4920
prctl$PR_SET_SYSCALL_USER_DISPATCH_ON	4921
prctl$PR_SET_TAGGED_ADDR_CTRL	4922
prctl$PR_SET_THP_DISABLE	4923
prctl$PR_SET_TIMERSLACK	4924
prctl$PR_SET_TSC	4925
prctl$PR_SET_UNALIGN	4926
prctl$PR_SET_VMA	4927
prctl$PR_SVE_GET_VL	4928
prctl$PR_SVE_SET_VL	4929
prctl$PR_TASK_PERF_EVENTS_DISABLE	4930
prctl$PR_TASK_PERF_EVENTS_ENABLE	4931
prctl$auto	4932
prctl$auto_PR_GET_AUXV	4933
prctl$auto_PR_GET_CHILD_SUBREAPER	4934
prctl$auto_PR_GET_DUMPABLE	4935
prctl$auto_PR_GET_ENDIAN	4936
prctl$auto_PR_GET_FPEMU	4937
prctl$auto_PR_GET_FPEXC	4938
prctl$auto_PR_GET_FP_MODE	4939
prctl$auto_PR_GET_IO_FLUSHER	4940
prctl$auto_PR_GET_MDWE	4941
prctl$auto_PR_GET_MEMORY_MERGE	4942
prctl$auto_PR_GET_NAME	4943
prctl$auto_PR_GET_NO_NEW_PRIVS	4944
prctl$auto_PR_GET_PDEATHSIG	4945
prctl$auto_PR_GET_SECCOMP	4946
prctl$auto_PR_GET_SHADOW_STACK_STATUS	4947
prctl$auto_PR_GET_SPECULATION_CTRL	4948
prctl$auto_PR_GET_TAGGED_ADDR_CTRL	4949
prctl$auto_PR_GET_THP_DISABLE	4950
prctl$auto_PR_GET_TID_ADDRESS	4951
prctl$auto_PR_GET_TIMERSLACK	4952
prctl$auto_PR_GET_TIMING	4953
prctl$auto_PR_GET_TSC	4954
prctl$auto_PR_GET_UNALIGN	4955
prctl$auto_PR_LOCK_SHADOW_STACK_STATUS	4956
prctl$auto_PR_MCE_KILL	4957
prctl$auto_PR_MCE_KILL_GET	4958
prctl$auto_PR_MPX_DISABLE_MANAGEMENT	4959
prctl$auto_PR_MPX_ENABLE_MANAGEMENT	4960
prctl$auto_PR_PAC_GET_ENABLED_KEYS	4961
prctl$auto_PR_PAC_RESET_KEYS	4962
prctl$auto_PR_PAC_SET_ENABLED_KEYS	4963
prctl$auto_PR_PPC_GET_DEXCR	4964
prctl$auto_PR_PPC_SET_DEXCR	4965
prctl$auto_PR_RISCV_SET_ICACHE_FLUSH_CTX	4966
prctl$auto_PR_RISCV_V_GET_CONTROL	4967
prctl$auto_PR_RISCV_V_SET_CONTROL	4968
prctl$auto_PR_SCHED_CORE	4969
prctl$auto_PR_SCHED_CORE_CREATE	4970
prctl$auto_PR_SCHED_CORE_GET	4971
prctl$auto_PR_SCHED_CORE_SHARE_FROM	4972
prctl$auto_PR_SCHED_CORE_SHARE_TO	4973
prctl$auto_PR_SET_CHILD_SUBREAPER	4974
prctl$auto_PR_SET_DUMPABLE	4975
prctl$auto_PR_SET_ENDIAN	4976
prctl$auto_PR_SET_FPEMU	4977
prctl$auto_PR_SET_FPEXC	4978
prctl$auto_PR_SET_FP_MODE	4979
prctl$auto_PR_SET_IO_FLUSHER	4980
prctl$auto_PR_SET_MDWE	4981
prctl$auto_PR_SET_MEMORY_MERGE	4982
prctl$auto_PR_SET_MM	4983
prctl$auto_PR_SET_MM_ARG_END	4984
prctl$auto_PR_SET_MM_ARG_START	4985
prctl$auto_PR_SET_MM_BRK	4986
prctl$auto_PR_SET_MM_END_CODE	4987
prctl$auto_PR_SET_MM_END_DATA	4988
prctl$auto_PR_SET_MM_ENV_END	4989
prctl$auto_PR_SET_MM_ENV_START	4990
prctl$auto_PR_SET_MM_START_BRK	4991
prctl$auto_PR_SET_MM_START_CODE	4992
prctl$auto_PR_SET_MM_START_DATA	4993
prctl$auto_PR_SET_MM_START_STACK	4994
prctl$auto_PR_SET_NAME	4995
prctl$auto_PR_SET_NO_NEW_PRIVS	4996
prctl$auto_PR_SET_PDEATHSIG	4997
prctl$auto_PR_SET_SECCOMP	4998
prctl$auto_PR_SET_SHADOW_STACK_STATUS	4999
prctl$auto_PR_SET_SPECULATION_CTRL	5000
prctl$auto_PR_SET_SYSCALL_USER_DISPATCH	5001
prctl$auto_PR_SET_TAGGED_ADDR_CTRL	5002
prctl$auto_PR_SET_THP_DISABLE	5003
prctl$auto_PR_SET_TIMERSLACK	5004
prctl$auto_PR_SET_TIMING	5005
prctl$auto_PR_SET_TSC	5006
prctl$auto_PR_SET_UNALIGN	5007
prctl$auto_PR_SET_VMA	5008
prctl$auto_PR_SET_VMA_ANON_NAME	5009
prctl$auto_PR_SME_GET_VL	5010
prctl$auto_PR_SME_SET_VL	5011
prctl$auto_PR_SVE_GET_VL	5012
prctl$auto_PR_SVE_SET_VL	5013
prctl$auto_PR_SYS_DISPATCH_OFF	5014
prctl$auto_PR_SYS_DISPATCH_ON	5015
prctl$auto_PR_TASK_PERF_EVENTS_DISABLE	5016
prctl$auto_PR_TASK_PERF_EVENTS_ENABLE	5017
prctl$auto_PR_TIMER_CREATE_RESTORE_IDS	5018
prctl$auto_PR_TIMER_CREATE_RESTORE_IDS_GET	5019
prctl$auto_PR_TIMER_CREATE_RESTORE_IDS_OFF	5020
prctl$auto_PR_TIMER_CREATE_RESTORE_IDS_ON	5021
prctl$auto_SECCOMP_MODE_FILTER	5022
prctl$auto_SECCOMP_MODE_STRICT	5023
prctl$auto_SIGCONT	5024
pread64	5025
pread64$auto	5026
preadv	5027
preadv$auto	5028
preadv2	5029
preadv2$auto	5030
prlimit64	5031
prlimit64$auto	5032
process_madvise	5033
process_madvise$auto	5034
process_madvise$auto_MADV_COLD	5035
process_madvise$auto_MADV_COLLAPSE	5036
process_madvise$auto_MADV_DODUMP	5037
process_madvise$auto_MADV_DOFORK	5038
process_madvise$auto_MADV_DONTDUMP	5039
process_madvise$auto_MADV_DONTFORK	5040
process_madvise$auto_MADV_DONTNEED	5041
process_madvise$auto_MADV_DONTNEED_LOCKED	5042
process_madvise$auto_MADV_FREE	5043
process_madvise$auto_MADV_GUARD_INSTALL	5044
process_madvise$auto_MADV_GUARD_REMOVE	5045
process_madvise$auto_MADV_HUGEPAGE	5046
process_madvise$auto_MADV_KEEPONFORK	5047
process_madvise$auto_MADV_MERGEABLE	5048
process_madvise$auto_MADV_NOHUGEPAGE	5049
process_madvise$auto_MADV_NORMAL	5050
process_madvise$auto_MADV_PAGEOUT	5051
process_madvise$auto_MADV_POPULATE_READ	5052
process_madvise$auto_MADV_POPULATE_WRITE	5053
process_madvise$auto_MADV_RANDOM	5054
process_madvise$auto_MADV_REMOVE	5055
process_madvise$auto_MADV_SEQUENTIAL	5056
process_madvise$auto_MADV_UNMERGEABLE	5057
process_madvise$auto_MADV_WILLNEED	5058
process_madvise$auto_MADV_WIPEONFORK	5059
process_madvise$auto_PIDFD_SELF_THREAD	5060
process_madvise$auto_PIDFD_SELF_THREAD_GROUP	5061
process_mrelease	5062
process_mrelease$auto	5063
process_mrelease$auto_PIDFD_SELF_THREAD	5064
process_mrelease$auto_PIDFD_SELF_THREAD_GROUP	5065
process_vm_readv	5066
process_vm_readv$auto	5067
process_vm_writev	5068
process_vm_writev$auto	5069
pselect6	5070
pselect6$auto	5071
ptrace	5072
ptrace$ARCH_ENABLE_TAGGED_ADDR	5073
ptrace$ARCH_FORCE_TAGGED_SVA	5074
ptrace$ARCH_GET_CPUID	5075
ptrace$ARCH_GET_FS	5076
ptrace$ARCH_GET_GS	5077
ptrace$ARCH_GET_MAX_TAG_BITS	5078
ptrace$ARCH_GET_UNTAG_MASK	5079
ptrace$ARCH_MAP_VDSO_32	5080
ptrace$ARCH_MAP_VDSO_64	5081
ptrace$ARCH_MAP_VDSO_X32	5082
ptrace$ARCH_SET_CPUID	5083
ptrace$ARCH_SET_GS	5084
ptrace$ARCH_SHSTK_DISABLE	5085
ptrace$ARCH_SHSTK_ENABLE	5086
ptrace$ARCH_SHSTK_LOCK	5087
ptrace$ARCH_SHSTK_STATUS	5088
ptrace$ARCH_SHSTK_UNLOCK	5089
ptrace$PTRACE_GETSIGMASK	5090
ptrace$PTRACE_SECCOMP_GET_FILTER	5091
ptrace$PTRACE_SECCOMP_GET_METADATA	5092
ptrace$PTRACE_SETSIGMASK	5093
ptrace$auto	5094
ptrace$auto_ARCH_GET_FS	5095
ptrace$auto_ARCH_GET_GS	5096
ptrace$auto_ARCH_MAP_VDSO_32	5097
ptrace$auto_ARCH_MAP_VDSO_64	5098
ptrace$auto_ARCH_MAP_VDSO_X32	5099
ptrace$auto_ARCH_SET_FS	5100
ptrace$auto_ARCH_SET_GS	5101
ptrace$auto_ARCH_SHSTK_DISABLE	5102
ptrace$auto_ARCH_SHSTK_ENABLE	5103
ptrace$auto_ARCH_SHSTK_LOCK	5104
ptrace$auto_ARCH_SHSTK_STATUS	5105
ptrace$auto_ARCH_SHSTK_UNLOCK	5106
ptrace$auto_PTRACE_ARCH_PRCTL	5107
ptrace$auto_PTRACE_CONT	5108
ptrace$auto_PTRACE_DETACH	5109
ptrace$auto_PTRACE_GETEVENTMSG	5110
ptrace$auto_PTRACE_GETFPREGS	5111
ptrace$auto_PTRACE_GETREGS	5112
ptrace$auto_PTRACE_GETREGSET	5113
ptrace$auto_PTRACE_GETSIGINFO	5114
ptrace$auto_PTRACE_GETSIGMASK	5115
ptrace$auto_PTRACE_GET_RSEQ_CONFIGURATION	5116
ptrace$auto_PTRACE_GET_SYSCALL_INFO	5117
ptrace$auto_PTRACE_GET_SYSCALL_USER_DISPATCH_CONFIG	5118
ptrace$auto_PTRACE_GET_THREAD_AREA	5119
ptrace$auto_PTRACE_INTERRUPT	5120
ptrace$auto_PTRACE_KILL	5121
ptrace$auto_PTRACE_LISTEN	5122
ptrace$auto_PTRACE_OLDSETOPTIONS	5123
ptrace$auto_PTRACE_PEEKDATA	5124
ptrace$auto_PTRACE_PEEKSIGINFO	5125
ptrace$auto_PTRACE_PEEKTEXT	5126
ptrace$auto_PTRACE_PEEKUSR	5127
ptrace$auto_PTRACE_POKEDATA	5128
ptrace$auto_PTRACE_POKETEXT	5129
ptrace$auto_PTRACE_POKEUSR	5130
ptrace$auto_PTRACE_SECCOMP_GET_FILTER	5131
ptrace$auto_PTRACE_SECCOMP_GET_METADATA	5132
ptrace$auto_PTRACE_SETFPREGS	5133
ptrace$auto_PTRACE_SETOPTIONS	5134
ptrace$auto_PTRACE_SETREGS	5135
ptrace$auto_PTRACE_SETREGSET	5136
ptrace$auto_PTRACE_SETSIGINFO	5137
ptrace$auto_PTRACE_SETSIGMASK	5138
ptrace$auto_PTRACE_SET_SYSCALL_USER_DISPATCH_CONFIG	5139
ptrace$auto_PTRACE_SET_THREAD_AREA	5140
ptrace$auto_PTRACE_SINGLEBLOCK	5141
ptrace$auto_PTRACE_SINGLESTEP	5142
ptrace$auto_PTRACE_SYSCALL	5143
ptrace$auto_PTRACE_SYSEMU	5144
ptrace$auto_PTRACE_SYSEMU_SINGLESTEP	5145
ptrace$cont	5146
ptrace$getenv	5147
ptrace$getregs	5148
ptrace$getregset	5149
ptrace$getsig	5150
ptrace$peek	5151
ptrace$peeksig	5152
ptrace$peekuser	5153
ptrace$poke	5154
ptrace$pokeuser	5155
ptrace$setopts	5156
ptrace$setregs	5157
ptrace$setregset	5158
ptrace$setsig	5159
pwrite64	5160
pwrite64$auto	5161
pwritev	5162
pwritev$auto	5163
pwritev2	5164
pwritev2$auto	5165
quotactl$Q_GETFMT	5166
quotactl$Q_GETINFO	5167
quotactl$Q_GETNEXTQUOTA	5168
quotactl$Q_GETQUOTA	5169
quotactl$Q_QUOTAOFF	5170
quotactl$Q_QUOTAON	5171
quotactl$Q_SETINFO	5172
quotactl$Q_SETQUOTA	5173
quotactl$Q_SYNC	5174
quotactl$auto	5175
quotactl_fd$Q_GETFMT	5176
quotactl_fd$Q_GETINFO	5177
quotactl_fd$Q_GETNEXTQUOTA	5178
quotactl_fd$Q_GETQUOTA	5179
quotactl_fd$Q_QUOTAOFF	5180
quotactl_fd$Q_QUOTAON	5181
quotactl_fd$Q_SETINFO	5182
quotactl_fd$Q_SETQUOTA	5183
quotactl_fd$Q_SYNC	5184
quotactl_fd$auto	5185
read	5186
read$FUSE	5187
read$alg	5188
read$auto	5189
read$auto_adf_hb_cfg_fops_adf_heartbeat_dbgfs	5190
read$auto_aoe_fops_aoechr	5191
read$auto_autofs_root_operations_autofs_i	5192
read$auto_bdi_debug_stats_fops_	5193
read$auto_binder_features_fops_	5194
read$auto_blk_mq_debugfs_fops_blk_mq_debugfs	5195
read$auto_bm_entry_operations_binfmt_misc	5196
read$auto_bm_status_operations_binfmt_misc	5197
read$auto_bridges_fops_	5198
read$auto_btrfs_dir_file_operations_inode	5199
read$auto_buffer_percent_fops_trace	5200
read$auto_buffer_subbuf_size_fops_trace	5201
read$auto_cachefiles_daemon_fops_internal	5202
read$auto_cgwb_debug_stats_fops_	5203
read$auto_check_wx_fops_	5204
read$auto_clear_warn_once_fops_	5205
read$auto_clk_dump_fops_	5206
read$auto_clk_summary_fops_	5207
read$auto_component_list_fops_	5208
read$auto_configfs_file_operations_configfs_internal	5209
read$auto_console_fops_tty_io	5210
read$auto_cpu_latency_qos_fops_qos	5211
read$auto_cpuid_fops_cpuid	5212
read$auto_ctl_device_fops_user	5213
read$auto_dai_list_fops_	5214
read$auto_debug_help_fops_orangefs_debugfs	5215
read$auto_debugfs_devm_entry_ops_file	5216
read$auto_debugfs_full_proxy_file_operations_internal	5217
read$auto_def_blk_fops_fs	5218
read$auto_deferred_devs_fops_	5219
read$auto_dev_fops_plock	5220
read$auto_dfs_cpu_ops_debugfs	5221
read$auto_dfs_dom_ops_debugfs	5222
read$auto_dfs_global_fops_debug	5223
read$auto_dfs_sched_itmt_fops_itmt	5224
read$auto_dma_buf_debug_fops_	5225
read$auto_dmaengine_summary_fops_	5226
read$auto_drm_connector_fops_drm_debugfs	5227
read$auto_drm_crtc_crc_control_fops_drm_debugfs_crc	5228
read$auto_drm_crtc_crc_data_fops_drm_debugfs_crc	5229
read$auto_drm_debugfs_entry_fops_drm_debugfs	5230
read$auto_drm_edid_fops_drm_debugfs	5231
read$auto_dvb_demux_fops_dmxdev	5232
read$auto_dvb_dvr_fops_dmxdev	5233
read$auto_dynamic_events_ops_trace_dynevent	5234
read$auto_ecryptfs_dir_fops_ecryptfs_kernel	5235
read$auto_ecryptfs_miscdev_fops_miscdev	5236
read$auto_ep0_operations_inode	5237
read$auto_evdev_fops_evdev	5238
read$auto_event_inject_fops_trace	5239
read$auto_event_trigger_fops_trace	5240
read$auto_evm_key_ops_evm_secfs	5241
read$auto_evm_xattr_ops_evm_secfs	5242
read$auto_ext4_dir_operations_ext4	5243
read$auto_fake_panic_fops_	5244
read$auto_fault_around_bytes_fops_	5245
read$auto_fb_fops_fb_chrdev	5246
read$auto_fops_atomic_t_	5247
read$auto_fops_atomic_t_ro_	5248
read$auto_fops_blob_file	5249
read$auto_fops_init_pkru_pkeys	5250
read$auto_fops_u16_	5251
read$auto_fops_u32_	5252
read$auto_fops_u32_ro_	5253
read$auto_fops_u64_	5254
read$auto_fops_u64_ro_	5255
read$auto_fops_u8_	5256
read$auto_fops_ulong_ro_	5257
read$auto_fops_x16_ro_	5258
read$auto_fops_x64_ro_	5259
read$auto_force_suspend_fops_hci_vhci	5260
read$auto_force_wakeup_fops_hci_vhci	5261
read$auto_fragmentation_threshold_ops_	5262
read$auto_ftrace_avail_fops_trace_events	5263
read$auto_ftrace_enable_fops_trace_events	5264
read$auto_ftrace_event_filter_fops_trace_events	5265
read$auto_ftrace_event_format_fops_trace_events	5266
read$auto_ftrace_event_id_fops_trace_events	5267
read$auto_ftrace_formats_fops_trace_printk	5268
read$auto_ftrace_set_event_fops_trace_events	5269
read$auto_ftrace_set_event_notrace_pid_fops_trace_events	5270
read$auto_ftrace_set_event_pid_fops_trace_events	5271
read$auto_ftrace_subsystem_filter_fops_trace_events	5272
read$auto_ftrace_system_enable_fops_trace_events	5273
read$auto_full_fops_mem	5274
read$auto_fuse_conn_congestion_threshold_ops_control	5275
read$auto_fuse_dev_operations_fuse_i	5276
read$auto_fuse_dir_operations_dir	5277
read$auto_gpiolib_fops_	5278
read$auto_hpet_fops_hpet	5279
read$auto_hsr_node_table_fops_	5280
read$auto_ht40allow_map_ops_debugfs	5281
read$auto_hwflags_ops_debugfs	5282
read$auto_hwsim_fops_group_	5283
read$auto_hwsim_fops_ps_	5284
read$auto_hwsim_fops_rx_rssi_	5285
read$auto_hwsim_simulate_radar_	5286
read$auto_i2cdev_fops_i2c_dev	5287
read$auto_ima_ascii_measurements_ops_ima_fs	5288
read$auto_ima_htable_violations_ops_ima_fs	5289
read$auto_ima_measure_policy_ops_ima_fs	5290
read$auto_ima_measurements_count_ops_ima_fs	5291
read$auto_ima_measurements_ops_ima_fs	5292
read$auto_ipsec_dbg_fops_ipsec	5293
read$auto_kernel_debug_fops_orangefs_debugfs	5294
read$auto_kernfs_file_fops_kernfs_internal	5295
read$auto_kmsg_fops_printk	5296
read$auto_l2cap_debugfs_fops_	5297
read$auto_lockdown_ops_lockdown	5298
read$auto_long_retry_limit_ops_	5299
read$auto_lowpan_control_fops_6lowpan	5300
read$auto_lowpan_enable_fops_	5301
read$auto_lru_gen_rw_fops_vmscan	5302
read$auto_lsm_ops_inode	5303
read$auto_mISDN_fops_timerdev	5304
read$auto_media_devnode_fops_mc_devnode	5305
read$auto_memtype_fops_memtype	5306
read$auto_mgts_fops_	5307
read$auto_minstrel_ht_stat_csv_fops_rc80211_minstrel_ht_debugfs	5308
read$auto_minstrel_ht_stat_fops_rc80211_minstrel_ht_debugfs	5309
read$auto_mon_fops_binary_mon_bin	5310
read$auto_mon_fops_stat_usb_mon	5311
read$auto_mon_fops_text_t_mon_text	5312
read$auto_mousedev_fops_mousedev	5313
read$auto_msft_opcode_fops_	5314
read$auto_msr_fops_msr	5315
read$auto_mtd_fops_mtdchar	5316
read$auto_nodes_fops_netdebug	5317
read$auto_nsim_dev_max_vfs_fops_dev	5318
read$auto_nsim_dev_trap_fa_cookie_fops_dev	5319
read$auto_nsim_pp_hold_fops_netdev	5320
read$auto_nst_seq_fops_netdebug	5321
read$auto_null_fops_mem	5322
read$auto_nvmf_dev_fops_fabrics	5323
read$auto_nvram_misc_fops_nvram	5324
read$auto_o2hb_debug_fops_heartbeat	5325
read$auto_objects_fops_	5326
read$auto_ocfs2_control_fops_stack_user	5327
read$auto_output_bpc_fops_	5328
read$auto_page_owner_stack_operations_page_owner	5329
read$auto_percpu_stats_fops_	5330
read$auto_posix_clock_file_operations_posix_clock	5331
read$auto_ppp_device_fops_ppp_generic	5332
read$auto_proc_auxv_operations_base	5333
read$auto_proc_coredump_filter_operations_base	5334
read$auto_proc_environ_operations_base	5335
read$auto_proc_fail_nth_operations_base	5336
read$auto_proc_fault_inject_operations_base	5337
read$auto_proc_gid_map_operations_base	5338
read$auto_proc_iter_file_ops_compat_inode	5339
read$auto_proc_loginuid_operations_base	5340
read$auto_proc_mem_operations_base	5341
read$auto_proc_mountinfo_operations_mnt_namespace	5342
read$auto_proc_mounts_operations_mnt_namespace	5343
read$auto_proc_mountstats_operations_mnt_namespace	5344
read$auto_proc_oom_adj_operations_base	5345
read$auto_proc_oom_score_adj_operations_base	5346
read$auto_proc_page_owner_operations_page_owner	5347
read$auto_proc_page_owner_threshold_	5348
read$auto_proc_pagemap_operations_internal	5349
read$auto_proc_pid_attr_operations_base	5350
read$auto_proc_pid_cmdline_ops_base	5351
read$auto_proc_pid_maps_operations_internal	5352
read$auto_proc_pid_numa_maps_operations_internal	5353
read$auto_proc_pid_set_comm_operations_base	5354
read$auto_proc_pid_set_timerslack_ns_operations_base	5355
read$auto_proc_pid_smaps_operations_internal	5356
read$auto_proc_projid_map_operations_base	5357
read$auto_proc_reg_file_ops_compat_inode	5358
read$auto_proc_sessionid_operations_base	5359
read$auto_proc_setgroups_operations_base	5360
read$auto_proc_single_file_operations_base	5361
read$auto_proc_sys_file_operations_proc_sysctl	5362
read$auto_proc_tid_children_operations_internal	5363
read$auto_proc_timens_offsets_operations_base	5364
read$auto_proc_timers_operations_base	5365
read$auto_proc_uid_map_operations_base	5366
read$auto_ptdump_curknl_fops_	5367
read$auto_ptdump_curusr_fops_	5368
read$auto_ptdump_fops_	5369
read$auto_qrtr_tun_ops_tun	5370
read$auto_random_fops_random	5371
read$auto_rb_simple_fops_trace	5372
read$auto_regulator_summary_fops_	5373
read$auto_rfcomm_dlc_debugfs_fops_	5374
read$auto_rfcomm_sock_debugfs_fops_	5375
read$auto_rfkill_fops_core	5376
read$auto_rng_chrdev_ops_core	5377
read$auto_rtc_dev_fops_dev	5378
read$auto_rts_threshold_ops_	5379
read$auto_safesetid_gid_file_fops_securityfs	5380
read$auto_safesetid_uid_file_fops_securityfs	5381
read$auto_sc_seq_fops_netdebug	5382
read$auto_sco_debugfs_fops_	5383
read$auto_seq_oss_f_ops_seq_oss	5384
read$auto_set_tracer_fops_trace	5385
read$auto_severities_coverage_fops_severity	5386
read$auto_sg_fops_sg	5387
read$auto_short_retry_limit_ops_	5388
read$auto_show_traces_fops_trace	5389
read$auto_smk_access2_ops_smackfs	5390
read$auto_smk_access_ops_smackfs	5391
read$auto_smk_ambient_ops_smackfs	5392
read$auto_smk_change_rule_ops_smackfs	5393
read$auto_smk_cipso2_ops_smackfs	5394
read$auto_smk_cipso_ops_smackfs	5395
read$auto_smk_direct_ops_smackfs	5396
read$auto_smk_doi_ops_smackfs	5397
read$auto_smk_load2_ops_smackfs	5398
read$auto_smk_load_ops_smackfs	5399
read$auto_smk_load_self2_ops_smackfs	5400
read$auto_smk_load_self_ops_smackfs	5401
read$auto_smk_logging_ops_smackfs	5402
read$auto_smk_mapped_ops_smackfs	5403
read$auto_smk_net4addr_ops_smackfs	5404
read$auto_smk_net6addr_ops_smackfs	5405
read$auto_smk_onlycap_ops_smackfs	5406
read$auto_smk_ptrace_ops_smackfs	5407
read$auto_smk_relabel_self_ops_smackfs	5408
read$auto_smk_revoke_subj_ops_smackfs	5409
read$auto_smk_syslog_ops_smackfs	5410
read$auto_snapshot_fops_user	5411
read$auto_snd_ctl_f_ops_control	5412
read$auto_snd_pcm_f_ops_pcm1	5413
read$auto_snd_pcm_oss_f_reg_pcm_oss	5414
read$auto_snd_rawmidi_f_ops_rawmidi	5415
read$auto_snd_seq_f_ops_seq_clientmgr	5416
read$auto_snd_timer_f_ops_timer	5417
read$auto_stat_fops_	5418
read$auto_stat_fops_per_vm_kvm_main	5419
read$auto_state_fops_	5420
read$auto_stats_fops_	5421
read$auto_stats_fops_2	5422
read$auto_stats_seq_fops_netdebug	5423
read$auto_supply_map_fops_	5424
read$auto_suspend_stats_fops_	5425
read$auto_sync_info_debugfs_fops_	5426
read$auto_tap_fops_tap	5427
read$auto_tk_debug_sleep_time_fops_	5428
read$auto_tomoyo_operations_securityfs_if	5429
read$auto_tomoyo_self_operations_securityfs_if	5430
read$auto_trace_clock_fops_trace	5431
read$auto_trace_fops_debugfs	5432
read$auto_trace_options_core_fops_trace	5433
read$auto_trace_options_fops_trace	5434
read$auto_trace_time_stamp_mode_fops_trace	5435
read$auto_tracing_buffers_fops_trace	5436
read$auto_tracing_cpumask_fops_trace	5437
read$auto_tracing_entries_fops_trace	5438
read$auto_tracing_err_log_fops_trace	5439
read$auto_tracing_fops_trace	5440
read$auto_tracing_iter_fops_trace	5441
read$auto_tracing_pipe_fops_trace	5442
read$auto_tracing_readme_fops_trace	5443
read$auto_tracing_saved_cmdlines_fops_trace	5444
read$auto_tracing_saved_cmdlines_size_fops_trace	5445
read$auto_tracing_saved_tgids_fops_trace	5446
read$auto_tracing_stats_fops_trace	5447
read$auto_tracing_thresh_fops_trace	5448
read$auto_tracing_total_entries_fops_trace	5449
read$auto_transaction_log_fops_	5450
read$auto_transactions_fops_	5451
read$auto_tty_fops_tty_io	5452
read$auto_tun_fops_tun	5453
read$auto_u32_array_fops_file	5454
read$auto_ubifs_dir_operations_ubifs	5455
read$auto_udf_dir_operations_udfdecl	5456
read$auto_uhid_fops_uhid	5457
read$auto_uinput_fops_uinput	5458
read$auto_uprobe_events_ops_trace_uprobe	5459
read$auto_uprobe_profile_ops_trace_uprobe	5460
read$auto_urandom_fops_random	5461
read$auto_usbdev_file_operations_usb	5462
read$auto_usbfs_devices_fops_usb	5463
read$auto_userio_fops_userio	5464
read$auto_v4l2_fops_v4l2_dev	5465
read$auto_vcs_fops_vc_screen	5466
read$auto_vga_arb_device_fops_vgaarb	5467
read$auto_vhci_fops_hci_vhci	5468
read$auto_vhost_net_fops_net	5469
read$auto_vhost_vsock_fops_vsock	5470
read$auto_virtual_ncidev_fops_virtual_ncidev	5471
read$auto_vmwgfx_driver_fops_vmwgfx_drv	5472
read$auto_vrr_range_fops_	5473
read$auto_wakeup_sources_stats_fops_wakeup	5474
read$auto_xfs_dir_file_operations_xfs_file	5475
read$auto_zero_fops_mem	5476
read$btrfs	5477
read$char_usb	5478
read$dsp	5479
read$eventfd	5480
read$fb	5481
read$hiddev	5482
read$hidraw	5483
read$midi	5484
read$msr	5485
read$nci	5486
read$proc_mixer	5487
read$ptp	5488
read$qrtrtun	5489
read$rfkill	5490
read$sequencer	5491
read$smackfs_access	5492
read$smackfs_cipsonum	5493
read$smackfs_logging	5494
read$smackfs_ptrace	5495
read$snapshot	5496
read$snddsp	5497
read$sndhw	5498
read$trusty	5499
read$usbfs	5500
read$usbmon	5501
read$watch_queue	5502
readahead	5503
readahead$auto	5504
readlink	5505
readlink$auto	5506
readlinkat	5507
readlinkat$auto	5508
readv	5509
readv$auto	5510
recvfrom	5511
recvfrom$auto	5512
recvfrom$ax25	5513
recvfrom$inet	5514
recvfrom$inet6	5515
recvfrom$inet_nvme	5516
recvfrom$l2tp	5517
recvfrom$l2tp6	5518
recvfrom$llc	5519
recvfrom$netrom	5520
recvfrom$packet	5521
recvfrom$phonet	5522
recvfrom$rose	5523
recvfrom$rxrpc	5524
recvfrom$unix	5525
recvfrom$x25	5526
recvmmsg	5527
recvmmsg$auto	5528
recvmmsg$unix	5529
recvmsg	5530
recvmsg$auto	5531
recvmsg$can_bcm	5532
recvmsg$can_j1939	5533
recvmsg$can_raw	5534
recvmsg$hf	5535
recvmsg$inet_nvme	5536
recvmsg$kcm	5537
recvmsg$qrtr	5538
recvmsg$unix	5539
remap_file_pages	5540
remap_file_pages$auto	5541
removexattr	5542
removexattr$auto	5543
removexattrat$auto	5544
rename	5545
rename$auto	5546
rename$btrfs	5547
renameat	5548
renameat$auto	5549
renameat2	5550
renameat2$auto	5551
request_key	5552
request_key$auto	5553
request_key$auto_KEY_SPEC_GROUP_KEYRING	5554
request_key$auto_KEY_SPEC_PROCESS_KEYRING	5555
request_key$auto_KEY_SPEC_REQKEY_AUTH_KEY	5556
request_key$auto_KEY_SPEC_REQUESTOR_KEYRING	5557
request_key$auto_KEY_SPEC_SESSION_KEYRING	5558
request_key$auto_KEY_SPEC_THREAD_KEYRING	5559
request_key$auto_KEY_SPEC_USER_KEYRING	5560
request_key$auto_KEY_SPEC_USER_SESSION_KEYRING	5561
restart_syscall	5562
rmdir	5563
rmdir$auto	5564
rmdir$btrfs	5565
rseq	5566
rseq$auto	5567
rt_sigaction	5568
rt_sigaction$auto	5569
rt_sigpending	5570
rt_sigpending$auto	5571
rt_sigprocmask	5572
rt_sigprocmask$auto	5573
rt_sigprocmask$auto_SIG_BLOCK	5574
rt_sigprocmask$auto_SIG_SETMASK	5575
rt_sigprocmask$auto_SIG_UNBLOCK	5576
rt_sigqueueinfo	5577
rt_sigqueueinfo$auto	5578
rt_sigqueueinfo$auto_SIGCONT	5579
rt_sigreturn	5580
rt_sigsuspend	5581
rt_sigsuspend$auto	5582
rt_sigtimedwait	5583
rt_sigtimedwait$auto	5584
rt_tgsigqueueinfo	5585
rt_tgsigqueueinfo$auto	5586
rt_tgsigqueueinfo$auto_SIGCONT	5587
sched_get_priority_max$auto	5588
sched_get_priority_max$auto_SCHED_BATCH	5589
sched_get_priority_max$auto_SCHED_DEADLINE	5590
sched_get_priority_max$auto_SCHED_EXT	5591
sched_get_priority_max$auto_SCHED_FIFO	5592
sched_get_priority_max$auto_SCHED_IDLE	5593
sched_get_priority_max$auto_SCHED_NORMAL	5594
sched_get_priority_max$auto_SCHED_RR	5595
sched_get_priority_min$auto	5596
sched_get_priority_min$auto_SCHED_BATCH	5597
sched_get_priority_min$auto_SCHED_DEADLINE	5598
sched_get_priority_min$auto_SCHED_EXT	5599
sched_get_priority_min$auto_SCHED_FIFO	5600
sched_get_priority_min$auto_SCHED_IDLE	5601
sched_get_priority_min$auto_SCHED_NORMAL	5602
sched_get_priority_min$auto_SCHED_RR	5603
sched_getaffinity	5604
sched_getaffinity$auto	5605
sched_getattr	5606
sched_getattr$auto	5607
sched_getparam	5608
sched_getparam$auto	5609
sched_getscheduler	5610
sched_getscheduler$auto	5611
sched_rr_get_interval	5612
sched_rr_get_interval$auto	5613
sched_setaffinity	5614
sched_setaffinity$auto	5615
sched_setattr	5616
sched_setattr$auto	5617
sched_setparam	5618
sched_setparam$auto	5619
sched_setscheduler	5620
sched_setscheduler$auto	5621
sched_yield	5622
seccomp$SECCOMP_GET_ACTION_AVAIL	5623
seccomp$SECCOMP_GET_NOTIF_SIZES	5624
seccomp$SECCOMP_SET_MODE_FILTER	5625
seccomp$SECCOMP_SET_MODE_FILTER_LISTENER	5626
seccomp$SECCOMP_SET_MODE_STRICT	5627
seccomp$auto	5628
seccomp$auto_SECCOMP_GET_ACTION_AVAIL	5629
seccomp$auto_SECCOMP_GET_NOTIF_SIZES	5630
seccomp$auto_SECCOMP_SET_MODE_FILTER	5631
seccomp$auto_SECCOMP_SET_MODE_STRICT	5632
select	5633
select$auto	5634
semctl$GETALL	5635
semctl$GETNCNT	5636
semctl$GETPID	5637
semctl$GETVAL	5638
semctl$GETZCNT	5639
semctl$IPC_INFO	5640
semctl$IPC_RMID	5641
semctl$IPC_SET	5642
semctl$IPC_STAT	5643
semctl$SEM_INFO	5644
semctl$SEM_STAT	5645
semctl$SEM_STAT_ANY	5646
semctl$SETALL	5647
semctl$SETVAL	5648
semctl$auto	5649
semctl$auto_GETALL	5650
semctl$auto_GETNCNT	5651
semctl$auto_GETPID	5652
semctl$auto_GETVAL	5653
semctl$auto_GETZCNT	5654
semctl$auto_IPC_INFO	5655
semctl$auto_IPC_RMID	5656
semctl$auto_IPC_SET	5657
semctl$auto_IPC_STAT	5658
semctl$auto_SEM_INFO	5659
semctl$auto_SEM_STAT	5660
semctl$auto_SEM_STAT_ANY	5661
semctl$auto_SETALL	5662
semctl$auto_SETVAL	5663
semget	5664
semget$auto	5665
semget$private	5666
semop	5667
semop$auto	5668
semtimedop	5669
semtimedop$auto	5670
sendfile	5671
sendfile$auto	5672
sendmmsg	5673
sendmmsg$alg	5674
sendmmsg$auto	5675
sendmmsg$inet	5676
sendmmsg$inet6	5677
sendmmsg$inet_sctp	5678
sendmmsg$nfc_llcp	5679
sendmmsg$sock	5680
sendmmsg$unix	5681
sendmsg	5682
sendmsg$802154_dgram	5683
sendmsg$802154_raw	5684
sendmsg$AUDIT_ADD_RULE	5685
sendmsg$AUDIT_DEL_RULE	5686
sendmsg$AUDIT_GET	5687
sendmsg$AUDIT_GET_FEATURE	5688
sendmsg$AUDIT_LIST_RULES	5689
sendmsg$AUDIT_MAKE_EQUIV	5690
sendmsg$AUDIT_SET	5691
sendmsg$AUDIT_SET_FEATURE	5692
sendmsg$AUDIT_SIGNAL_INFO	5693
sendmsg$AUDIT_TRIM	5694
sendmsg$AUDIT_TTY_GET	5695
sendmsg$AUDIT_TTY_SET	5696
sendmsg$AUDIT_USER	5697
sendmsg$AUDIT_USER_AVC	5698
sendmsg$AUDIT_USER_TTY	5699
sendmsg$BATADV_CMD_GET_BLA_BACKBONE	5700
sendmsg$BATADV_CMD_GET_BLA_CLAIM	5701
sendmsg$BATADV_CMD_GET_DAT_CACHE	5702
sendmsg$BATADV_CMD_GET_GATEWAYS	5703
sendmsg$BATADV_CMD_GET_HARDIF	5704
sendmsg$BATADV_CMD_GET_MCAST_FLAGS	5705
sendmsg$BATADV_CMD_GET_MESH	5706
sendmsg$BATADV_CMD_GET_NEIGHBORS	5707
sendmsg$BATADV_CMD_GET_ORIGINATORS	5708
sendmsg$BATADV_CMD_GET_ROUTING_ALGOS	5709
sendmsg$BATADV_CMD_GET_TRANSTABLE_GLOBAL	5710
sendmsg$BATADV_CMD_GET_TRANSTABLE_LOCAL	5711
sendmsg$BATADV_CMD_GET_VLAN	5712
sendmsg$BATADV_CMD_SET_HARDIF	5713
sendmsg$BATADV_CMD_SET_MESH	5714
sendmsg$BATADV_CMD_SET_VLAN	5715
sendmsg$BATADV_CMD_TP_METER	5716
sendmsg$BATADV_CMD_TP_METER_CANCEL	5717
sendmsg$DCCPDIAG_GETSOCK	5718
sendmsg$DEVLINK_CMD_GET	5719
sendmsg$DEVLINK_CMD_PORT_GET	5720
sendmsg$DEVLINK_CMD_PORT_SET	5721
sendmsg$DEVLINK_CMD_PORT_SPLIT	5722
sendmsg$DEVLINK_CMD_PORT_UNSPLIT	5723
sendmsg$DEVLINK_CMD_RATE_DEL	5724
sendmsg$DEVLINK_CMD_RATE_GET	5725
sendmsg$DEVLINK_CMD_RATE_NEW	5726
sendmsg$DEVLINK_CMD_RATE_SET	5727
sendmsg$DEVLINK_CMD_RELOAD	5728
sendmsg$DEVLINK_CMD_SB_GET	5729
sendmsg$DEVLINK_CMD_SB_OCC_MAX_CLEAR	5730
sendmsg$DEVLINK_CMD_SB_OCC_SNAPSHOT	5731
sendmsg$DEVLINK_CMD_SB_POOL_GET	5732
sendmsg$DEVLINK_CMD_SB_POOL_SET	5733
sendmsg$DEVLINK_CMD_SB_PORT_POOL_GET	5734
sendmsg$DEVLINK_CMD_SB_PORT_POOL_SET	5735
sendmsg$DEVLINK_CMD_SB_TC_POOL_BIND_GET	5736
sendmsg$DEVLINK_CMD_SB_TC_POOL_BIND_SET	5737
sendmsg$DEVLINK_CMD_TRAP_GET	5738
sendmsg$DEVLINK_CMD_TRAP_GROUP_GET	5739
sendmsg$DEVLINK_CMD_TRAP_GROUP_SET	5740
sendmsg$DEVLINK_CMD_TRAP_POLICER_GET	5741
sendmsg$DEVLINK_CMD_TRAP_POLICER_SET	5742
sendmsg$DEVLINK_CMD_TRAP_SET	5743
sendmsg$ETHTOOL_MSG_CHANNELS_GET	5744
sendmsg$ETHTOOL_MSG_CHANNELS_SET	5745
sendmsg$ETHTOOL_MSG_COALESCE_GET	5746
sendmsg$ETHTOOL_MSG_COALESCE_SET	5747
sendmsg$ETHTOOL_MSG_DEBUG_GET	5748
sendmsg$ETHTOOL_MSG_DEBUG_SET	5749
sendmsg$ETHTOOL_MSG_EEE_GET	5750
sendmsg$ETHTOOL_MSG_EEE_SET	5751
sendmsg$ETHTOOL_MSG_FEATURES_GET	5752
sendmsg$ETHTOOL_MSG_FEATURES_SET	5753
sendmsg$ETHTOOL_MSG_LINKINFO_GET	5754
sendmsg$ETHTOOL_MSG_LINKINFO_SET	5755
sendmsg$ETHTOOL_MSG_LINKMODES_GET	5756
sendmsg$ETHTOOL_MSG_LINKMODES_SET	5757
sendmsg$ETHTOOL_MSG_LINKSTATE_GET	5758
sendmsg$ETHTOOL_MSG_PAUSE_GET	5759
sendmsg$ETHTOOL_MSG_PAUSE_SET	5760
sendmsg$ETHTOOL_MSG_PRIVFLAGS_GET	5761
sendmsg$ETHTOOL_MSG_PRIVFLAGS_SET	5762
sendmsg$ETHTOOL_MSG_RINGS_GET	5763
sendmsg$ETHTOOL_MSG_RINGS_SET	5764
sendmsg$ETHTOOL_MSG_STRSET_GET	5765
sendmsg$ETHTOOL_MSG_TSINFO_GET	5766
sendmsg$ETHTOOL_MSG_WOL_GET	5767
sendmsg$ETHTOOL_MSG_WOL_SET	5768
sendmsg$FOU_CMD_ADD	5769
sendmsg$FOU_CMD_DEL	5770
sendmsg$FOU_CMD_GET	5771
sendmsg$GTP_CMD_DELPDP	5772
sendmsg$GTP_CMD_ECHOREQ	5773
sendmsg$GTP_CMD_GETPDP	5774
sendmsg$GTP_CMD_NEWPDP	5775
sendmsg$IEEE802154_ADD_IFACE	5776
sendmsg$IEEE802154_ASSOCIATE_REQ	5777
sendmsg$IEEE802154_ASSOCIATE_RESP	5778
sendmsg$IEEE802154_DISASSOCIATE_REQ	5779
sendmsg$IEEE802154_LIST_IFACE	5780
sendmsg$IEEE802154_LIST_PHY	5781
sendmsg$IEEE802154_LLSEC_ADD_DEV	5782
sendmsg$IEEE802154_LLSEC_ADD_DEVKEY	5783
sendmsg$IEEE802154_LLSEC_ADD_KEY	5784
sendmsg$IEEE802154_LLSEC_ADD_SECLEVEL	5785
sendmsg$IEEE802154_LLSEC_DEL_DEV	5786
sendmsg$IEEE802154_LLSEC_DEL_DEVKEY	5787
sendmsg$IEEE802154_LLSEC_DEL_KEY	5788
sendmsg$IEEE802154_LLSEC_DEL_SECLEVEL	5789
sendmsg$IEEE802154_LLSEC_GETPARAMS	5790
sendmsg$IEEE802154_LLSEC_LIST_DEV	5791
sendmsg$IEEE802154_LLSEC_LIST_DEVKEY	5792
sendmsg$IEEE802154_LLSEC_LIST_KEY	5793
sendmsg$IEEE802154_LLSEC_LIST_SECLEVEL	5794
sendmsg$IEEE802154_LLSEC_SETPARAMS	5795
sendmsg$IEEE802154_SCAN_REQ	5796
sendmsg$IEEE802154_SET_MACPARAMS	5797
sendmsg$IEEE802154_START_REQ	5798
sendmsg$IPCTNL_MSG_CT_DELETE	5799
sendmsg$IPCTNL_MSG_CT_GET	5800
sendmsg$IPCTNL_MSG_CT_GET_CTRZERO	5801
sendmsg$IPCTNL_MSG_CT_GET_DYING	5802
sendmsg$IPCTNL_MSG_CT_GET_STATS	5803
sendmsg$IPCTNL_MSG_CT_GET_STATS_CPU	5804
sendmsg$IPCTNL_MSG_CT_GET_UNCONFIRMED	5805
sendmsg$IPCTNL_MSG_CT_NEW	5806
sendmsg$IPCTNL_MSG_EXP_DELETE	5807
sendmsg$IPCTNL_MSG_EXP_GET	5808
sendmsg$IPCTNL_MSG_EXP_GET_STATS_CPU	5809
sendmsg$IPCTNL_MSG_EXP_NEW	5810
sendmsg$IPCTNL_MSG_TIMEOUT_DEFAULT_GET	5811
sendmsg$IPCTNL_MSG_TIMEOUT_DEFAULT_SET	5812
sendmsg$IPCTNL_MSG_TIMEOUT_DELETE	5813
sendmsg$IPCTNL_MSG_TIMEOUT_GET	5814
sendmsg$IPCTNL_MSG_TIMEOUT_NEW	5815
sendmsg$IPSET_CMD_ADD	5816
sendmsg$IPSET_CMD_CREATE	5817
sendmsg$IPSET_CMD_DEL	5818
sendmsg$IPSET_CMD_DESTROY	5819
sendmsg$IPSET_CMD_FLUSH	5820
sendmsg$IPSET_CMD_GET_BYINDEX	5821
sendmsg$IPSET_CMD_GET_BYNAME	5822
sendmsg$IPSET_CMD_HEADER	5823
sendmsg$IPSET_CMD_LIST	5824
sendmsg$IPSET_CMD_PROTOCOL	5825
sendmsg$IPSET_CMD_RENAME	5826
sendmsg$IPSET_CMD_SAVE	5827
sendmsg$IPSET_CMD_SWAP	5828
sendmsg$IPSET_CMD_TEST	5829
sendmsg$IPSET_CMD_TYPE	5830
sendmsg$IPVS_CMD_DEL_DAEMON	5831
sendmsg$IPVS_CMD_DEL_DEST	5832
sendmsg$IPVS_CMD_DEL_SERVICE	5833
sendmsg$IPVS_CMD_FLUSH	5834
sendmsg$IPVS_CMD_GET_CONFIG	5835
sendmsg$IPVS_CMD_GET_DAEMON	5836
sendmsg$IPVS_CMD_GET_DEST	5837
sendmsg$IPVS_CMD_GET_INFO	5838
sendmsg$IPVS_CMD_GET_SERVICE	5839
sendmsg$IPVS_CMD_NEW_DAEMON	5840
sendmsg$IPVS_CMD_NEW_DEST	5841
sendmsg$IPVS_CMD_NEW_SERVICE	5842
sendmsg$IPVS_CMD_SET_CONFIG	5843
sendmsg$IPVS_CMD_SET_DEST	5844
sendmsg$IPVS_CMD_SET_INFO	5845
sendmsg$IPVS_CMD_SET_SERVICE	5846
sendmsg$IPVS_CMD_ZERO	5847
sendmsg$L2TP_CMD_NOOP	5848
sendmsg$L2TP_CMD_SESSION_CREATE	5849
sendmsg$L2TP_CMD_SESSION_DELETE	5850
sendmsg$L2TP_CMD_SESSION_GET	5851
sendmsg$L2TP_CMD_SESSION_MODIFY	5852
sendmsg$L2TP_CMD_TUNNEL_CREATE	5853
sendmsg$L2TP_CMD_TUNNEL_DELETE	5854
sendmsg$L2TP_CMD_TUNNEL_GET	5855
sendmsg$L2TP_CMD_TUNNEL_MODIFY	5856
sendmsg$MPTCP_PM_CMD_ADD_ADDR	5857
sendmsg$MPTCP_PM_CMD_ANNOUNCE	5858
sendmsg$MPTCP_PM_CMD_DEL_ADDR	5859
sendmsg$MPTCP_PM_CMD_FLUSH_ADDRS	5860
sendmsg$MPTCP_PM_CMD_GET_ADDR	5861
sendmsg$MPTCP_PM_CMD_GET_LIMITS	5862
sendmsg$MPTCP_PM_CMD_REMOVE	5863
sendmsg$MPTCP_PM_CMD_SET_FLAGS	5864
sendmsg$MPTCP_PM_CMD_SET_LIMITS	5865
sendmsg$MPTCP_PM_CMD_SUBFLOW_CREATE	5866
sendmsg$MPTCP_PM_CMD_SUBFLOW_DESTROY	5867
sendmsg$NBD_CMD_CONNECT	5868
sendmsg$NBD_CMD_DISCONNECT	5869
sendmsg$NBD_CMD_RECONFIGURE	5870
sendmsg$NBD_CMD_STATUS	5871
sendmsg$NET_DM_CMD_START	5872
sendmsg$NET_DM_CMD_STOP	5873
sendmsg$NFC_CMD_ACTIVATE_TARGET	5874
sendmsg$NFC_CMD_DEACTIVATE_TARGET	5875
sendmsg$NFC_CMD_DEP_LINK_DOWN	5876
sendmsg$NFC_CMD_DEP_LINK_UP	5877
sendmsg$NFC_CMD_DEV_DOWN	5878
sendmsg$NFC_CMD_DEV_UP	5879
sendmsg$NFC_CMD_DISABLE_SE	5880
sendmsg$NFC_CMD_ENABLE_SE	5881
sendmsg$NFC_CMD_FW_DOWNLOAD	5882
sendmsg$NFC_CMD_GET_DEVICE	5883
sendmsg$NFC_CMD_GET_SE	5884
sendmsg$NFC_CMD_GET_TARGET	5885
sendmsg$NFC_CMD_LLC_GET_PARAMS	5886
sendmsg$NFC_CMD_LLC_SDREQ	5887
sendmsg$NFC_CMD_LLC_SET_PARAMS	5888
sendmsg$NFC_CMD_SE_IO	5889
sendmsg$NFC_CMD_START_POLL	5890
sendmsg$NFC_CMD_VENDOR	5891
sendmsg$NFNL_MSG_ACCT_DEL	5892
sendmsg$NFNL_MSG_ACCT_GET	5893
sendmsg$NFNL_MSG_ACCT_GET_CTRZERO	5894
sendmsg$NFNL_MSG_ACCT_NEW	5895
sendmsg$NFNL_MSG_COMPAT_GET	5896
sendmsg$NFNL_MSG_CTHELPER_DEL	5897
sendmsg$NFNL_MSG_CTHELPER_GET	5898
sendmsg$NFNL_MSG_CTHELPER_NEW	5899
sendmsg$NFQNL_MSG_CONFIG	5900
sendmsg$NFQNL_MSG_VERDICT	5901
sendmsg$NFQNL_MSG_VERDICT_BATCH	5902
sendmsg$NFT_BATCH	5903
sendmsg$NFT_MSG_GETCHAIN	5904
sendmsg$NFT_MSG_GETFLOWTABLE	5905
sendmsg$NFT_MSG_GETGEN	5906
sendmsg$NFT_MSG_GETOBJ	5907
sendmsg$NFT_MSG_GETOBJ_RESET	5908
sendmsg$NFT_MSG_GETRULE	5909
sendmsg$NFT_MSG_GETSET	5910
sendmsg$NFT_MSG_GETSETELEM	5911
sendmsg$NFT_MSG_GETTABLE	5912
sendmsg$NFULNL_MSG_CONFIG	5913
sendmsg$NL80211_CMD_ABORT_SCAN	5914
sendmsg$NL80211_CMD_ADD_NAN_FUNCTION	5915
sendmsg$NL80211_CMD_ADD_TX_TS	5916
sendmsg$NL80211_CMD_ASSOCIATE	5917
sendmsg$NL80211_CMD_AUTHENTICATE	5918
sendmsg$NL80211_CMD_CANCEL_REMAIN_ON_CHANNEL	5919
sendmsg$NL80211_CMD_CHANGE_NAN_CONFIG	5920
sendmsg$NL80211_CMD_CHANNEL_SWITCH	5921
sendmsg$NL80211_CMD_CONNECT	5922
sendmsg$NL80211_CMD_CONTROL_PORT_FRAME	5923
sendmsg$NL80211_CMD_CRIT_PROTOCOL_START	5924
sendmsg$NL80211_CMD_CRIT_PROTOCOL_STOP	5925
sendmsg$NL80211_CMD_DEAUTHENTICATE	5926
sendmsg$NL80211_CMD_DEL_INTERFACE	5927
sendmsg$NL80211_CMD_DEL_KEY	5928
sendmsg$NL80211_CMD_DEL_MPATH	5929
sendmsg$NL80211_CMD_DEL_NAN_FUNCTION	5930
sendmsg$NL80211_CMD_DEL_PMK	5931
sendmsg$NL80211_CMD_DEL_PMKSA	5932
sendmsg$NL80211_CMD_DEL_STATION	5933
sendmsg$NL80211_CMD_DEL_TX_TS	5934
sendmsg$NL80211_CMD_DISASSOCIATE	5935
sendmsg$NL80211_CMD_DISCONNECT	5936
sendmsg$NL80211_CMD_EXTERNAL_AUTH	5937
sendmsg$NL80211_CMD_FLUSH_PMKSA	5938
sendmsg$NL80211_CMD_FRAME	5939
sendmsg$NL80211_CMD_FRAME_WAIT_CANCEL	5940
sendmsg$NL80211_CMD_GET_COALESCE	5941
sendmsg$NL80211_CMD_GET_FTM_RESPONDER_STATS	5942
sendmsg$NL80211_CMD_GET_INTERFACE	5943
sendmsg$NL80211_CMD_GET_KEY	5944
sendmsg$NL80211_CMD_GET_MESH_CONFIG	5945
sendmsg$NL80211_CMD_GET_MPATH	5946
sendmsg$NL80211_CMD_GET_MPP	5947
sendmsg$NL80211_CMD_GET_POWER_SAVE	5948
sendmsg$NL80211_CMD_GET_PROTOCOL_FEATURES	5949
sendmsg$NL80211_CMD_GET_REG	5950
sendmsg$NL80211_CMD_GET_SCAN	5951
sendmsg$NL80211_CMD_GET_STATION	5952
sendmsg$NL80211_CMD_GET_SURVEY	5953
sendmsg$NL80211_CMD_GET_WIPHY	5954
sendmsg$NL80211_CMD_GET_WOWLAN	5955
sendmsg$NL80211_CMD_JOIN_IBSS	5956
sendmsg$NL80211_CMD_JOIN_MESH	5957
sendmsg$NL80211_CMD_JOIN_OCB	5958
sendmsg$NL80211_CMD_LEAVE_IBSS	5959
sendmsg$NL80211_CMD_LEAVE_MESH	5960
sendmsg$NL80211_CMD_LEAVE_OCB	5961
sendmsg$NL80211_CMD_NEW_INTERFACE	5962
sendmsg$NL80211_CMD_NEW_KEY	5963
sendmsg$NL80211_CMD_NEW_MPATH	5964
sendmsg$NL80211_CMD_NEW_STATION	5965
sendmsg$NL80211_CMD_NOTIFY_RADAR	5966
sendmsg$NL80211_CMD_PEER_MEASUREMENT_START	5967
sendmsg$NL80211_CMD_PROBE_CLIENT	5968
sendmsg$NL80211_CMD_PROBE_MESH_LINK	5969
sendmsg$NL80211_CMD_RADAR_DETECT	5970
sendmsg$NL80211_CMD_REGISTER_BEACONS	5971
sendmsg$NL80211_CMD_REGISTER_FRAME	5972
sendmsg$NL80211_CMD_RELOAD_REGDB	5973
sendmsg$NL80211_CMD_REMAIN_ON_CHANNEL	5974
sendmsg$NL80211_CMD_REQ_SET_REG	5975
sendmsg$NL80211_CMD_SET_BEACON	5976
sendmsg$NL80211_CMD_SET_BSS	5977
sendmsg$NL80211_CMD_SET_CHANNEL	5978
sendmsg$NL80211_CMD_SET_COALESCE	5979
sendmsg$NL80211_CMD_SET_CQM	5980
sendmsg$NL80211_CMD_SET_INTERFACE	5981
sendmsg$NL80211_CMD_SET_KEY	5982
sendmsg$NL80211_CMD_SET_MAC_ACL	5983
sendmsg$NL80211_CMD_SET_MCAST_RATE	5984
sendmsg$NL80211_CMD_SET_MESH_CONFIG	5985
sendmsg$NL80211_CMD_SET_MPATH	5986
sendmsg$NL80211_CMD_SET_MULTICAST_TO_UNICAST	5987
sendmsg$NL80211_CMD_SET_NOACK_MAP	5988
sendmsg$NL80211_CMD_SET_PMK	5989
sendmsg$NL80211_CMD_SET_PMKSA	5990
sendmsg$NL80211_CMD_SET_POWER_SAVE	5991
sendmsg$NL80211_CMD_SET_QOS_MAP	5992
sendmsg$NL80211_CMD_SET_REG	5993
sendmsg$NL80211_CMD_SET_REKEY_OFFLOAD	5994
sendmsg$NL80211_CMD_SET_STATION	5995
sendmsg$NL80211_CMD_SET_TID_CONFIG	5996
sendmsg$NL80211_CMD_SET_TX_BITRATE_MASK	5997
sendmsg$NL80211_CMD_SET_WDS_PEER	5998
sendmsg$NL80211_CMD_SET_WIPHY	5999
sendmsg$NL80211_CMD_SET_WIPHY_NETNS	6000
sendmsg$NL80211_CMD_SET_WOWLAN	6001
sendmsg$NL80211_CMD_START_AP	6002
sendmsg$NL80211_CMD_START_NAN	6003
sendmsg$NL80211_CMD_START_P2P_DEVICE	6004
sendmsg$NL80211_CMD_START_SCHED_SCAN	6005
sendmsg$NL80211_CMD_STOP_AP	6006
sendmsg$NL80211_CMD_STOP_NAN	6007
sendmsg$NL80211_CMD_STOP_P2P_DEVICE	6008
sendmsg$NL80211_CMD_STOP_SCHED_SCAN	6009
sendmsg$NL80211_CMD_TDLS_CANCEL_CHANNEL_SWITCH	6010
sendmsg$NL80211_CMD_TDLS_CHANNEL_SWITCH	6011
sendmsg$NL80211_CMD_TDLS_MGMT	6012
sendmsg$NL80211_CMD_TDLS_OPER	6013
sendmsg$NL80211_CMD_TESTMODE	6014
sendmsg$NL80211_CMD_TRIGGER_SCAN	6015
sendmsg$NL80211_CMD_UNEXPECTED_FRAME	6016
sendmsg$NL80211_CMD_UPDATE_CONNECT_PARAMS	6017
sendmsg$NL80211_CMD_UPDATE_FT_IES	6018
sendmsg$NL80211_CMD_UPDATE_OWE_INFO	6019
sendmsg$NL80211_CMD_VENDOR	6020
sendmsg$NL802154_CMD_DEL_SEC_DEV	6021
sendmsg$NL802154_CMD_DEL_SEC_DEVKEY	6022
sendmsg$NL802154_CMD_DEL_SEC_KEY	6023
sendmsg$NL802154_CMD_DEL_SEC_LEVEL	6024
sendmsg$NL802154_CMD_GET_INTERFACE	6025
sendmsg$NL802154_CMD_GET_SEC_DEV	6026
sendmsg$NL802154_CMD_GET_SEC_DEVKEY	6027
sendmsg$NL802154_CMD_GET_SEC_KEY	6028
sendmsg$NL802154_CMD_GET_SEC_LEVEL	6029
sendmsg$NL802154_CMD_GET_WPAN_PHY	6030
sendmsg$NL802154_CMD_NEW_INTERFACE	6031
sendmsg$NL802154_CMD_NEW_SEC_DEV	6032
sendmsg$NL802154_CMD_NEW_SEC_DEVKEY	6033
sendmsg$NL802154_CMD_NEW_SEC_KEY	6034
sendmsg$NL802154_CMD_NEW_SEC_LEVEL	6035
sendmsg$NL802154_CMD_SET_ACKREQ_DEFAULT	6036
sendmsg$NL802154_CMD_SET_BACKOFF_EXPONENT	6037
sendmsg$NL802154_CMD_SET_CCA_ED_LEVEL	6038
sendmsg$NL802154_CMD_SET_CCA_MODE	6039
sendmsg$NL802154_CMD_SET_CHANNEL	6040
sendmsg$NL802154_CMD_SET_LBT_MODE	6041
sendmsg$NL802154_CMD_SET_MAX_CSMA_BACKOFFS	6042
sendmsg$NL802154_CMD_SET_MAX_FRAME_RETRIES	6043
sendmsg$NL802154_CMD_SET_PAN_ID	6044
sendmsg$NL802154_CMD_SET_SEC_PARAMS	6045
sendmsg$NL802154_CMD_SET_SHORT_ADDR	6046
sendmsg$NL802154_CMD_SET_TX_POWER	6047
sendmsg$NL802154_CMD_SET_WPAN_PHY_NETNS	6048
sendmsg$NLBL_CALIPSO_C_ADD	6049
sendmsg$NLBL_CALIPSO_C_LIST	6050
sendmsg$NLBL_CALIPSO_C_LISTALL	6051
sendmsg$NLBL_CALIPSO_C_REMOVE	6052
sendmsg$NLBL_CIPSOV4_C_ADD	6053
sendmsg$NLBL_CIPSOV4_C_LIST	6054
sendmsg$NLBL_CIPSOV4_C_LISTALL	6055
sendmsg$NLBL_CIPSOV4_C_REMOVE	6056
sendmsg$NLBL_MGMT_C_ADD	6057
sendmsg$NLBL_MGMT_C_ADDDEF	6058
sendmsg$NLBL_MGMT_C_LISTALL	6059
sendmsg$NLBL_MGMT_C_LISTDEF	6060
sendmsg$NLBL_MGMT_C_PROTOCOLS	6061
sendmsg$NLBL_MGMT_C_REMOVE	6062
sendmsg$NLBL_MGMT_C_REMOVEDEF	6063
sendmsg$NLBL_MGMT_C_VERSION	6064
sendmsg$NLBL_UNLABEL_C_ACCEPT	6065
sendmsg$NLBL_UNLABEL_C_LIST	6066
sendmsg$NLBL_UNLABEL_C_STATICADD	6067
sendmsg$NLBL_UNLABEL_C_STATICADDDEF	6068
sendmsg$NLBL_UNLABEL_C_STATICLIST	6069
sendmsg$NLBL_UNLABEL_C_STATICLISTDEF	6070
sendmsg$NLBL_UNLABEL_C_STATICREMOVE	6071
sendmsg$NLBL_UNLABEL_C_STATICREMOVEDEF	6072
sendmsg$OSF_MSG_ADD	6073
sendmsg$OSF_MSG_REMOVE	6074
sendmsg$RDMA_NLDEV_CMD_DELLINK	6075
sendmsg$RDMA_NLDEV_CMD_GET	6076
sendmsg$RDMA_NLDEV_CMD_GET_CHARDEV	6077
sendmsg$RDMA_NLDEV_CMD_NEWLINK	6078
sendmsg$RDMA_NLDEV_CMD_PORT_GET	6079
sendmsg$RDMA_NLDEV_CMD_RES_CM_ID_GET	6080
sendmsg$RDMA_NLDEV_CMD_RES_CQ_GET	6081
sendmsg$RDMA_NLDEV_CMD_RES_GET	6082
sendmsg$RDMA_NLDEV_CMD_RES_MR_GET	6083
sendmsg$RDMA_NLDEV_CMD_RES_PD_GET	6084
sendmsg$RDMA_NLDEV_CMD_RES_QP_GET	6085
sendmsg$RDMA_NLDEV_CMD_SET	6086
sendmsg$RDMA_NLDEV_CMD_STAT_DEL	6087
sendmsg$RDMA_NLDEV_CMD_STAT_GET	6088
sendmsg$RDMA_NLDEV_CMD_STAT_SET	6089
sendmsg$RDMA_NLDEV_CMD_SYS_GET	6090
sendmsg$RDMA_NLDEV_CMD_SYS_SET	6091
sendmsg$SEG6_CMD_DUMPHMAC	6092
sendmsg$SEG6_CMD_GET_TUNSRC	6093
sendmsg$SEG6_CMD_SETHMAC	6094
sendmsg$SEG6_CMD_SET_TUNSRC	6095
sendmsg$SMC_PNETID_ADD	6096
sendmsg$SMC_PNETID_DEL	6097
sendmsg$SMC_PNETID_FLUSH	6098
sendmsg$SMC_PNETID_GET	6099
sendmsg$SOCK_DESTROY	6100
sendmsg$SOCK_DIAG_BY_FAMILY	6101
sendmsg$TCPDIAG_GETSOCK	6102
sendmsg$TEAM_CMD_NOOP	6103
sendmsg$TEAM_CMD_OPTIONS_GET	6104
sendmsg$TEAM_CMD_OPTIONS_SET	6105
sendmsg$TEAM_CMD_PORT_LIST_GET	6106
sendmsg$TIPC_CMD_DISABLE_BEARER	6107
sendmsg$TIPC_CMD_ENABLE_BEARER	6108
sendmsg$TIPC_CMD_GET_BEARER_NAMES	6109
sendmsg$TIPC_CMD_GET_LINKS	6110
sendmsg$TIPC_CMD_GET_MAX_PORTS	6111
sendmsg$TIPC_CMD_GET_MEDIA_NAMES	6112
sendmsg$TIPC_CMD_GET_NETID	6113
sendmsg$TIPC_CMD_GET_NODES	6114
sendmsg$TIPC_CMD_GET_REMOTE_MNG	6115
sendmsg$TIPC_CMD_RESET_LINK_STATS	6116
sendmsg$TIPC_CMD_SET_LINK_PRI	6117
sendmsg$TIPC_CMD_SET_LINK_TOL	6118
sendmsg$TIPC_CMD_SET_LINK_WINDOW	6119
sendmsg$TIPC_CMD_SET_NETID	6120
sendmsg$TIPC_CMD_SET_NODE_ADDR	6121
sendmsg$TIPC_CMD_SHOW_LINK_STATS	6122
sendmsg$TIPC_CMD_SHOW_NAME_TABLE	6123
sendmsg$TIPC_CMD_SHOW_PORTS	6124
sendmsg$TIPC_CMD_SHOW_STATS	6125
sendmsg$TIPC_NL_BEARER_ADD	6126
sendmsg$TIPC_NL_BEARER_DISABLE	6127
sendmsg$TIPC_NL_BEARER_ENABLE	6128
sendmsg$TIPC_NL_BEARER_GET	6129
sendmsg$TIPC_NL_BEARER_SET	6130
sendmsg$TIPC_NL_KEY_FLUSH	6131
sendmsg$TIPC_NL_KEY_SET	6132
sendmsg$TIPC_NL_LINK_GET	6133
sendmsg$TIPC_NL_LINK_RESET_STATS	6134
sendmsg$TIPC_NL_LINK_SET	6135
sendmsg$TIPC_NL_MEDIA_GET	6136
sendmsg$TIPC_NL_MEDIA_SET	6137
sendmsg$TIPC_NL_MON_GET	6138
sendmsg$TIPC_NL_MON_PEER_GET	6139
sendmsg$TIPC_NL_MON_SET	6140
sendmsg$TIPC_NL_NAME_TABLE_GET	6141
sendmsg$TIPC_NL_NET_GET	6142
sendmsg$TIPC_NL_NET_SET	6143
sendmsg$TIPC_NL_NODE_GET	6144
sendmsg$TIPC_NL_PEER_REMOVE	6145
sendmsg$TIPC_NL_PUBL_GET	6146
sendmsg$TIPC_NL_SOCK_GET	6147
sendmsg$TIPC_NL_UDP_GET_REMOTEIP	6148
sendmsg$WG_CMD_GET_DEVICE	6149
sendmsg$WG_CMD_SET_DEVICE	6150
sendmsg$alg	6151
sendmsg$auto	6152
sendmsg$auto_BATADV_CMD_GET_BLA_BACKBONE	6153
sendmsg$auto_BATADV_CMD_GET_BLA_CLAIM	6154
sendmsg$auto_BATADV_CMD_GET_DAT_CACHE	6155
sendmsg$auto_BATADV_CMD_GET_GATEWAYS	6156
sendmsg$auto_BATADV_CMD_GET_HARDIF	6157
sendmsg$auto_BATADV_CMD_GET_MCAST_FLAGS	6158
sendmsg$auto_BATADV_CMD_GET_MESH	6159
sendmsg$auto_BATADV_CMD_GET_NEIGHBORS	6160
sendmsg$auto_BATADV_CMD_GET_ORIGINATORS	6161
sendmsg$auto_BATADV_CMD_GET_ROUTING_ALGOS	6162
sendmsg$auto_BATADV_CMD_GET_TRANSTABLE_GLOBAL	6163
sendmsg$auto_BATADV_CMD_GET_TRANSTABLE_LOCAL	6164
sendmsg$auto_BATADV_CMD_GET_VLAN	6165
sendmsg$auto_BATADV_CMD_SET_HARDIF	6166
sendmsg$auto_BATADV_CMD_SET_MESH	6167
sendmsg$auto_BATADV_CMD_SET_VLAN	6168
sendmsg$auto_BATADV_CMD_TP_METER	6169
sendmsg$auto_BATADV_CMD_TP_METER_CANCEL	6170
sendmsg$auto_CGROUPSTATS_CMD_GET	6171
sendmsg$auto_CIFS_GENL_CMD_SWN_NOTIFY	6172
sendmsg$auto_CTRL_CMD_GETFAMILY	6173
sendmsg$auto_CTRL_CMD_GETFAMILY2	6174
sendmsg$auto_CTRL_CMD_GETPOLICY	6175
sendmsg$auto_ETHTOOL_MSG_CABLE_TEST_ACT	6176
sendmsg$auto_ETHTOOL_MSG_CABLE_TEST_TDR_ACT	6177
sendmsg$auto_ETHTOOL_MSG_CHANNELS_GET	6178
sendmsg$auto_ETHTOOL_MSG_CHANNELS_SET	6179
sendmsg$auto_ETHTOOL_MSG_COALESCE_GET	6180
sendmsg$auto_ETHTOOL_MSG_COALESCE_SET	6181
sendmsg$auto_ETHTOOL_MSG_DEBUG_GET	6182
sendmsg$auto_ETHTOOL_MSG_DEBUG_SET	6183
sendmsg$auto_ETHTOOL_MSG_EEE_GET	6184
sendmsg$auto_ETHTOOL_MSG_EEE_SET	6185
sendmsg$auto_ETHTOOL_MSG_FEATURES_GET	6186
sendmsg$auto_ETHTOOL_MSG_FEATURES_SET	6187
sendmsg$auto_ETHTOOL_MSG_FEC_GET	6188
sendmsg$auto_ETHTOOL_MSG_FEC_SET	6189
sendmsg$auto_ETHTOOL_MSG_LINKINFO_GET	6190
sendmsg$auto_ETHTOOL_MSG_LINKINFO_SET	6191
sendmsg$auto_ETHTOOL_MSG_LINKMODES_GET	6192
sendmsg$auto_ETHTOOL_MSG_LINKMODES_SET	6193
sendmsg$auto_ETHTOOL_MSG_LINKSTATE_GET	6194
sendmsg$auto_ETHTOOL_MSG_MM_GET	6195
sendmsg$auto_ETHTOOL_MSG_MM_SET	6196
sendmsg$auto_ETHTOOL_MSG_MODULE_EEPROM_GET	6197
sendmsg$auto_ETHTOOL_MSG_MODULE_FW_FLASH_ACT	6198
sendmsg$auto_ETHTOOL_MSG_MODULE_GET	6199
sendmsg$auto_ETHTOOL_MSG_MODULE_SET	6200
sendmsg$auto_ETHTOOL_MSG_PAUSE_GET	6201
sendmsg$auto_ETHTOOL_MSG_PAUSE_SET	6202
sendmsg$auto_ETHTOOL_MSG_PHC_VCLOCKS_GET	6203
sendmsg$auto_ETHTOOL_MSG_PHY_GET	6204
sendmsg$auto_ETHTOOL_MSG_PLCA_GET_CFG	6205
sendmsg$auto_ETHTOOL_MSG_PLCA_GET_STATUS	6206
sendmsg$auto_ETHTOOL_MSG_PLCA_SET_CFG	6207
sendmsg$auto_ETHTOOL_MSG_PRIVFLAGS_GET	6208
sendmsg$auto_ETHTOOL_MSG_PRIVFLAGS_SET	6209
sendmsg$auto_ETHTOOL_MSG_PSE_GET	6210
sendmsg$auto_ETHTOOL_MSG_PSE_SET	6211
sendmsg$auto_ETHTOOL_MSG_RINGS_GET	6212
sendmsg$auto_ETHTOOL_MSG_RINGS_SET	6213
sendmsg$auto_ETHTOOL_MSG_RSS_GET	6214
sendmsg$auto_ETHTOOL_MSG_STATS_GET	6215
sendmsg$auto_ETHTOOL_MSG_STRSET_GET	6216
sendmsg$auto_ETHTOOL_MSG_TSCONFIG_GET	6217
sendmsg$auto_ETHTOOL_MSG_TSCONFIG_SET	6218
sendmsg$auto_ETHTOOL_MSG_TSINFO_GET	6219
sendmsg$auto_ETHTOOL_MSG_TUNNEL_INFO_GET	6220
sendmsg$auto_ETHTOOL_MSG_WOL_GET	6221
sendmsg$auto_ETHTOOL_MSG_WOL_SET	6222
sendmsg$auto_GTP_CMD_DELPDP	6223
sendmsg$auto_GTP_CMD_ECHOREQ	6224
sendmsg$auto_GTP_CMD_GETPDP	6225
sendmsg$auto_GTP_CMD_NEWPDP	6226
sendmsg$auto_HANDSHAKE_CMD_ACCEPT	6227
sendmsg$auto_HANDSHAKE_CMD_DONE	6228
sendmsg$auto_HSR_C_GET_NODE_LIST	6229
sendmsg$auto_HSR_C_GET_NODE_STATUS	6230
sendmsg$auto_HWSIM_CMD_DEL_RADIO	6231
sendmsg$auto_HWSIM_CMD_FRAME	6232
sendmsg$auto_HWSIM_CMD_GET_RADIO	6233
sendmsg$auto_HWSIM_CMD_NEW_RADIO	6234
sendmsg$auto_HWSIM_CMD_REGISTER	6235
sendmsg$auto_HWSIM_CMD_REPORT_PMSR	6236
sendmsg$auto_HWSIM_CMD_TX_INFO_FRAME	6237
sendmsg$auto_IEEE802154_ADD_IFACE	6238
sendmsg$auto_IEEE802154_ASSOCIATE_REQ	6239
sendmsg$auto_IEEE802154_ASSOCIATE_RESP	6240
sendmsg$auto_IEEE802154_DEL_IFACE	6241
sendmsg$auto_IEEE802154_DISASSOCIATE_REQ	6242
sendmsg$auto_IEEE802154_LIST_IFACE	6243
sendmsg$auto_IEEE802154_LIST_PHY	6244
sendmsg$auto_IEEE802154_LLSEC_ADD_DEV	6245
sendmsg$auto_IEEE802154_LLSEC_ADD_DEVKEY	6246
sendmsg$auto_IEEE802154_LLSEC_ADD_KEY	6247
sendmsg$auto_IEEE802154_LLSEC_ADD_SECLEVEL	6248
sendmsg$auto_IEEE802154_LLSEC_DEL_DEV	6249
sendmsg$auto_IEEE802154_LLSEC_DEL_DEVKEY	6250
sendmsg$auto_IEEE802154_LLSEC_DEL_KEY	6251
sendmsg$auto_IEEE802154_LLSEC_DEL_SECLEVEL	6252
sendmsg$auto_IEEE802154_LLSEC_GETPARAMS	6253
sendmsg$auto_IEEE802154_LLSEC_LIST_DEV	6254
sendmsg$auto_IEEE802154_LLSEC_LIST_DEVKEY	6255
sendmsg$auto_IEEE802154_LLSEC_LIST_KEY	6256
sendmsg$auto_IEEE802154_LLSEC_LIST_SECLEVEL	6257
sendmsg$auto_IEEE802154_LLSEC_SETPARAMS	6258
sendmsg$auto_IEEE802154_SCAN_REQ	6259
sendmsg$auto_IEEE802154_SET_MACPARAMS	6260
sendmsg$auto_IEEE802154_START_REQ	6261
sendmsg$auto_ILA_CMD_ADD	6262
sendmsg$auto_ILA_CMD_DEL	6263
sendmsg$auto_ILA_CMD_FLUSH	6264
sendmsg$auto_ILA_CMD_GET	6265
sendmsg$auto_IOAM6_CMD_ADD_NAMESPACE	6266
sendmsg$auto_IOAM6_CMD_ADD_SCHEMA	6267
sendmsg$auto_IOAM6_CMD_DEL_NAMESPACE	6268
sendmsg$auto_IOAM6_CMD_DEL_SCHEMA	6269
sendmsg$auto_IOAM6_CMD_DUMP_NAMESPACES	6270
sendmsg$auto_IOAM6_CMD_DUMP_SCHEMAS	6271
sendmsg$auto_IOAM6_CMD_NS_SET_SCHEMA	6272
sendmsg$auto_IPVS_CMD_DEL_DAEMON	6273
sendmsg$auto_IPVS_CMD_DEL_DEST	6274
sendmsg$auto_IPVS_CMD_DEL_SERVICE	6275
sendmsg$auto_IPVS_CMD_FLUSH	6276
sendmsg$auto_IPVS_CMD_GET_CONFIG	6277
sendmsg$auto_IPVS_CMD_GET_DAEMON	6278
sendmsg$auto_IPVS_CMD_GET_DEST	6279
sendmsg$auto_IPVS_CMD_GET_INFO	6280
sendmsg$auto_IPVS_CMD_GET_SERVICE	6281
sendmsg$auto_IPVS_CMD_NEW_DAEMON	6282
sendmsg$auto_IPVS_CMD_NEW_DEST	6283
sendmsg$auto_IPVS_CMD_NEW_SERVICE	6284
sendmsg$auto_IPVS_CMD_SET_CONFIG	6285
sendmsg$auto_IPVS_CMD_SET_DEST	6286
sendmsg$auto_IPVS_CMD_SET_SERVICE	6287
sendmsg$auto_IPVS_CMD_ZERO	6288
sendmsg$auto_KSMBD_EVENT_HEARTBEAT_REQUEST	6289
sendmsg$auto_KSMBD_EVENT_LOGIN_REQUEST	6290
sendmsg$auto_KSMBD_EVENT_LOGIN_REQUEST_EXT	6291
sendmsg$auto_KSMBD_EVENT_LOGIN_RESPONSE	6292
sendmsg$auto_KSMBD_EVENT_LOGIN_RESPONSE_EXT	6293
sendmsg$auto_KSMBD_EVENT_LOGOUT_REQUEST	6294
sendmsg$auto_KSMBD_EVENT_RPC_REQUEST	6295
sendmsg$auto_KSMBD_EVENT_RPC_RESPONSE	6296
sendmsg$auto_KSMBD_EVENT_SHARE_CONFIG_REQUEST	6297
sendmsg$auto_KSMBD_EVENT_SHARE_CONFIG_RESPONSE	6298
sendmsg$auto_KSMBD_EVENT_SHUTTING_DOWN	6299
sendmsg$auto_KSMBD_EVENT_SPNEGO_AUTHEN_REQUEST	6300
sendmsg$auto_KSMBD_EVENT_SPNEGO_AUTHEN_RESPONSE	6301
sendmsg$auto_KSMBD_EVENT_STARTING_UP	6302
sendmsg$auto_KSMBD_EVENT_TREE_CONNECT_REQUEST	6303
sendmsg$auto_KSMBD_EVENT_TREE_CONNECT_RESPONSE	6304
sendmsg$auto_KSMBD_EVENT_TREE_DISCONNECT_REQUEST	6305
sendmsg$auto_KSMBD_EVENT_UNSPEC	6306
sendmsg$auto_L2TP_CMD_NOOP	6307
sendmsg$auto_L2TP_CMD_SESSION_CREATE	6308
sendmsg$auto_L2TP_CMD_SESSION_DELETE	6309
sendmsg$auto_L2TP_CMD_SESSION_GET	6310
sendmsg$auto_L2TP_CMD_SESSION_MODIFY	6311
sendmsg$auto_L2TP_CMD_TUNNEL_CREATE	6312
sendmsg$auto_L2TP_CMD_TUNNEL_DELETE	6313
sendmsg$auto_L2TP_CMD_TUNNEL_GET	6314
sendmsg$auto_L2TP_CMD_TUNNEL_MODIFY	6315
sendmsg$auto_MAC802154_HWSIM_CMD_DEL_EDGE	6316
sendmsg$auto_MAC802154_HWSIM_CMD_DEL_RADIO	6317
sendmsg$auto_MAC802154_HWSIM_CMD_GET_RADIO	6318
sendmsg$auto_MAC802154_HWSIM_CMD_NEW_EDGE	6319
sendmsg$auto_MAC802154_HWSIM_CMD_NEW_RADIO	6320
sendmsg$auto_MAC802154_HWSIM_CMD_SET_EDGE	6321
sendmsg$auto_MACSEC_CMD_ADD_RXSA	6322
sendmsg$auto_MACSEC_CMD_ADD_RXSC	6323
sendmsg$auto_MACSEC_CMD_ADD_TXSA	6324
sendmsg$auto_MACSEC_CMD_DEL_RXSA	6325
sendmsg$auto_MACSEC_CMD_DEL_RXSC	6326
sendmsg$auto_MACSEC_CMD_DEL_TXSA	6327
sendmsg$auto_MACSEC_CMD_GET_TXSC	6328
sendmsg$auto_MACSEC_CMD_UPD_OFFLOAD	6329
sendmsg$auto_MACSEC_CMD_UPD_RXSA	6330
sendmsg$auto_MACSEC_CMD_UPD_RXSC	6331
sendmsg$auto_MACSEC_CMD_UPD_TXSA	6332
sendmsg$auto_NBD_CMD_CONNECT	6333
sendmsg$auto_NBD_CMD_DISCONNECT	6334
sendmsg$auto_NBD_CMD_RECONFIGURE	6335
sendmsg$auto_NBD_CMD_STATUS	6336
sendmsg$auto_NCSI_CMD_CLEAR_INTERFACE	6337
sendmsg$auto_NCSI_CMD_PKG_INFO	6338
sendmsg$auto_NCSI_CMD_SEND_CMD	6339
sendmsg$auto_NCSI_CMD_SET_CHANNEL_MASK	6340
sendmsg$auto_NCSI_CMD_SET_INTERFACE	6341
sendmsg$auto_NCSI_CMD_SET_PACKAGE_MASK	6342
sendmsg$auto_NETDEV_CMD_BIND_RX	6343
sendmsg$auto_NETDEV_CMD_DEV_GET	6344
sendmsg$auto_NETDEV_CMD_DEV_GET2	6345
sendmsg$auto_NETDEV_CMD_NAPI_GET	6346
sendmsg$auto_NETDEV_CMD_NAPI_GET2	6347
sendmsg$auto_NETDEV_CMD_NAPI_SET	6348
sendmsg$auto_NETDEV_CMD_PAGE_POOL_GET	6349
sendmsg$auto_NETDEV_CMD_PAGE_POOL_GET2	6350
sendmsg$auto_NETDEV_CMD_QSTATS_GET	6351
sendmsg$auto_NETDEV_CMD_QUEUE_GET	6352
sendmsg$auto_NETDEV_CMD_QUEUE_GET2	6353
sendmsg$auto_NET_DM_CMD_CONFIG	6354
sendmsg$auto_NET_DM_CMD_CONFIG_GET	6355
sendmsg$auto_NET_DM_CMD_START	6356
sendmsg$auto_NET_DM_CMD_STATS_GET	6357
sendmsg$auto_NET_DM_CMD_STOP	6358
sendmsg$auto_NET_SHAPER_CMD_CAP_GET	6359
sendmsg$auto_NET_SHAPER_CMD_CAP_GET2	6360
sendmsg$auto_NET_SHAPER_CMD_DELETE	6361
sendmsg$auto_NET_SHAPER_CMD_GET	6362
sendmsg$auto_NET_SHAPER_CMD_GET2	6363
sendmsg$auto_NET_SHAPER_CMD_GROUP	6364
sendmsg$auto_NET_SHAPER_CMD_SET	6365
sendmsg$auto_NFC_CMD_ACTIVATE_TARGET	6366
sendmsg$auto_NFC_CMD_DEACTIVATE_TARGET	6367
sendmsg$auto_NFC_CMD_DEP_LINK_DOWN	6368
sendmsg$auto_NFC_CMD_DEP_LINK_UP	6369
sendmsg$auto_NFC_CMD_DEV_DOWN	6370
sendmsg$auto_NFC_CMD_DEV_UP	6371
sendmsg$auto_NFC_CMD_DISABLE_SE	6372
sendmsg$auto_NFC_CMD_ENABLE_SE	6373
sendmsg$auto_NFC_CMD_FW_DOWNLOAD	6374
sendmsg$auto_NFC_CMD_GET_DEVICE	6375
sendmsg$auto_NFC_CMD_GET_SE	6376
sendmsg$auto_NFC_CMD_GET_TARGET	6377
sendmsg$auto_NFC_CMD_LLC_GET_PARAMS	6378
sendmsg$auto_NFC_CMD_LLC_SDREQ	6379
sendmsg$auto_NFC_CMD_LLC_SET_PARAMS	6380
sendmsg$auto_NFC_CMD_SE_IO	6381
sendmsg$auto_NFC_CMD_START_POLL	6382
sendmsg$auto_NFC_CMD_STOP_POLL	6383
sendmsg$auto_NFC_CMD_VENDOR	6384
sendmsg$auto_NFSD_CMD_LISTENER_GET	6385
sendmsg$auto_NFSD_CMD_LISTENER_SET	6386
sendmsg$auto_NFSD_CMD_POOL_MODE_GET	6387
sendmsg$auto_NFSD_CMD_POOL_MODE_SET	6388
sendmsg$auto_NFSD_CMD_RPC_STATUS_GET	6389
sendmsg$auto_NFSD_CMD_THREADS_GET	6390
sendmsg$auto_NFSD_CMD_THREADS_SET	6391
sendmsg$auto_NFSD_CMD_VERSION_GET	6392
sendmsg$auto_NFSD_CMD_VERSION_SET	6393
sendmsg$auto_NL80211_CMD_ABORT_SCAN	6394
sendmsg$auto_NL80211_CMD_ADD_LINK	6395
sendmsg$auto_NL80211_CMD_ADD_LINK_STA	6396
sendmsg$auto_NL80211_CMD_ADD_NAN_FUNCTION	6397
sendmsg$auto_NL80211_CMD_ADD_TX_TS	6398
sendmsg$auto_NL80211_CMD_ASSOCIATE	6399
sendmsg$auto_NL80211_CMD_ASSOC_MLO_RECONF	6400
sendmsg$auto_NL80211_CMD_AUTHENTICATE	6401
sendmsg$auto_NL80211_CMD_CANCEL_REMAIN_ON_CHANNEL	6402
sendmsg$auto_NL80211_CMD_CHANGE_NAN_CONFIG	6403
sendmsg$auto_NL80211_CMD_CHANNEL_SWITCH	6404
sendmsg$auto_NL80211_CMD_COLOR_CHANGE_REQUEST	6405
sendmsg$auto_NL80211_CMD_CONNECT	6406
sendmsg$auto_NL80211_CMD_CONTROL_PORT_FRAME	6407
sendmsg$auto_NL80211_CMD_CRIT_PROTOCOL_START	6408
sendmsg$auto_NL80211_CMD_CRIT_PROTOCOL_STOP	6409
sendmsg$auto_NL80211_CMD_DEAUTHENTICATE	6410
sendmsg$auto_NL80211_CMD_DEL_INTERFACE	6411
sendmsg$auto_NL80211_CMD_DEL_KEY	6412
sendmsg$auto_NL80211_CMD_DEL_MPATH	6413
sendmsg$auto_NL80211_CMD_DEL_NAN_FUNCTION	6414
sendmsg$auto_NL80211_CMD_DEL_PMK	6415
sendmsg$auto_NL80211_CMD_DEL_PMKSA	6416
sendmsg$auto_NL80211_CMD_DEL_STATION	6417
sendmsg$auto_NL80211_CMD_DEL_TX_TS	6418
sendmsg$auto_NL80211_CMD_DISASSOCIATE	6419
sendmsg$auto_NL80211_CMD_DISCONNECT	6420
sendmsg$auto_NL80211_CMD_EPCS_CFG	6421
sendmsg$auto_NL80211_CMD_EXTERNAL_AUTH	6422
sendmsg$auto_NL80211_CMD_FLUSH_PMKSA	6423
sendmsg$auto_NL80211_CMD_FRAME	6424
sendmsg$auto_NL80211_CMD_FRAME_WAIT_CANCEL	6425
sendmsg$auto_NL80211_CMD_GET_COALESCE	6426
sendmsg$auto_NL80211_CMD_GET_FTM_RESPONDER_STATS	6427
sendmsg$auto_NL80211_CMD_GET_INTERFACE	6428
sendmsg$auto_NL80211_CMD_GET_KEY	6429
sendmsg$auto_NL80211_CMD_GET_MESH_CONFIG	6430
sendmsg$auto_NL80211_CMD_GET_MPATH	6431
sendmsg$auto_NL80211_CMD_GET_MPP	6432
sendmsg$auto_NL80211_CMD_GET_POWER_SAVE	6433
sendmsg$auto_NL80211_CMD_GET_PROTOCOL_FEATURES	6434
sendmsg$auto_NL80211_CMD_GET_REG	6435
sendmsg$auto_NL80211_CMD_GET_SCAN	6436
sendmsg$auto_NL80211_CMD_GET_STATION	6437
sendmsg$auto_NL80211_CMD_GET_SURVEY	6438
sendmsg$auto_NL80211_CMD_GET_WIPHY	6439
sendmsg$auto_NL80211_CMD_GET_WOWLAN	6440
sendmsg$auto_NL80211_CMD_JOIN_IBSS	6441
sendmsg$auto_NL80211_CMD_JOIN_MESH	6442
sendmsg$auto_NL80211_CMD_JOIN_OCB	6443
sendmsg$auto_NL80211_CMD_LEAVE_IBSS	6444
sendmsg$auto_NL80211_CMD_LEAVE_MESH	6445
sendmsg$auto_NL80211_CMD_LEAVE_OCB	6446
sendmsg$auto_NL80211_CMD_MODIFY_LINK_STA	6447
sendmsg$auto_NL80211_CMD_NEW_INTERFACE	6448
sendmsg$auto_NL80211_CMD_NEW_KEY	6449
sendmsg$auto_NL80211_CMD_NEW_MPATH	6450
sendmsg$auto_NL80211_CMD_NEW_STATION	6451
sendmsg$auto_NL80211_CMD_NOTIFY_RADAR	6452
sendmsg$auto_NL80211_CMD_PEER_MEASUREMENT_START	6453
sendmsg$auto_NL80211_CMD_PROBE_CLIENT	6454
sendmsg$auto_NL80211_CMD_PROBE_MESH_LINK	6455
sendmsg$auto_NL80211_CMD_RADAR_DETECT	6456
sendmsg$auto_NL80211_CMD_REGISTER_BEACONS	6457
sendmsg$auto_NL80211_CMD_REGISTER_FRAME	6458
sendmsg$auto_NL80211_CMD_RELOAD_REGDB	6459
sendmsg$auto_NL80211_CMD_REMAIN_ON_CHANNEL	6460
sendmsg$auto_NL80211_CMD_REMOVE_LINK	6461
sendmsg$auto_NL80211_CMD_REMOVE_LINK_STA	6462
sendmsg$auto_NL80211_CMD_REQ_SET_REG	6463
sendmsg$auto_NL80211_CMD_SET_BEACON	6464
sendmsg$auto_NL80211_CMD_SET_BSS	6465
sendmsg$auto_NL80211_CMD_SET_CHANNEL	6466
sendmsg$auto_NL80211_CMD_SET_COALESCE	6467
sendmsg$auto_NL80211_CMD_SET_CQM	6468
sendmsg$auto_NL80211_CMD_SET_FILS_AAD	6469
sendmsg$auto_NL80211_CMD_SET_HW_TIMESTAMP	6470
sendmsg$auto_NL80211_CMD_SET_INTERFACE	6471
sendmsg$auto_NL80211_CMD_SET_KEY	6472
sendmsg$auto_NL80211_CMD_SET_MAC_ACL	6473
sendmsg$auto_NL80211_CMD_SET_MCAST_RATE	6474
sendmsg$auto_NL80211_CMD_SET_MESH_CONFIG	6475
sendmsg$auto_NL80211_CMD_SET_MPATH	6476
sendmsg$auto_NL80211_CMD_SET_MULTICAST_TO_UNICAST	6477
sendmsg$auto_NL80211_CMD_SET_NOACK_MAP	6478
sendmsg$auto_NL80211_CMD_SET_PMK	6479
sendmsg$auto_NL80211_CMD_SET_PMKSA	6480
sendmsg$auto_NL80211_CMD_SET_POWER_SAVE	6481
sendmsg$auto_NL80211_CMD_SET_QOS_MAP	6482
sendmsg$auto_NL80211_CMD_SET_REG	6483
sendmsg$auto_NL80211_CMD_SET_REKEY_OFFLOAD	6484
sendmsg$auto_NL80211_CMD_SET_SAR_SPECS	6485
sendmsg$auto_NL80211_CMD_SET_STATION	6486
sendmsg$auto_NL80211_CMD_SET_TID_CONFIG	6487
sendmsg$auto_NL80211_CMD_SET_TID_TO_LINK_MAPPING	6488
sendmsg$auto_NL80211_CMD_SET_TX_BITRATE_MASK	6489
sendmsg$auto_NL80211_CMD_SET_WIPHY	6490
sendmsg$auto_NL80211_CMD_SET_WIPHY_NETNS	6491
sendmsg$auto_NL80211_CMD_SET_WOWLAN	6492
sendmsg$auto_NL80211_CMD_START_AP	6493
sendmsg$auto_NL80211_CMD_START_NAN	6494
sendmsg$auto_NL80211_CMD_START_P2P_DEVICE	6495
sendmsg$auto_NL80211_CMD_START_SCHED_SCAN	6496
sendmsg$auto_NL80211_CMD_STOP_AP	6497
sendmsg$auto_NL80211_CMD_STOP_NAN	6498
sendmsg$auto_NL80211_CMD_STOP_P2P_DEVICE	6499
sendmsg$auto_NL80211_CMD_STOP_SCHED_SCAN	6500
sendmsg$auto_NL80211_CMD_TDLS_CANCEL_CHANNEL_SWITCH	6501
sendmsg$auto_NL80211_CMD_TDLS_CHANNEL_SWITCH	6502
sendmsg$auto_NL80211_CMD_TDLS_MGMT	6503
sendmsg$auto_NL80211_CMD_TDLS_OPER	6504
sendmsg$auto_NL80211_CMD_TRIGGER_SCAN	6505
sendmsg$auto_NL80211_CMD_UNEXPECTED_FRAME	6506
sendmsg$auto_NL80211_CMD_UPDATE_CONNECT_PARAMS	6507
sendmsg$auto_NL80211_CMD_UPDATE_FT_IES	6508
sendmsg$auto_NL80211_CMD_UPDATE_OWE_INFO	6509
sendmsg$auto_NL80211_CMD_VENDOR	6510
sendmsg$auto_NL802154_CMD_ABORT_SCAN	6511
sendmsg$auto_NL802154_CMD_ASSOCIATE	6512
sendmsg$auto_NL802154_CMD_DEL_INTERFACE	6513
sendmsg$auto_NL802154_CMD_DEL_SEC_DEV	6514
sendmsg$auto_NL802154_CMD_DEL_SEC_DEVKEY	6515
sendmsg$auto_NL802154_CMD_DEL_SEC_KEY	6516
sendmsg$auto_NL802154_CMD_DEL_SEC_LEVEL	6517
sendmsg$auto_NL802154_CMD_DISASSOCIATE	6518
sendmsg$auto_NL802154_CMD_GET_INTERFACE	6519
sendmsg$auto_NL802154_CMD_GET_SEC_DEV	6520
sendmsg$auto_NL802154_CMD_GET_SEC_DEVKEY	6521
sendmsg$auto_NL802154_CMD_GET_SEC_KEY	6522
sendmsg$auto_NL802154_CMD_GET_SEC_LEVEL	6523
sendmsg$auto_NL802154_CMD_GET_WPAN_PHY	6524
sendmsg$auto_NL802154_CMD_LIST_ASSOCIATIONS	6525
sendmsg$auto_NL802154_CMD_NEW_INTERFACE	6526
sendmsg$auto_NL802154_CMD_NEW_SEC_DEV	6527
sendmsg$auto_NL802154_CMD_NEW_SEC_DEVKEY	6528
sendmsg$auto_NL802154_CMD_NEW_SEC_KEY	6529
sendmsg$auto_NL802154_CMD_NEW_SEC_LEVEL	6530
sendmsg$auto_NL802154_CMD_SEND_BEACONS	6531
sendmsg$auto_NL802154_CMD_SET_ACKREQ_DEFAULT	6532
sendmsg$auto_NL802154_CMD_SET_BACKOFF_EXPONENT	6533
sendmsg$auto_NL802154_CMD_SET_CCA_ED_LEVEL	6534
sendmsg$auto_NL802154_CMD_SET_CCA_MODE	6535
sendmsg$auto_NL802154_CMD_SET_CHANNEL	6536
sendmsg$auto_NL802154_CMD_SET_LBT_MODE	6537
sendmsg$auto_NL802154_CMD_SET_MAX_ASSOCIATIONS	6538
sendmsg$auto_NL802154_CMD_SET_MAX_CSMA_BACKOFFS	6539
sendmsg$auto_NL802154_CMD_SET_MAX_FRAME_RETRIES	6540
sendmsg$auto_NL802154_CMD_SET_PAN_ID	6541
sendmsg$auto_NL802154_CMD_SET_SEC_PARAMS	6542
sendmsg$auto_NL802154_CMD_SET_SHORT_ADDR	6543
sendmsg$auto_NL802154_CMD_SET_TX_POWER	6544
sendmsg$auto_NL802154_CMD_SET_WPAN_PHY_NETNS	6545
sendmsg$auto_NL802154_CMD_STOP_BEACONS	6546
sendmsg$auto_NL802154_CMD_TRIGGER_SCAN	6547
sendmsg$auto_NLBL_CALIPSO_C_ADD	6548
sendmsg$auto_NLBL_CALIPSO_C_LIST	6549
sendmsg$auto_NLBL_CALIPSO_C_LISTALL	6550
sendmsg$auto_NLBL_CALIPSO_C_REMOVE	6551
sendmsg$auto_NLBL_CIPSOV4_C_ADD	6552
sendmsg$auto_NLBL_CIPSOV4_C_LIST	6553
sendmsg$auto_NLBL_CIPSOV4_C_LISTALL	6554
sendmsg$auto_NLBL_CIPSOV4_C_REMOVE	6555
sendmsg$auto_NLBL_MGMT_C_ADD	6556
sendmsg$auto_NLBL_MGMT_C_ADDDEF	6557
sendmsg$auto_NLBL_MGMT_C_LISTALL	6558
sendmsg$auto_NLBL_MGMT_C_LISTDEF	6559
sendmsg$auto_NLBL_MGMT_C_PROTOCOLS	6560
sendmsg$auto_NLBL_MGMT_C_REMOVE	6561
sendmsg$auto_NLBL_MGMT_C_REMOVEDEF	6562
sendmsg$auto_NLBL_MGMT_C_VERSION	6563
sendmsg$auto_NLBL_UNLABEL_C_ACCEPT	6564
sendmsg$auto_NLBL_UNLABEL_C_LIST	6565
sendmsg$auto_NLBL_UNLABEL_C_STATICADD	6566
sendmsg$auto_NLBL_UNLABEL_C_STATICADDDEF	6567
sendmsg$auto_NLBL_UNLABEL_C_STATICLIST	6568
sendmsg$auto_NLBL_UNLABEL_C_STATICLISTDEF	6569
sendmsg$auto_NLBL_UNLABEL_C_STATICREMOVE	6570
sendmsg$auto_NLBL_UNLABEL_C_STATICREMOVEDEF	6571
sendmsg$auto_OVS_CT_LIMIT_CMD_DEL	6572
sendmsg$auto_OVS_CT_LIMIT_CMD_GET	6573
sendmsg$auto_OVS_CT_LIMIT_CMD_SET	6574
sendmsg$auto_OVS_DP_CMD_DEL	6575
sendmsg$auto_OVS_DP_CMD_GET	6576
sendmsg$auto_OVS_DP_CMD_NEW	6577
sendmsg$auto_OVS_DP_CMD_SET	6578
sendmsg$auto_OVS_FLOW_CMD_DEL	6579
sendmsg$auto_OVS_FLOW_CMD_GET	6580
sendmsg$auto_OVS_FLOW_CMD_NEW	6581
sendmsg$auto_OVS_FLOW_CMD_SET	6582
sendmsg$auto_OVS_METER_CMD_DEL	6583
sendmsg$auto_OVS_METER_CMD_FEATURES	6584
sendmsg$auto_OVS_METER_CMD_GET	6585
sendmsg$auto_OVS_METER_CMD_SET	6586
sendmsg$auto_OVS_PACKET_CMD_EXECUTE	6587
sendmsg$auto_OVS_VPORT_CMD_DEL	6588
sendmsg$auto_OVS_VPORT_CMD_GET	6589
sendmsg$auto_OVS_VPORT_CMD_NEW	6590
sendmsg$auto_OVS_VPORT_CMD_SET	6591
sendmsg$auto_PSAMPLE_CMD_GET_GROUP	6592
sendmsg$auto_SEG6_CMD_DUMPHMAC	6593
sendmsg$auto_SEG6_CMD_GET_TUNSRC	6594
sendmsg$auto_SEG6_CMD_SETHMAC	6595
sendmsg$auto_SEG6_CMD_SET_TUNSRC	6596
sendmsg$auto_SMC_NETLINK_ADD_UEID	6597
sendmsg$auto_SMC_NETLINK_DISABLE_HS_LIMITATION	6598
sendmsg$auto_SMC_NETLINK_DISABLE_SEID	6599
sendmsg$auto_SMC_NETLINK_DUMP_HS_LIMITATION	6600
sendmsg$auto_SMC_NETLINK_DUMP_SEID	6601
sendmsg$auto_SMC_NETLINK_DUMP_UEID	6602
sendmsg$auto_SMC_NETLINK_ENABLE_HS_LIMITATION	6603
sendmsg$auto_SMC_NETLINK_ENABLE_SEID	6604
sendmsg$auto_SMC_NETLINK_FLUSH_UEID	6605
sendmsg$auto_SMC_NETLINK_GET_DEV_SMCD	6606
sendmsg$auto_SMC_NETLINK_GET_DEV_SMCR	6607
sendmsg$auto_SMC_NETLINK_GET_FBACK_STATS	6608
sendmsg$auto_SMC_NETLINK_GET_LGR_SMCD	6609
sendmsg$auto_SMC_NETLINK_GET_LGR_SMCR	6610
sendmsg$auto_SMC_NETLINK_GET_LINK_SMCR	6611
sendmsg$auto_SMC_NETLINK_GET_STATS	6612
sendmsg$auto_SMC_NETLINK_GET_SYS_INFO	6613
sendmsg$auto_SMC_NETLINK_REMOVE_UEID	6614
sendmsg$auto_SMC_PNETID_ADD	6615
sendmsg$auto_SMC_PNETID_DEL	6616
sendmsg$auto_SMC_PNETID_FLUSH	6617
sendmsg$auto_SMC_PNETID_GET	6618
sendmsg$auto_TASKSTATS_CMD_GET	6619
sendmsg$auto_TCP_METRICS_CMD_DEL	6620
sendmsg$auto_TCP_METRICS_CMD_GET	6621
sendmsg$auto_THERMAL_GENL_CMD_CDEV_GET	6622
sendmsg$auto_THERMAL_GENL_CMD_THRESHOLD_ADD	6623
sendmsg$auto_THERMAL_GENL_CMD_THRESHOLD_DELETE	6624
sendmsg$auto_THERMAL_GENL_CMD_THRESHOLD_FLUSH	6625
sendmsg$auto_THERMAL_GENL_CMD_THRESHOLD_GET	6626
sendmsg$auto_THERMAL_GENL_CMD_TZ_GET_GOV	6627
sendmsg$auto_THERMAL_GENL_CMD_TZ_GET_ID	6628
sendmsg$auto_THERMAL_GENL_CMD_TZ_GET_TEMP	6629
sendmsg$auto_THERMAL_GENL_CMD_TZ_GET_TRIP	6630
sendmsg$auto_TIPC_NL_ADDR_LEGACY_GET	6631
sendmsg$auto_TIPC_NL_BEARER_ADD	6632
sendmsg$auto_TIPC_NL_BEARER_DISABLE	6633
sendmsg$auto_TIPC_NL_BEARER_ENABLE	6634
sendmsg$auto_TIPC_NL_BEARER_GET	6635
sendmsg$auto_TIPC_NL_BEARER_SET	6636
sendmsg$auto_TIPC_NL_KEY_FLUSH	6637
sendmsg$auto_TIPC_NL_KEY_SET	6638
sendmsg$auto_TIPC_NL_LINK_GET	6639
sendmsg$auto_TIPC_NL_LINK_RESET_STATS	6640
sendmsg$auto_TIPC_NL_LINK_SET	6641
sendmsg$auto_TIPC_NL_MEDIA_GET	6642
sendmsg$auto_TIPC_NL_MEDIA_SET	6643
sendmsg$auto_TIPC_NL_MON_GET	6644
sendmsg$auto_TIPC_NL_MON_PEER_GET	6645
sendmsg$auto_TIPC_NL_MON_SET	6646
sendmsg$auto_TIPC_NL_NAME_TABLE_GET	6647
sendmsg$auto_TIPC_NL_NET_GET	6648
sendmsg$auto_TIPC_NL_NET_SET	6649
sendmsg$auto_TIPC_NL_NODE_GET	6650
sendmsg$auto_TIPC_NL_PEER_REMOVE	6651
sendmsg$auto_TIPC_NL_PUBL_GET	6652
sendmsg$auto_TIPC_NL_SOCK_GET	6653
sendmsg$auto_TIPC_NL_UDP_GET_REMOTEIP	6654
sendmsg$auto_VDPA_CMD_DEV_ATTR_SET	6655
sendmsg$auto_VDPA_CMD_DEV_CONFIG_GET	6656
sendmsg$auto_VDPA_CMD_DEV_DEL	6657
sendmsg$auto_VDPA_CMD_DEV_GET	6658
sendmsg$auto_VDPA_CMD_DEV_NEW	6659
sendmsg$auto_VDPA_CMD_DEV_VSTATS_GET	6660
sendmsg$auto_VDPA_CMD_MGMTDEV_GET	6661
sendmsg$auto_WG_CMD_GET_DEVICE	6662
sendmsg$auto_WG_CMD_SET_DEVICE	6663
sendmsg$can_bcm	6664
sendmsg$can_j1939	6665
sendmsg$can_raw	6666
sendmsg$hf	6667
sendmsg$inet	6668
sendmsg$inet6	6669
sendmsg$inet_sctp	6670
sendmsg$kcm	6671
sendmsg$key	6672
sendmsg$netlink	6673
sendmsg$nfc_llcp	6674
sendmsg$nl_crypto	6675
sendmsg$nl_generic	6676
sendmsg$nl_netfilter	6677
sendmsg$nl_route	6678
sendmsg$nl_route_sched	6679
sendmsg$nl_route_sched_retired	6680
sendmsg$nl_xfrm	6681
sendmsg$qrtr	6682
sendmsg$rds	6683
sendmsg$sock	6684
sendmsg$tipc	6685
sendmsg$unix	6686
sendmsg$xdp	6687
sendto	6688
sendto$auto	6689
sendto$ax25	6690
sendto$inet	6691
sendto$inet6	6692
sendto$inet_nvme_icreq_pdu	6693
sendto$inet_nvme_of_msg	6694
sendto$inet_nvme_pdu	6695
sendto$isdn	6696
sendto$l2tp	6697
sendto$l2tp6	6698
sendto$llc	6699
sendto$netrom	6700
sendto$packet	6701
sendto$phonet	6702
sendto$rose	6703
sendto$rxrpc	6704
sendto$unix	6705
sendto$x25	6706
set_mempolicy	6707
set_mempolicy$auto	6708
set_mempolicy_home_node	6709
set_mempolicy_home_node$auto	6710
set_robust_list	6711
set_robust_list$auto	6712
set_thread_area	6713
set_thread_area$auto	6714
set_tid_address	6715
set_tid_address$auto	6716
setdomainname$auto	6717
setfsgid	6718
setfsgid$auto	6719
setfsuid	6720
setfsuid$auto	6721
setgid	6722
setgid$auto	6723
setgroups	6724
setgroups$auto	6725
sethostname$auto	6726
setitimer	6727
setitimer$auto	6728
setitimer$auto_ITIMER_PROF	6729
setitimer$auto_ITIMER_REAL	6730
setitimer$auto_ITIMER_VIRTUAL	6731
setns	6732
setns$auto	6733
setpgid	6734
setpgid$auto	6735
setpriority	6736
setpriority$auto	6737
setpriority$auto_PRIO_PGRP	6738
setpriority$auto_PRIO_PROCESS	6739
setpriority$auto_PRIO_USER	6740
setregid	6741
setregid$auto	6742
setresgid	6743
setresgid$auto	6744
setresuid	6745
setresuid$auto	6746
setreuid	6747
setreuid$auto	6748
setrlimit	6749
setrlimit$auto	6750
setsockopt	6751
setsockopt$ALG_SET_AEAD_AUTHSIZE	6752
setsockopt$ALG_SET_KEY	6753
setsockopt$ARPT_SO_SET_ADD_COUNTERS	6754
setsockopt$ARPT_SO_SET_REPLACE	6755
setsockopt$CAIFSO_LINK_SELECT	6756
setsockopt$CAIFSO_REQ_PARAM	6757
setsockopt$CAN_RAW_ERR_FILTER	6758
setsockopt$CAN_RAW_FD_FRAMES	6759
setsockopt$CAN_RAW_FILTER	6760
setsockopt$CAN_RAW_JOIN_FILTERS	6761
setsockopt$CAN_RAW_LOOPBACK	6762
setsockopt$CAN_RAW_RECV_OWN_MSGS	6763
setsockopt$EBT_SO_SET_COUNTERS	6764
setsockopt$EBT_SO_SET_ENTRIES	6765
setsockopt$IP6T_SO_SET_ADD_COUNTERS	6766
setsockopt$IP6T_SO_SET_REPLACE	6767
setsockopt$IPT_SO_SET_ADD_COUNTERS	6768
setsockopt$IPT_SO_SET_REPLACE	6769
setsockopt$IP_VS_SO_SET_ADD	6770
setsockopt$IP_VS_SO_SET_ADDDEST	6771
setsockopt$IP_VS_SO_SET_DEL	6772
setsockopt$IP_VS_SO_SET_DELDEST	6773
setsockopt$IP_VS_SO_SET_EDIT	6774
setsockopt$IP_VS_SO_SET_EDITDEST	6775
setsockopt$IP_VS_SO_SET_FLUSH	6776
setsockopt$IP_VS_SO_SET_STARTDAEMON	6777
setsockopt$IP_VS_SO_SET_STOPDAEMON	6778
setsockopt$IP_VS_SO_SET_TIMEOUT	6779
setsockopt$IP_VS_SO_SET_ZERO	6780
setsockopt$MISDN_TIME_STAMP	6781
setsockopt$MRT6_ADD_MFC	6782
setsockopt$MRT6_ADD_MFC_PROXY	6783
setsockopt$MRT6_ADD_MIF	6784
setsockopt$MRT6_ASSERT	6785
setsockopt$MRT6_DEL_MFC	6786
setsockopt$MRT6_DEL_MFC_PROXY	6787
setsockopt$MRT6_DEL_MIF	6788
setsockopt$MRT6_DONE	6789
setsockopt$MRT6_FLUSH	6790
setsockopt$MRT6_INIT	6791
setsockopt$MRT6_PIM	6792
setsockopt$MRT6_TABLE	6793
setsockopt$MRT_ADD_MFC	6794
setsockopt$MRT_ADD_MFC_PROXY	6795
setsockopt$MRT_ADD_VIF	6796
setsockopt$MRT_ASSERT	6797
setsockopt$MRT_DEL_MFC	6798
setsockopt$MRT_DEL_MFC_PROXY	6799
setsockopt$MRT_DEL_VIF	6800
setsockopt$MRT_DONE	6801
setsockopt$MRT_FLUSH	6802
setsockopt$MRT_INIT	6803
setsockopt$MRT_PIM	6804
setsockopt$MRT_TABLE	6805
setsockopt$PNPIPE_ENCAP	6806
setsockopt$PNPIPE_HANDLE	6807
setsockopt$PNPIPE_INITSTATE	6808
setsockopt$RDS_CANCEL_SENT_TO	6809
setsockopt$RDS_CONG_MONITOR	6810
setsockopt$RDS_FREE_MR	6811
setsockopt$RDS_GET_MR	6812
setsockopt$RDS_GET_MR_FOR_DEST	6813
setsockopt$RDS_RECVERR	6814
setsockopt$RXRPC_EXCLUSIVE_CONNECTION	6815
setsockopt$RXRPC_MIN_SECURITY_LEVEL	6816
setsockopt$RXRPC_SECURITY_KEY	6817
setsockopt$RXRPC_SECURITY_KEYRING	6818
setsockopt$RXRPC_UPGRADEABLE_SERVICE	6819
setsockopt$SO_ATTACH_FILTER	6820
setsockopt$SO_BINDTODEVICE	6821
setsockopt$SO_BINDTODEVICE_wg	6822
setsockopt$SO_J1939_ERRQUEUE	6823
setsockopt$SO_J1939_FILTER	6824
setsockopt$SO_J1939_PROMISC	6825
setsockopt$SO_J1939_SEND_PRIO	6826
setsockopt$SO_RDS_MSG_RXPATH_LATENCY	6827
setsockopt$SO_RDS_TRANSPORT	6828
setsockopt$SO_TIMESTAMP	6829
setsockopt$SO_TIMESTAMPING	6830
setsockopt$SO_VM_SOCKETS_BUFFER_MAX_SIZE	6831
setsockopt$SO_VM_SOCKETS_BUFFER_MIN_SIZE	6832
setsockopt$SO_VM_SOCKETS_BUFFER_SIZE	6833
setsockopt$SO_VM_SOCKETS_CONNECT_TIMEOUT_OLD	6834
setsockopt$TIPC_CONN_TIMEOUT	6835
setsockopt$TIPC_DEST_DROPPABLE	6836
setsockopt$TIPC_GROUP_JOIN	6837
setsockopt$TIPC_GROUP_LEAVE	6838
setsockopt$TIPC_IMPORTANCE	6839
setsockopt$TIPC_MCAST_BROADCAST	6840
setsockopt$TIPC_MCAST_REPLICAST	6841
setsockopt$TIPC_SRC_DROPPABLE	6842
setsockopt$WPAN_SECURITY	6843
setsockopt$WPAN_SECURITY_LEVEL	6844
setsockopt$WPAN_WANTACK	6845
setsockopt$WPAN_WANTLQI	6846
setsockopt$X25_QBITINCL	6847
setsockopt$XDP_RX_RING	6848
setsockopt$XDP_TX_RING	6849
setsockopt$XDP_UMEM_COMPLETION_RING	6850
setsockopt$XDP_UMEM_FILL_RING	6851
setsockopt$XDP_UMEM_REG	6852
setsockopt$auto	6853
setsockopt$auto_SO_ATTACH_BPF	6854
setsockopt$auto_SO_ATTACH_FILTER	6855
setsockopt$auto_SO_ATTACH_REUSEPORT_CBPF	6856
setsockopt$auto_SO_ATTACH_REUSEPORT_EBPF	6857
setsockopt$auto_SO_BINDTOIFINDEX	6858
setsockopt$auto_SO_BROADCAST	6859
setsockopt$auto_SO_BSDCOMPAT	6860
setsockopt$auto_SO_BUF_LOCK	6861
setsockopt$auto_SO_BUSY_POLL	6862
setsockopt$auto_SO_BUSY_POLL_BUDGET	6863
setsockopt$auto_SO_CNX_ADVICE	6864
setsockopt$auto_SO_DEBUG	6865
setsockopt$auto_SO_DETACH_FILTER	6866
setsockopt$auto_SO_DETACH_REUSEPORT_BPF	6867
setsockopt$auto_SO_DEVMEM_DONTNEED	6868
setsockopt$auto_SO_DOMAIN	6869
setsockopt$auto_SO_DONTROUTE	6870
setsockopt$auto_SO_ERROR	6871
setsockopt$auto_SO_INCOMING_CPU	6872
setsockopt$auto_SO_KEEPALIVE	6873
setsockopt$auto_SO_LINGER	6874
setsockopt$auto_SO_LOCK_FILTER	6875
setsockopt$auto_SO_MARK	6876
setsockopt$auto_SO_MAX_PACING_RATE	6877
setsockopt$auto_SO_NOFCS	6878
setsockopt$auto_SO_NO_CHECK	6879
setsockopt$auto_SO_OOBINLINE	6880
setsockopt$auto_SO_PASSCRED	6881
setsockopt$auto_SO_PASSPIDFD	6882
setsockopt$auto_SO_PASSSEC	6883
setsockopt$auto_SO_PEEK_OFF	6884
setsockopt$auto_SO_PREFER_BUSY_POLL	6885
setsockopt$auto_SO_PRIORITY	6886
setsockopt$auto_SO_PROTOCOL	6887
setsockopt$auto_SO_RCVBUF	6888
setsockopt$auto_SO_RCVBUFFORCE	6889
setsockopt$auto_SO_RCVLOWAT	6890
setsockopt$auto_SO_RCVMARK	6891
setsockopt$auto_SO_RCVPRIORITY	6892
setsockopt$auto_SO_RCVTIMEO_NEW	6893
setsockopt$auto_SO_RCVTIMEO_OLD	6894
setsockopt$auto_SO_RESERVE_MEM	6895
setsockopt$auto_SO_REUSEADDR	6896
setsockopt$auto_SO_REUSEPORT	6897
setsockopt$auto_SO_RXQ_OVFL	6898
setsockopt$auto_SO_SELECT_ERR_QUEUE	6899
setsockopt$auto_SO_SNDBUF	6900
setsockopt$auto_SO_SNDBUFFORCE	6901
setsockopt$auto_SO_SNDTIMEO_NEW	6902
setsockopt$auto_SO_SNDTIMEO_OLD	6903
setsockopt$auto_SO_TIMESTAMPING_NEW	6904
setsockopt$auto_SO_TIMESTAMPING_OLD	6905
setsockopt$auto_SO_TIMESTAMPNS_NEW	6906
setsockopt$auto_SO_TIMESTAMPNS_OLD	6907
setsockopt$auto_SO_TIMESTAMP_NEW	6908
setsockopt$auto_SO_TIMESTAMP_OLD	6909
setsockopt$auto_SO_TXREHASH	6910
setsockopt$auto_SO_TXTIME	6911
setsockopt$auto_SO_TYPE	6912
setsockopt$auto_SO_WIFI_STATUS	6913
setsockopt$auto_SO_ZEROCOPY	6914
setsockopt$ax25_SO_BINDTODEVICE	6915
setsockopt$ax25_int	6916
setsockopt$bt_BT_CHANNEL_POLICY	6917
setsockopt$bt_BT_DEFER_SETUP	6918
setsockopt$bt_BT_FLUSHABLE	6919
setsockopt$bt_BT_POWER	6920
setsockopt$bt_BT_RCVMTU	6921
setsockopt$bt_BT_SECURITY	6922
setsockopt$bt_BT_SNDMTU	6923
setsockopt$bt_BT_VOICE	6924
setsockopt$bt_hci_HCI_DATA_DIR	6925
setsockopt$bt_hci_HCI_FILTER	6926
setsockopt$bt_hci_HCI_TIME_STAMP	6927
setsockopt$bt_l2cap_L2CAP_CONNINFO	6928
setsockopt$bt_l2cap_L2CAP_LM	6929
setsockopt$bt_l2cap_L2CAP_OPTIONS	6930
setsockopt$bt_rfcomm_RFCOMM_LM	6931
setsockopt$inet6_IPV6_ADDRFORM	6932
setsockopt$inet6_IPV6_DSTOPTS	6933
setsockopt$inet6_IPV6_FLOWLABEL_MGR	6934
setsockopt$inet6_IPV6_HOPOPTS	6935
setsockopt$inet6_IPV6_IPSEC_POLICY	6936
setsockopt$inet6_IPV6_PKTINFO	6937
setsockopt$inet6_IPV6_RTHDR	6938
setsockopt$inet6_IPV6_RTHDRDSTOPTS	6939
setsockopt$inet6_IPV6_XFRM_POLICY	6940
setsockopt$inet6_MCAST_JOIN_GROUP	6941
setsockopt$inet6_MCAST_LEAVE_GROUP	6942
setsockopt$inet6_MCAST_MSFILTER	6943
setsockopt$inet6_buf	6944
setsockopt$inet6_dccp_buf	6945
setsockopt$inet6_dccp_int	6946
setsockopt$inet6_group_source_req	6947
setsockopt$inet6_icmp_ICMP_FILTER	6948
setsockopt$inet6_int	6949
setsockopt$inet6_mreq	6950
setsockopt$inet6_mtu	6951
setsockopt$inet6_opts	6952
setsockopt$inet6_tcp_TCP_CONGESTION	6953
setsockopt$inet6_tcp_TCP_FASTOPEN_KEY	6954
setsockopt$inet6_tcp_TCP_MD5SIG	6955
setsockopt$inet6_tcp_TCP_QUEUE_SEQ	6956
setsockopt$inet6_tcp_TCP_REPAIR	6957
setsockopt$inet6_tcp_TCP_REPAIR_OPTIONS	6958
setsockopt$inet6_tcp_TCP_REPAIR_QUEUE	6959
setsockopt$inet6_tcp_TCP_REPAIR_WINDOW	6960
setsockopt$inet6_tcp_TCP_ULP	6961
setsockopt$inet6_tcp_TLS_RX	6962
setsockopt$inet6_tcp_TLS_TX	6963
setsockopt$inet6_tcp_buf	6964
setsockopt$inet6_tcp_int	6965
setsockopt$inet6_udp_encap	6966
setsockopt$inet6_udp_int	6967
setsockopt$inet_IP_IPSEC_POLICY	6968
setsockopt$inet_IP_XFRM_POLICY	6969
setsockopt$inet_MCAST_JOIN_GROUP	6970
setsockopt$inet_MCAST_LEAVE_GROUP	6971
setsockopt$inet_MCAST_MSFILTER	6972
setsockopt$inet_buf	6973
setsockopt$inet_dccp_buf	6974
setsockopt$inet_dccp_int	6975
setsockopt$inet_group_source_req	6976
setsockopt$inet_icmp_ICMP_FILTER	6977
setsockopt$inet_int	6978
setsockopt$inet_mreq	6979
setsockopt$inet_mreqn	6980
setsockopt$inet_mreqsrc	6981
setsockopt$inet_msfilter	6982
setsockopt$inet_mtu	6983
setsockopt$inet_opts	6984
setsockopt$inet_pktinfo	6985
setsockopt$inet_sctp6_SCTP_ADAPTATION_LAYER	6986
setsockopt$inet_sctp6_SCTP_ADD_STREAMS	6987
setsockopt$inet_sctp6_SCTP_ASSOCINFO	6988
setsockopt$inet_sctp6_SCTP_AUTH_ACTIVE_KEY	6989
setsockopt$inet_sctp6_SCTP_AUTH_CHUNK	6990
setsockopt$inet_sctp6_SCTP_AUTH_DEACTIVATE_KEY	6991
setsockopt$inet_sctp6_SCTP_AUTH_DELETE_KEY	6992
setsockopt$inet_sctp6_SCTP_AUTH_KEY	6993
setsockopt$inet_sctp6_SCTP_AUTOCLOSE	6994
setsockopt$inet_sctp6_SCTP_AUTO_ASCONF	6995
setsockopt$inet_sctp6_SCTP_CONTEXT	6996
setsockopt$inet_sctp6_SCTP_DEFAULT_PRINFO	6997
setsockopt$inet_sctp6_SCTP_DEFAULT_SEND_PARAM	6998
setsockopt$inet_sctp6_SCTP_DEFAULT_SNDINFO	6999
setsockopt$inet_sctp6_SCTP_DELAYED_SACK	7000
setsockopt$inet_sctp6_SCTP_DISABLE_FRAGMENTS	7001
setsockopt$inet_sctp6_SCTP_ENABLE_STREAM_RESET	7002
setsockopt$inet_sctp6_SCTP_EVENTS	7003
setsockopt$inet_sctp6_SCTP_FRAGMENT_INTERLEAVE	7004
setsockopt$inet_sctp6_SCTP_HMAC_IDENT	7005
setsockopt$inet_sctp6_SCTP_INITMSG	7006
setsockopt$inet_sctp6_SCTP_I_WANT_MAPPED_V4_ADDR	7007
setsockopt$inet_sctp6_SCTP_MAXSEG	7008
setsockopt$inet_sctp6_SCTP_MAX_BURST	7009
setsockopt$inet_sctp6_SCTP_NODELAY	7010
setsockopt$inet_sctp6_SCTP_PARTIAL_DELIVERY_POINT	7011
setsockopt$inet_sctp6_SCTP_PEER_ADDR_PARAMS	7012
setsockopt$inet_sctp6_SCTP_PEER_ADDR_THLDS	7013
setsockopt$inet_sctp6_SCTP_PRIMARY_ADDR	7014
setsockopt$inet_sctp6_SCTP_PR_SUPPORTED	7015
setsockopt$inet_sctp6_SCTP_RECONFIG_SUPPORTED	7016
setsockopt$inet_sctp6_SCTP_RECVNXTINFO	7017
setsockopt$inet_sctp6_SCTP_RECVRCVINFO	7018
setsockopt$inet_sctp6_SCTP_RESET_ASSOC	7019
setsockopt$inet_sctp6_SCTP_RESET_STREAMS	7020
setsockopt$inet_sctp6_SCTP_RTOINFO	7021
setsockopt$inet_sctp6_SCTP_SET_PEER_PRIMARY_ADDR	7022
setsockopt$inet_sctp6_SCTP_SOCKOPT_BINDX_ADD	7023
setsockopt$inet_sctp6_SCTP_SOCKOPT_BINDX_REM	7024
setsockopt$inet_sctp6_SCTP_SOCKOPT_CONNECTX	7025
setsockopt$inet_sctp6_SCTP_SOCKOPT_CONNECTX_OLD	7026
setsockopt$inet_sctp6_SCTP_STREAM_SCHEDULER	7027
setsockopt$inet_sctp6_SCTP_STREAM_SCHEDULER_VALUE	7028
setsockopt$inet_sctp_SCTP_ADAPTATION_LAYER	7029
setsockopt$inet_sctp_SCTP_ADD_STREAMS	7030
setsockopt$inet_sctp_SCTP_ASSOCINFO	7031
setsockopt$inet_sctp_SCTP_AUTH_ACTIVE_KEY	7032
setsockopt$inet_sctp_SCTP_AUTH_CHUNK	7033
setsockopt$inet_sctp_SCTP_AUTH_DEACTIVATE_KEY	7034
setsockopt$inet_sctp_SCTP_AUTH_DELETE_KEY	7035
setsockopt$inet_sctp_SCTP_AUTH_KEY	7036
setsockopt$inet_sctp_SCTP_AUTOCLOSE	7037
setsockopt$inet_sctp_SCTP_AUTO_ASCONF	7038
setsockopt$inet_sctp_SCTP_CONTEXT	7039
setsockopt$inet_sctp_SCTP_DEFAULT_PRINFO	7040
setsockopt$inet_sctp_SCTP_DEFAULT_SEND_PARAM	7041
setsockopt$inet_sctp_SCTP_DEFAULT_SNDINFO	7042
setsockopt$inet_sctp_SCTP_DELAYED_SACK	7043
setsockopt$inet_sctp_SCTP_DISABLE_FRAGMENTS	7044
setsockopt$inet_sctp_SCTP_ENABLE_STREAM_RESET	7045
setsockopt$inet_sctp_SCTP_EVENTS	7046
setsockopt$inet_sctp_SCTP_FRAGMENT_INTERLEAVE	7047
setsockopt$inet_sctp_SCTP_HMAC_IDENT	7048
setsockopt$inet_sctp_SCTP_INITMSG	7049
setsockopt$inet_sctp_SCTP_I_WANT_MAPPED_V4_ADDR	7050
setsockopt$inet_sctp_SCTP_MAXSEG	7051
setsockopt$inet_sctp_SCTP_MAX_BURST	7052
setsockopt$inet_sctp_SCTP_NODELAY	7053
setsockopt$inet_sctp_SCTP_PARTIAL_DELIVERY_POINT	7054
setsockopt$inet_sctp_SCTP_PEER_ADDR_PARAMS	7055
setsockopt$inet_sctp_SCTP_PEER_ADDR_THLDS	7056
setsockopt$inet_sctp_SCTP_PRIMARY_ADDR	7057
setsockopt$inet_sctp_SCTP_PR_SUPPORTED	7058
setsockopt$inet_sctp_SCTP_RECONFIG_SUPPORTED	7059
setsockopt$inet_sctp_SCTP_RECVNXTINFO	7060
setsockopt$inet_sctp_SCTP_RECVRCVINFO	7061
setsockopt$inet_sctp_SCTP_RESET_ASSOC	7062
setsockopt$inet_sctp_SCTP_RESET_STREAMS	7063
setsockopt$inet_sctp_SCTP_RTOINFO	7064
setsockopt$inet_sctp_SCTP_SET_PEER_PRIMARY_ADDR	7065
setsockopt$inet_sctp_SCTP_SOCKOPT_BINDX_ADD	7066
setsockopt$inet_sctp_SCTP_SOCKOPT_BINDX_REM	7067
setsockopt$inet_sctp_SCTP_SOCKOPT_CONNECTX	7068
setsockopt$inet_sctp_SCTP_SOCKOPT_CONNECTX_OLD	7069
setsockopt$inet_sctp_SCTP_STREAM_SCHEDULER	7070
setsockopt$inet_sctp_SCTP_STREAM_SCHEDULER_VALUE	7071
setsockopt$inet_tcp_TCP_CONGESTION	7072
setsockopt$inet_tcp_TCP_FASTOPEN_KEY	7073
setsockopt$inet_tcp_TCP_MD5SIG	7074
setsockopt$inet_tcp_TCP_QUEUE_SEQ	7075
setsockopt$inet_tcp_TCP_REPAIR	7076
setsockopt$inet_tcp_TCP_REPAIR_OPTIONS	7077
setsockopt$inet_tcp_TCP_REPAIR_QUEUE	7078
setsockopt$inet_tcp_TCP_REPAIR_WINDOW	7079
setsockopt$inet_tcp_TCP_ULP	7080
setsockopt$inet_tcp_TLS_RX	7081
setsockopt$inet_tcp_TLS_TX	7082
setsockopt$inet_tcp_buf	7083
setsockopt$inet_tcp_int	7084
setsockopt$inet_udp_encap	7085
setsockopt$inet_udp_int	7086
setsockopt$kcm_KCM_RECV_DISABLE	7087
setsockopt$llc_int	7088
setsockopt$netlink_NETLINK_ADD_MEMBERSHIP	7089
setsockopt$netlink_NETLINK_BROADCAST_ERROR	7090
setsockopt$netlink_NETLINK_CAP_ACK	7091
setsockopt$netlink_NETLINK_DROP_MEMBERSHIP	7092
setsockopt$netlink_NETLINK_LISTEN_ALL_NSID	7093
setsockopt$netlink_NETLINK_NO_ENOBUFS	7094
setsockopt$netlink_NETLINK_PKTINFO	7095
setsockopt$netlink_NETLINK_RX_RING	7096
setsockopt$netlink_NETLINK_TX_RING	7097
setsockopt$netrom_NETROM_IDLE	7098
setsockopt$netrom_NETROM_N2	7099
setsockopt$netrom_NETROM_T1	7100
setsockopt$netrom_NETROM_T2	7101
setsockopt$netrom_NETROM_T4	7102
setsockopt$nfc_llcp_NFC_LLCP_MIUX	7103
setsockopt$nfc_llcp_NFC_LLCP_RW	7104
setsockopt$packet_add_memb	7105
setsockopt$packet_buf	7106
setsockopt$packet_drop_memb	7107
setsockopt$packet_fanout	7108
setsockopt$packet_fanout_data	7109
setsockopt$packet_int	7110
setsockopt$packet_rx_ring	7111
setsockopt$packet_tx_ring	7112
setsockopt$pppl2tp_PPPOL2TP_SO_DEBUG	7113
setsockopt$pppl2tp_PPPOL2TP_SO_LNSMODE	7114
setsockopt$pppl2tp_PPPOL2TP_SO_RECVSEQ	7115
setsockopt$pppl2tp_PPPOL2TP_SO_REORDERTO	7116
setsockopt$pppl2tp_PPPOL2TP_SO_SENDSEQ	7117
setsockopt$rose	7118
setsockopt$sock_attach_bpf	7119
setsockopt$sock_cred	7120
setsockopt$sock_int	7121
setsockopt$sock_linger	7122
setsockopt$sock_timeval	7123
setsockopt$sock_void	7124
settimeofday$auto	7125
setuid	7126
setuid$auto	7127
setxattr	7128
setxattr$auto	7129
setxattr$btrfs	7130
setxattr$incfs_id	7131
setxattr$incfs_metadata	7132
setxattr$incfs_size	7133
setxattr$security_capability	7134
setxattr$security_evm	7135
setxattr$security_ima	7136
setxattr$security_selinux	7137
setxattr$security_smack_transmute	7138
setxattr$smack_xattr_label	7139
setxattr$system_posix_acl	7140
setxattr$trusted_overlay_nlink	7141
setxattr$trusted_overlay_opaque	7142
setxattr$trusted_overlay_origin	7143
setxattr$trusted_overlay_redirect	7144
setxattr$trusted_overlay_upper	7145
setxattrat$auto	7146
shmat	7147
shmat$auto	7148
shmctl$IPC_INFO	7149
shmctl$IPC_RMID	7150
shmctl$IPC_SET	7151
shmctl$IPC_STAT	7152
shmctl$SHM_INFO	7153
shmctl$SHM_LOCK	7154
shmctl$SHM_STAT	7155
shmctl$SHM_STAT_ANY	7156
shmctl$SHM_UNLOCK	7157
shmctl$auto	7158
shmctl$auto_IPC_INFO	7159
shmctl$auto_IPC_RMID	7160
shmctl$auto_IPC_SET	7161
shmctl$auto_IPC_STAT	7162
shmctl$auto_SHM_INFO	7163
shmctl$auto_SHM_LOCK	7164
shmctl$auto_SHM_STAT	7165
shmctl$auto_SHM_STAT_ANY	7166
shmctl$auto_SHM_UNLOCK	7167
shmdt	7168
shmdt$auto	7169
shmget	7170
shmget$auto	7171
shmget$private	7172
shutdown	7173
shutdown$auto	7174
sigaltstack	7175
sigaltstack$auto	7176
signalfd	7177
signalfd$auto	7178
signalfd4	7179
signalfd4$auto	7180
socket	7181
socket$alg	7182
socket$auto	7183
socket$caif_seqpacket	7184
socket$caif_stream	7185
socket$can_bcm	7186
socket$can_j1939	7187
socket$can_raw	7188
socket$hf	7189
socket$igmp	7190
socket$igmp6	7191
socket$inet	7192
socket$inet6	7193
socket$inet6_dccp	7194
socket$inet6_icmp	7195
socket$inet6_icmp_raw	7196
socket$inet6_mptcp	7197
socket$inet6_sctp	7198
socket$inet6_tcp	7199
socket$inet6_udp	7200
socket$inet6_udplite	7201
socket$inet_dccp	7202
socket$inet_icmp	7203
socket$inet_icmp_raw	7204
socket$inet_mptcp	7205
socket$inet_sctp	7206
socket$inet_smc	7207
socket$inet_tcp	7208
socket$inet_udp	7209
socket$inet_udplite	7210
socket$isdn	7211
socket$isdn_base	7212
socket$kcm	7213
socket$key	7214
socket$l2tp	7215
socket$l2tp6	7216
socket$netlink	7217
socket$nl_audit	7218
socket$nl_crypto	7219
socket$nl_generic	7220
socket$nl_netfilter	7221
socket$nl_rdma	7222
socket$nl_route	7223
socket$nl_sock_diag	7224
socket$nl_xfrm	7225
socket$packet	7226
socket$phonet	7227
socket$phonet_pipe	7228
socket$pppl2tp	7229
socket$pppoe	7230
socket$pptp	7231
socket$qrtr	7232
socket$rds	7233
socket$rxrpc	7234
socket$tipc	7235
socket$unix	7236
socket$vsock_dgram	7237
socket$vsock_stream	7238
socket$xdp	7239
socketcall$auto	7240
socketcall$auto_SYS_ACCEPT	7241
socketcall$auto_SYS_ACCEPT4	7242
socketcall$auto_SYS_BIND	7243
socketcall$auto_SYS_CONNECT	7244
socketcall$auto_SYS_GETPEERNAME	7245
socketcall$auto_SYS_GETSOCKNAME	7246
socketcall$auto_SYS_GETSOCKOPT	7247
socketcall$auto_SYS_LISTEN	7248
socketcall$auto_SYS_RECV	7249
socketcall$auto_SYS_RECVFROM	7250
socketcall$auto_SYS_RECVMMSG	7251
socketcall$auto_SYS_RECVMSG	7252
socketcall$auto_SYS_SEND	7253
socketcall$auto_SYS_SENDMMSG	7254
socketcall$auto_SYS_SENDMSG	7255
socketcall$auto_SYS_SENDTO	7256
socketcall$auto_SYS_SETSOCKOPT	7257
socketcall$auto_SYS_SHUTDOWN	7258
socketcall$auto_SYS_SOCKET	7259
socketcall$auto_SYS_SOCKETPAIR	7260
socketpair	7261
socketpair$auto	7262
socketpair$nbd	7263
socketpair$tipc	7264
socketpair$unix	7265
splice	7266
splice$auto	7267
stat	7268
stat$auto	7269
stat$btrfs	7270
statfs	7271
statfs$auto	7272
statmount$auto	7273
statx	7274
statx$auto	7275
swapoff$auto	7276
swapon$auto	7277
symlink	7278
symlink$auto	7279
symlink$btrfs	7280
symlinkat	7281
symlinkat$auto	7282
sync	7283
sync_file_range	7284
sync_file_range$auto	7285
syncfs	7286
syncfs$auto	7287
sysfs$1	7288
sysfs$2	7289
sysfs$3	7290
sysfs$auto	7291
sysinfo	7292
sysinfo$auto	7293
syslog	7294
syslog$auto	7295
syslog$auto_SYSLOG_ACTION_CLEAR	7296
syslog$auto_SYSLOG_ACTION_CLOSE	7297
syslog$auto_SYSLOG_ACTION_CONSOLE_LEVEL	7298
syslog$auto_SYSLOG_ACTION_CONSOLE_OFF	7299
syslog$auto_SYSLOG_ACTION_CONSOLE_ON	7300
syslog$auto_SYSLOG_ACTION_OPEN	7301
syslog$auto_SYSLOG_ACTION_READ	7302
syslog$auto_SYSLOG_ACTION_READ_ALL	7303
syslog$auto_SYSLOG_ACTION_READ_CLEAR	7304
syslog$auto_SYSLOG_ACTION_SIZE_BUFFER	7305
syslog$auto_SYSLOG_ACTION_SIZE_UNREAD	7306
syz_80211_inject_frame	7307
syz_80211_join_ibss	7308
syz_btf_id_by_name$bpf_lsm	7309
syz_builtin0	7310
syz_builtin1	7311
syz_builtin2	7312
syz_builtin3	7313
syz_builtin4	7314
syz_builtin5	7315
syz_clone	7316
syz_clone3	7317
syz_create_resource$binfmt	7318
syz_emit_ethernet	7319
syz_emit_vhci	7320
syz_execute_func	7321
syz_extract_tcp_res	7322
syz_extract_tcp_res$synack	7323
syz_fuse_handle_req	7324
syz_genetlink_get_family_id$SEG6	7325
syz_genetlink_get_family_id$auto_802_15_4_mac	7326
syz_genetlink_get_family_id$auto_batadv	7327
syz_genetlink_get_family_id$auto_cifs	7328
syz_genetlink_get_family_id$auto_ethtool	7329
syz_genetlink_get_family_id$auto_gtp	7330
syz_genetlink_get_family_id$auto_handshake	7331
syz_genetlink_get_family_id$auto_hsr	7332
syz_genetlink_get_family_id$auto_ila	7333
syz_genetlink_get_family_id$auto_ioam6	7334
syz_genetlink_get_family_id$auto_ipvs	7335
syz_genetlink_get_family_id$auto_l2tp	7336
syz_genetlink_get_family_id$auto_mac80211_hwsim	7337
syz_genetlink_get_family_id$auto_mac802154_hwsim	7338
syz_genetlink_get_family_id$auto_macsec	7339
syz_genetlink_get_family_id$auto_nbd	7340
syz_genetlink_get_family_id$auto_ncsi	7341
syz_genetlink_get_family_id$auto_net_dm	7342
syz_genetlink_get_family_id$auto_net_shaper	7343
syz_genetlink_get_family_id$auto_netdev	7344
syz_genetlink_get_family_id$auto_nfc	7345
syz_genetlink_get_family_id$auto_nfsd	7346
syz_genetlink_get_family_id$auto_nl80211	7347
syz_genetlink_get_family_id$auto_nl802154	7348
syz_genetlink_get_family_id$auto_nlbl_calipso	7349
syz_genetlink_get_family_id$auto_nlbl_cipsov4	7350
syz_genetlink_get_family_id$auto_nlbl_mgmt	7351
syz_genetlink_get_family_id$auto_nlbl_unlbl	7352
syz_genetlink_get_family_id$auto_nlctrl	7353
syz_genetlink_get_family_id$auto_ovs_ct_limit	7354
syz_genetlink_get_family_id$auto_ovs_datapath	7355
syz_genetlink_get_family_id$auto_ovs_flow	7356
syz_genetlink_get_family_id$auto_ovs_meter	7357
syz_genetlink_get_family_id$auto_ovs_packet	7358
syz_genetlink_get_family_id$auto_ovs_vport	7359
syz_genetlink_get_family_id$auto_psample	7360
syz_genetlink_get_family_id$auto_seg6	7361
syz_genetlink_get_family_id$auto_smbd_genl	7362
syz_genetlink_get_family_id$auto_smc_gen_netlink	7363
syz_genetlink_get_family_id$auto_smc_pnetid	7364
syz_genetlink_get_family_id$auto_taskstats	7365
syz_genetlink_get_family_id$auto_tcp_metrics	7366
syz_genetlink_get_family_id$auto_thermal	7367
syz_genetlink_get_family_id$auto_tipcv2	7368
syz_genetlink_get_family_id$auto_vdpa	7369
syz_genetlink_get_family_id$auto_wireguard	7370
syz_genetlink_get_family_id$batadv	7371
syz_genetlink_get_family_id$devlink	7372
syz_genetlink_get_family_id$ethtool	7373
syz_genetlink_get_family_id$fou	7374
syz_genetlink_get_family_id$gtp	7375
syz_genetlink_get_family_id$ieee802154	7376
syz_genetlink_get_family_id$ipvs	7377
syz_genetlink_get_family_id$l2tp	7378
syz_genetlink_get_family_id$mptcp	7379
syz_genetlink_get_family_id$nbd	7380
syz_genetlink_get_family_id$net_dm	7381
syz_genetlink_get_family_id$netlbl_calipso	7382
syz_genetlink_get_family_id$netlbl_cipso	7383
syz_genetlink_get_family_id$netlbl_mgmt	7384
syz_genetlink_get_family_id$netlbl_unlabel	7385
syz_genetlink_get_family_id$nfc	7386
syz_genetlink_get_family_id$nl80211	7387
syz_genetlink_get_family_id$nl802154	7388
syz_genetlink_get_family_id$smc	7389
syz_genetlink_get_family_id$team	7390
syz_genetlink_get_family_id$tipc	7391
syz_genetlink_get_family_id$tipc2	7392
syz_genetlink_get_family_id$wireguard	7393
syz_init_net_socket$802154_dgram	7394
syz_init_net_socket$802154_raw	7395
syz_init_net_socket$ax25	7396
syz_init_net_socket$bt_bnep	7397
syz_init_net_socket$bt_cmtp	7398
syz_init_net_socket$bt_hci	7399
syz_init_net_socket$bt_hidp	7400
syz_init_net_socket$bt_l2cap	7401
syz_init_net_socket$bt_rfcomm	7402
syz_init_net_socket$bt_sco	7403
syz_init_net_socket$llc	7404
syz_init_net_socket$netrom	7405
syz_init_net_socket$nfc_llcp	7406
syz_init_net_socket$nfc_raw	7407
syz_init_net_socket$nl_generic	7408
syz_init_net_socket$nl_rdma	7409
syz_init_net_socket$rose	7410
syz_init_net_socket$x25	7411
syz_io_uring_complete	7412
syz_io_uring_setup	7413
syz_io_uring_submit	7414
syz_kvm_add_vcpu$x86	7415
syz_kvm_assert_syzos_uexit$x86	7416
syz_kvm_setup_cpu$ppc64	7417
syz_kvm_setup_cpu$x86	7418
syz_kvm_setup_syzos_vm$x86	7419
syz_memcpy_off$IO_URING_METADATA_FLAGS	7420
syz_memcpy_off$IO_URING_METADATA_GENERIC	7421
syz_memcpy_off$KVM_EXIT_HYPERCALL	7422
syz_memcpy_off$KVM_EXIT_MMIO	7423
syz_mount_image$adfs	7424
syz_mount_image$affs	7425
syz_mount_image$bcachefs	7426
syz_mount_image$befs	7427
syz_mount_image$bfs	7428
syz_mount_image$btrfs	7429
syz_mount_image$cramfs	7430
syz_mount_image$efs	7431
syz_mount_image$erofs	7432
syz_mount_image$exfat	7433
syz_mount_image$ext4	7434
syz_mount_image$f2fs	7435
syz_mount_image$fuse	7436
syz_mount_image$gfs2	7437
syz_mount_image$gfs2meta	7438
syz_mount_image$hfs	7439
syz_mount_image$hfsplus	7440
syz_mount_image$hpfs	7441
syz_mount_image$iso9660	7442
syz_mount_image$jffs2	7443
syz_mount_image$jfs	7444
syz_mount_image$minix	7445
syz_mount_image$msdos	7446
syz_mount_image$nilfs2	7447
syz_mount_image$ntfs	7448
syz_mount_image$ntfs3	7449
syz_mount_image$ocfs2	7450
syz_mount_image$omfs	7451
syz_mount_image$qnx4	7452
syz_mount_image$qnx6	7453
syz_mount_image$reiserfs	7454
syz_mount_image$romfs	7455
syz_mount_image$squashfs	7456
syz_mount_image$sysv	7457
syz_mount_image$tmpfs	7458
syz_mount_image$ubifs	7459
syz_mount_image$udf	7460
syz_mount_image$ufs	7461
syz_mount_image$v7	7462
syz_mount_image$vfat	7463
syz_mount_image$vxfs	7464
syz_mount_image$xfs	7465
syz_mount_image$zonefs	7466
syz_open_dev$I2C	7467
syz_open_dev$MSR	7468
syz_open_dev$admmidi	7469
syz_open_dev$amidi	7470
syz_open_dev$audion	7471
syz_open_dev$cec	7472
syz_open_dev$char_usb	7473
syz_open_dev$dmmidi	7474
syz_open_dev$dri	7475
syz_open_dev$dricontrol	7476
syz_open_dev$drirender	7477
syz_open_dev$evdev	7478
syz_open_dev$floppy	7479
syz_open_dev$hiddev	7480
syz_open_dev$hidraw	7481
syz_open_dev$ircomm	7482
syz_open_dev$loop	7483
syz_open_dev$media	7484
syz_open_dev$midi	7485
syz_open_dev$mouse	7486
syz_open_dev$ndb	7487
syz_open_dev$ptys	7488
syz_open_dev$radio	7489
syz_open_dev$rtc	7490
syz_open_dev$sg	7491
syz_open_dev$sndctrl	7492
syz_open_dev$sndhw	7493
syz_open_dev$sndmidi	7494
syz_open_dev$sndpcmc	7495
syz_open_dev$sndpcmp	7496
syz_open_dev$swradio	7497
syz_open_dev$tty1	7498
syz_open_dev$tty20	7499
syz_open_dev$ttys	7500
syz_open_dev$usbfs	7501
syz_open_dev$usbmon	7502
syz_open_dev$vbi	7503
syz_open_dev$vcsa	7504
syz_open_dev$vcsn	7505
syz_open_dev$vcsu	7506
syz_open_dev$video	7507
syz_open_dev$video4linux	7508
syz_open_dev$vim2m	7509
syz_open_dev$vivid	7510
syz_open_procfs	7511
syz_open_procfs$namespace	7512
syz_open_procfs$pagemap	7513
syz_open_procfs$userns	7514
syz_open_pts	7515
syz_pidfd_open	7516
syz_pkey_set	7517
syz_read_part_table	7518
syz_socket_connect_nvme_tcp	7519
syz_usb_connect	7520
syz_usb_connect$cdc_ecm	7521
syz_usb_connect$cdc_ncm	7522
syz_usb_connect$hid	7523
syz_usb_connect$printer	7524
syz_usb_connect$uac1	7525
syz_usb_connect_ath9k	7526
syz_usb_control_io	7527
syz_usb_control_io$cdc_ecm	7528
syz_usb_control_io$cdc_ncm	7529
syz_usb_control_io$hid	7530
syz_usb_control_io$printer	7531
syz_usb_control_io$uac1	7532
syz_usb_disconnect	7533
syz_usb_ep_read	7534
syz_usb_ep_write	7535
syz_usb_ep_write$ath9k_ep1	7536
syz_usb_ep_write$ath9k_ep2	7537
syz_usbip_server_init	7538
tee	7539
tee$auto	7540
tgkill	7541
tgkill$auto	7542
tgkill$auto_SIGCONT	7543
time	7544
time$auto	7545
timer_create	7546
timer_create$auto	7547
timer_create$auto_CLOCK_BOOTTIME	7548
timer_create$auto_CLOCK_BOOTTIME_ALARM	7549
timer_create$auto_CLOCK_MONOTONIC	7550
timer_create$auto_CLOCK_REALTIME	7551
timer_create$auto_CLOCK_TAI	7552
timer_delete	7553
timer_delete$auto	7554
timer_getoverrun	7555
timer_getoverrun$auto	7556
timer_gettime	7557
timer_gettime$auto	7558
timer_settime	7559
timer_settime$auto	7560
timerfd_create	7561
timerfd_create$auto	7562
timerfd_create$auto_CLOCK_BOOTTIME	7563
timerfd_create$auto_CLOCK_BOOTTIME_ALARM	7564
timerfd_create$auto_CLOCK_MONOTONIC	7565
timerfd_create$auto_CLOCK_REALTIME	7566
timerfd_create$auto_CLOCK_TAI	7567
timerfd_gettime	7568
timerfd_gettime$auto	7569
timerfd_settime	7570
timerfd_settime$auto	7571
times	7572
times$auto	7573
tkill	7574
tkill$auto	7575
tkill$auto_SIGCONT	7576
truncate	7577
truncate$auto	7578
truncate$btrfs	7579
umask$auto	7580
umount2	7581
umount2$auto	7582
uname	7583
uname$auto	7584
unlink	7585
unlink$auto	7586
unlink$btrfs	7587
unlinkat	7588
unlinkat$auto	7589
unlinkat$binderfs_device	7590
unshare	7591
unshare$auto	7592
uselib	7593
userfaultfd	7594
userfaultfd$auto	7595
ustat	7596
ustat$auto	7597
utime	7598
utime$auto	7599
utimensat	7600
utimensat$auto	7601
utimes	7602
utimes$auto	7603
utimes$btrfs	7604
vmsplice	7605
vmsplice$auto	7606
wait4	7607
wait4$auto	7608
waitid	7609
waitid$P_PIDFD	7610
waitid$auto	7611
waitid$auto_P_ALL	7612
waitid$auto_P_PGID	7613
waitid$auto_P_PID	7614
waitid$auto_P_PIDFD	7615
write	7616
write$6lowpan_control	7617
write$6lowpan_enable	7618
write$9p	7619
write$ALLOC_MW	7620
write$ALLOC_PD	7621
write$ATTACH_MCAST	7622
write$CLOSE_XRCD	7623
write$CREATE_AH	7624
write$CREATE_COMP_CHANNEL	7625
write$CREATE_CQ	7626
write$CREATE_CQ_EX	7627
write$CREATE_FLOW	7628
write$CREATE_QP	7629
write$CREATE_RWQ_IND_TBL	7630
write$CREATE_SRQ	7631
write$CREATE_WQ	7632
write$DEALLOC_MW	7633
write$DEALLOC_PD	7634
write$DEREG_MR	7635
write$DESTROY_AH	7636
write$DESTROY_CQ	7637
write$DESTROY_FLOW	7638
write$DESTROY_QP	7639
write$DESTROY_RWQ_IND_TBL	7640
write$DESTROY_SRQ	7641
write$DESTROY_WQ	7642
write$DETACH_MCAST	7643
write$FUSE_ATTR	7644
write$FUSE_BMAP	7645
write$FUSE_CREATE_OPEN	7646
write$FUSE_DIRENT	7647
write$FUSE_DIRENTPLUS	7648
write$FUSE_ENTRY	7649
write$FUSE_GETXATTR	7650
write$FUSE_INIT	7651
write$FUSE_INTERRUPT	7652
write$FUSE_IOCTL	7653
write$FUSE_LK	7654
write$FUSE_LSEEK	7655
write$FUSE_NOTIFY_DELETE	7656
write$FUSE_NOTIFY_INVAL_ENTRY	7657
write$FUSE_NOTIFY_INVAL_INODE	7658
write$FUSE_NOTIFY_POLL	7659
write$FUSE_NOTIFY_RESEND	7660
write$FUSE_NOTIFY_RETRIEVE	7661
write$FUSE_NOTIFY_STORE	7662
write$FUSE_OPEN	7663
write$FUSE_POLL	7664
write$FUSE_STATFS	7665
write$FUSE_STATX	7666
write$FUSE_WRITE	7667
write$MLX5_ALLOC_PD	7668
write$MLX5_CREATE_CQ	7669
write$MLX5_CREATE_DV_QP	7670
write$MLX5_CREATE_QP	7671
write$MLX5_CREATE_SRQ	7672
write$MLX5_CREATE_WQ	7673
write$MLX5_GET_CONTEXT	7674
write$MLX5_MODIFY_WQ	7675
write$MODIFY_QP	7676
write$MODIFY_SRQ	7677
write$OPEN_XRCD	7678
write$P9_RATTACH	7679
write$P9_RAUTH	7680
write$P9_RCLUNK	7681
write$P9_RCREATE	7682
write$P9_RFLUSH	7683
write$P9_RFSYNC	7684
write$P9_RGETATTR	7685
write$P9_RGETLOCK	7686
write$P9_RLCREATE	7687
write$P9_RLERROR	7688
write$P9_RLERRORu	7689
write$P9_RLINK	7690
write$P9_RLOCK	7691
write$P9_RLOPEN	7692
write$P9_RMKDIR	7693
write$P9_RMKNOD	7694
write$P9_ROPEN	7695
write$P9_RREAD	7696
write$P9_RREADDIR	7697
write$P9_RREADLINK	7698
write$P9_RREMOVE	7699
write$P9_RRENAME	7700
write$P9_RRENAMEAT	7701
write$P9_RSETATTR	7702
write$P9_RSTAT	7703
write$P9_RSTATFS	7704
write$P9_RSTATu	7705
write$P9_RSYMLINK	7706
write$P9_RUNLINKAT	7707
write$P9_RVERSION	7708
write$P9_RWALK	7709
write$P9_RWRITE	7710
write$P9_RWSTAT	7711
write$P9_RXATTRCREATE	7712
write$P9_RXATTRWALK	7713
write$POLL_CQ	7714
write$POST_RECV	7715
write$POST_SEND	7716
write$POST_SRQ_RECV	7717
write$QUERY_DEVICE_EX	7718
write$QUERY_PORT	7719
write$QUERY_QP	7720
write$QUERY_SRQ	7721
write$RDMA_USER_CM_CMD_ACCEPT	7722
write$RDMA_USER_CM_CMD_BIND	7723
write$RDMA_USER_CM_CMD_BIND_IP	7724
write$RDMA_USER_CM_CMD_CONNECT	7725
write$RDMA_USER_CM_CMD_CREATE_ID	7726
write$RDMA_USER_CM_CMD_DESTROY_ID	7727
write$RDMA_USER_CM_CMD_DISCONNECT	7728
write$RDMA_USER_CM_CMD_GET_EVENT	7729
write$RDMA_USER_CM_CMD_INIT_QP_ATTR	7730
write$RDMA_USER_CM_CMD_JOIN_IP_MCAST	7731
write$RDMA_USER_CM_CMD_JOIN_MCAST	7732
write$RDMA_USER_CM_CMD_LEAVE_MCAST	7733
write$RDMA_USER_CM_CMD_LISTEN	7734
write$RDMA_USER_CM_CMD_MIGRATE_ID	7735
write$RDMA_USER_CM_CMD_NOTIFY	7736
write$RDMA_USER_CM_CMD_QUERY	7737
write$RDMA_USER_CM_CMD_QUERY_ROUTE	7738
write$RDMA_USER_CM_CMD_REJECT	7739
write$RDMA_USER_CM_CMD_RESOLVE_ADDR	7740
write$RDMA_USER_CM_CMD_RESOLVE_IP	7741
write$RDMA_USER_CM_CMD_RESOLVE_ROUTE	7742
write$RDMA_USER_CM_CMD_SET_OPTION	7743
write$REG_MR	7744
write$REQ_NOTIFY_CQ	7745
write$REREG_MR	7746
write$RESIZE_CQ	7747
write$UHID_CREATE	7748
write$UHID_CREATE2	7749
write$UHID_DESTROY	7750
write$UHID_GET_REPORT_REPLY	7751
write$UHID_INPUT	7752
write$UHID_INPUT2	7753
write$UHID_SET_REPORT_REPLY	7754
write$USERIO_CMD_REGISTER	7755
write$USERIO_CMD_SEND_INTERRUPT	7756
write$USERIO_CMD_SET_PORT_TYPE	7757
write$apparmor_current	7758
write$apparmor_exec	7759
write$auto	7760
write$auto_adf_hb_cfg_fops_adf_heartbeat_dbgfs	7761
write$auto_aoe_fops_aoechr	7762
write$auto_blk_mq_debugfs_fops_blk_mq_debugfs	7763
write$auto_bm_entry_operations_binfmt_misc	7764
write$auto_bm_register_operations_binfmt_misc	7765
write$auto_bm_status_operations_binfmt_misc	7766
write$auto_buffer_percent_fops_trace	7767
write$auto_buffer_subbuf_size_fops_trace	7768
write$auto_cachefiles_daemon_fops_internal	7769
write$auto_clear_warn_once_fops_	7770
write$auto_configfs_file_operations_configfs_internal	7771
write$auto_console_fops_tty_io	7772
write$auto_cpu_latency_qos_fops_qos	7773
write$auto_ctl_device_fops_user	7774
write$auto_debugfs_full_proxy_file_operations_internal	7775
write$auto_def_blk_fops_fs	7776
write$auto_dev_fops_plock	7777
write$auto_dfs_global_fops_debug	7778
write$auto_dfs_sched_itmt_fops_itmt	7779
write$auto_drm_connector_fops_drm_debugfs	7780
write$auto_drm_crtc_crc_control_fops_drm_debugfs_crc	7781
write$auto_drm_edid_fops_drm_debugfs	7782
write$auto_dvb_dvr_fops_dmxdev	7783
write$auto_dynamic_events_ops_trace_dynevent	7784
write$auto_ecryptfs_miscdev_fops_miscdev	7785
write$auto_ep0_operations_inode	7786
write$auto_evdev_fops_evdev	7787
write$auto_event_inject_fops_trace	7788
write$auto_event_trigger_fops_trace	7789
write$auto_evm_key_ops_evm_secfs	7790
write$auto_evm_xattr_ops_evm_secfs	7791
write$auto_fake_panic_fops_	7792
write$auto_fault_around_bytes_fops_	7793
write$auto_fb_fops_fb_chrdev	7794
write$auto_fops_atomic_t_	7795
write$auto_fops_atomic_t_ro_	7796
write$auto_fops_blob_file	7797
write$auto_fops_init_pkru_pkeys	7798
write$auto_fops_u16_	7799
write$auto_fops_u32_	7800
write$auto_fops_u32_ro_	7801
write$auto_fops_u64_	7802
write$auto_fops_u64_ro_	7803
write$auto_fops_u8_	7804
write$auto_fops_ulong_ro_	7805
write$auto_fops_x16_ro_	7806
write$auto_fops_x64_ro_	7807
write$auto_force_devcoredump_fops_hci_vhci	7808
write$auto_force_suspend_fops_hci_vhci	7809
write$auto_force_wakeup_fops_hci_vhci	7810
write$auto_ftrace_enable_fops_trace_events	7811
write$auto_ftrace_event_filter_fops_trace_events	7812
write$auto_ftrace_set_event_fops_trace_events	7813
write$auto_ftrace_set_event_notrace_pid_fops_trace_events	7814
write$auto_ftrace_set_event_pid_fops_trace_events	7815
write$auto_ftrace_subsystem_filter_fops_trace_events	7816
write$auto_ftrace_system_enable_fops_trace_events	7817
write$auto_full_fops_mem	7818
write$auto_fuse_conn_congestion_threshold_ops_control	7819
write$auto_fuse_dev_operations_fuse_i	7820
write$auto_hwflags_ops_debugfs	7821
write$auto_hwsim_fops_group_	7822
write$auto_hwsim_fops_ps_	7823
write$auto_hwsim_fops_rx_rssi_	7824
write$auto_hwsim_simulate_radar_	7825
write$auto_i2cdev_fops_i2c_dev	7826
write$auto_ima_measure_policy_ops_ima_fs	7827
write$auto_kernel_debug_fops_orangefs_debugfs	7828
write$auto_kernfs_file_fops_kernfs_internal	7829
write$auto_kmsg_fops_printk	7830
write$auto_lockdown_ops_lockdown	7831
write$auto_lowpan_control_fops_6lowpan	7832
write$auto_lowpan_enable_fops_	7833
write$auto_lru_gen_rw_fops_vmscan	7834
write$auto_media_devnode_fops_mc_devnode	7835
write$auto_mousedev_fops_mousedev	7836
write$auto_msft_opcode_fops_	7837
write$auto_msr_fops_msr	7838
write$auto_mtd_fops_mtdchar	7839
write$auto_nsim_dev_health_break_fops_health	7840
write$auto_nsim_dev_max_vfs_fops_dev	7841
write$auto_nsim_dev_take_snapshot_fops_dev	7842
write$auto_nsim_dev_trap_fa_cookie_fops_dev	7843
write$auto_nsim_nexthop_bucket_activity_fops_fib	7844
write$auto_nsim_pp_hold_fops_netdev	7845
write$auto_nsim_psample_enable_fops_psample	7846
write$auto_nsim_udp_tunnels_info_reset_fops_udp_tunnels	7847
write$auto_null_fops_mem	7848
write$auto_nvmf_dev_fops_fabrics	7849
write$auto_nvram_misc_fops_nvram	7850
write$auto_ocfs2_control_fops_stack_user	7851
write$auto_ppp_device_fops_ppp_generic	7852
write$auto_proc_clear_refs_operations_internal	7853
write$auto_proc_coredump_filter_operations_base	7854
write$auto_proc_fail_nth_operations_base	7855
write$auto_proc_fault_inject_operations_base	7856
write$auto_proc_gid_map_operations_base	7857
write$auto_proc_iter_file_ops_compat_inode	7858
write$auto_proc_loginuid_operations_base	7859
write$auto_proc_mem_operations_base	7860
write$auto_proc_oom_adj_operations_base	7861
write$auto_proc_oom_score_adj_operations_base	7862
write$auto_proc_page_owner_threshold_	7863
write$auto_proc_pid_attr_operations_base	7864
write$auto_proc_pid_set_comm_operations_base	7865
write$auto_proc_pid_set_timerslack_ns_operations_base	7866
write$auto_proc_projid_map_operations_base	7867
write$auto_proc_reg_file_ops_compat_inode	7868
write$auto_proc_setgroups_operations_base	7869
write$auto_proc_sys_file_operations_proc_sysctl	7870
write$auto_proc_timens_offsets_operations_base	7871
write$auto_proc_uid_map_operations_base	7872
write$auto_qrtr_tun_ops_tun	7873
write$auto_random_fops_random	7874
write$auto_rb_simple_fops_trace	7875
write$auto_rfkill_fops_core	7876
write$auto_safesetid_gid_file_fops_securityfs	7877
write$auto_safesetid_uid_file_fops_securityfs	7878
write$auto_seq_oss_f_ops_seq_oss	7879
write$auto_set_tracer_fops_trace	7880
write$auto_severities_coverage_fops_severity	7881
write$auto_sg_fops_sg	7882
write$auto_smk_access2_ops_smackfs	7883
write$auto_smk_access_ops_smackfs	7884
write$auto_smk_ambient_ops_smackfs	7885
write$auto_smk_change_rule_ops_smackfs	7886
write$auto_smk_cipso2_ops_smackfs	7887
write$auto_smk_cipso_ops_smackfs	7888
write$auto_smk_direct_ops_smackfs	7889
write$auto_smk_doi_ops_smackfs	7890
write$auto_smk_load2_ops_smackfs	7891
write$auto_smk_load_ops_smackfs	7892
write$auto_smk_load_self2_ops_smackfs	7893
write$auto_smk_load_self_ops_smackfs	7894
write$auto_smk_logging_ops_smackfs	7895
write$auto_smk_mapped_ops_smackfs	7896
write$auto_smk_net4addr_ops_smackfs	7897
write$auto_smk_net6addr_ops_smackfs	7898
write$auto_smk_onlycap_ops_smackfs	7899
write$auto_smk_ptrace_ops_smackfs	7900
write$auto_smk_relabel_self_ops_smackfs	7901
write$auto_smk_revoke_subj_ops_smackfs	7902
write$auto_smk_syslog_ops_smackfs	7903
write$auto_snapshot_fops_user	7904
write$auto_snd_pcm_f_ops_pcm	7905
write$auto_snd_pcm_oss_f_reg_pcm_oss	7906
write$auto_snd_rawmidi_f_ops_rawmidi	7907
write$auto_snd_seq_f_ops_seq_clientmgr	7908
write$auto_split_huge_pages_fops_huge_memory	7909
write$auto_stat_fops_per_vm_kvm_main	7910
write$auto_tap_fops_tap	7911
write$auto_tomoyo_operations_securityfs_if	7912
write$auto_tomoyo_self_operations_securityfs_if	7913
write$auto_trace_clock_fops_trace	7914
write$auto_trace_options_core_fops_trace	7915
write$auto_trace_options_fops_trace	7916
write$auto_tracing_cpumask_fops_trace	7917
write$auto_tracing_entries_fops_trace	7918
write$auto_tracing_err_log_fops_trace	7919
write$auto_tracing_fops_trace	7920
write$auto_tracing_free_buffer_fops_trace	7921
write$auto_tracing_iter_fops_trace	7922
write$auto_tracing_mark_fops_trace	7923
write$auto_tracing_mark_raw_fops_trace	7924
write$auto_tracing_saved_cmdlines_size_fops_trace	7925
write$auto_tracing_thresh_fops_trace	7926
write$auto_tty_fops_tty_io	7927
write$auto_tun_fops_tun	7928
write$auto_ucma_fops_ucma	7929
write$auto_uhid_fops_uhid	7930
write$auto_uinput_fops_uinput	7931
write$auto_uprobe_events_ops_trace_uprobe	7932
write$auto_urandom_fops_random	7933
write$auto_userio_fops_userio	7934
write$auto_v4l2_fops_v4l2_dev	7935
write$auto_vcs_fops_vc_screen	7936
write$auto_vga_arb_device_fops_vgaarb	7937
write$auto_vhci_fops_hci_vhci	7938
write$auto_vhost_net_fops_net	7939
write$auto_vhost_vsock_fops_vsock	7940
write$auto_virtual_ncidev_fops_virtual_ncidev	7941
write$auto_zero_fops_mem	7942
write$binfmt_aout	7943
write$binfmt_elf32	7944
write$binfmt_elf64	7945
write$binfmt_format	7946
write$binfmt_misc	7947
write$binfmt_register	7948
write$binfmt_script	7949
write$bt_hci	7950
write$btrfs	7951
write$capi20	7952
write$capi20_data	7953
write$cgroup_devices	7954
write$cgroup_freezer_state	7955
write$cgroup_int	7956
write$cgroup_netprio_ifpriomap	7957
write$cgroup_pid	7958
write$cgroup_pressure	7959
write$cgroup_subtree	7960
write$cgroup_type	7961
write$char_usb	7962
write$damon_attrs	7963
write$damon_contexts	7964
write$damon_init_regions	7965
write$damon_monitor_on	7966
write$damon_schemes	7967
write$damon_target_ids	7968
write$dsp	7969
write$evdev	7970
write$eventfd	7971
write$fb	7972
write$hidraw	7973
write$input_event	7974
write$khugepaged_scan	7975
write$midi	7976
write$nbd	7977
write$nci	7978
write$ppp	7979
write$proc_mixer	7980
write$proc_reclaim	7981
write$qrtrtun	7982
write$rfkill	7983
write$selinux_access	7984
write$selinux_attr	7985
write$selinux_context	7986
write$selinux_create	7987
write$selinux_load	7988
write$selinux_user	7989
write$selinux_validatetrans	7990
write$sequencer	7991
write$smack_current	7992
write$smackfs_access	7993
write$smackfs_change_rule	7994
write$smackfs_cipso	7995
write$smackfs_cipsonum	7996
write$smackfs_ipv6host	7997
write$smackfs_label	7998
write$smackfs_labels_list	7999
write$smackfs_load	8000
write$smackfs_logging	8001
write$smackfs_netlabel	8002
write$smackfs_ptrace	8003
write$snapshot	8004
write$snddsp	8005
write$sndhw	8006
write$sndhw_fireworks	8007
write$sndseq	8008
write$sysctl	8009
write$tcp_congestion	8010
write$tcp_mem	8011
write$trusty	8012
write$trusty_avb	8013
write$trusty_gatekeeper	8014
write$trusty_hwkey	8015
write$trusty_hwrng	8016
write$trusty_km	8017
write$trusty_km_secure	8018
write$trusty_storage	8019
write$tun	8020
write$uinput_user_dev	8021
write$usbip_server	8022
write$vga_arbiter	8023
write$vhost_msg	8024
write$vhost_msg_v2	8025
write$yama_ptrace_scope	8026
writev	8027
writev$auto	8028
